epoch,runner_t_s,build_t_s,root_pid,tree_cpu_pct_sum,busy_core_equiv,normalized_8core_pct,process_count,rustc_count,cargo_count,build_script_count,max_process_cpu_pct,top_command
1780130663.911,65.579,0.911,93031,21.60,0.22,2.70,4,0,1,0,21.40,"/Users/txc/.rustup/toolchains/nightly-2026-04-27-aarch64-apple-darwin/bin/cargo build -p starryos --bin starryos --target aarch64-unknown-none-softfloat -Z build-std=core,alloc,compiler_builtins --target-dir /private/tmp/host-starryos-aligned-j8-target-20260530T164300-host-j8 --features qemu,gic-v3,cntv-timer,smp --release"
1780130664.977,66.645,1.977,93031,48.10,0.48,6.01,4,0,1,0,48.10,"/Users/txc/.rustup/toolchains/nightly-2026-04-27-aarch64-apple-darwin/bin/cargo build -p starryos --bin starryos --target aarch64-unknown-none-softfloat -Z build-std=core,alloc,compiler_builtins --target-dir /private/tmp/host-starryos-aligned-j8-target-20260530T164300-host-j8 --features qemu,gic-v3,cntv-timer,smp --release"
1780130666.637,68.305,3.637,93031,142.30,1.42,17.79,16,8,1,0,27.90,"/Users/txc/.rustup/toolchains/nightly-2026-04-27-aarch64-apple-darwin/bin/rustc --crate-name core --edition=2024 /Users/txc/.rustup/toolchains/nightly-2026-04-27-aarch64-apple-darwin/lib/rustlib/src/rust/library/core/src/lib.rs --error-format=json --json=diagnostic-rendered-ansi,artifacts,future-incompat --crate-type lib --emit=dep-info,metadata,link -C embed-bitcode=no -C codegen-units=256 --warn=unexpected_cfgs --check-cfg cfg(no_fp_fmt_parse) --check-cfg cfg(feature, values(any())) --check-cfg cfg(target_has_reliable_f16) --check-cfg cfg(target_has_reliable_f16_math) --check-cfg cfg(target_has_reliable_f128) --check-cfg cfg(target_has_reliable_f128_math) --check-cfg cfg(llvm_enzyme) -C debug-assertions=off --check-cfg cfg(docsrs,test) --check-cfg cfg(feature, values(""debug_refcell"", ""llvm_enzyme"", ""optimize_for_size"", ""panic_immediate_abort"")) -C metadata=99609ed0ab953cd5 -C extra-filename=-d9ef87706fa9a7f5 --out-dir /private/tmp/host-starryos-aligned-j8-target-20260530T164300-host-j8/aarch64-unknown-none-softfloat/release/deps --target aarch64-unknown-none-softfloat -C strip=debuginfo -Z force-unstable-if-unmarked -L dependency=/private/tmp/host-starryos-aligned-j8-target-20260530T164300-host-j8/aarch64-unknown-none-softfloat/release/deps -L dependency=/private/tmp/host-starryos-aligned-j8-target-20260530T164300-host-j8/release/deps --cap-lints allow -Clink-arg=-Tlinker.x -Clink-arg=-no-pie -Clink-arg=-znostart-stop-gc"
1780130668.062,69.730,5.062,93031,123.00,1.23,15.38,13,5,1,2,25.60,"/Users/txc/.rustup/toolchains/nightly-2026-04-27-aarch64-apple-darwin/bin/rustc --crate-name winnow --edition=2021 /Users/txc/.cargo/registry/src/index.crates.io-1949cf8c6b5b557f/winnow-0.7.15/src/lib.rs --error-format=json --json=diagnostic-rendered-ansi,artifacts,future-incompat --crate-type lib --emit=dep-info,metadata,link -C embed-bitcode=no --warn=rust_2018_idioms --warn=clippy::zero_sized_map_values --allow=clippy::wildcard_imports --warn=clippy::verbose_file_reads --warn=unused_macro_rules --warn=unused_lifetimes --warn=unsafe_op_in_unsafe_fn --warn=unreachable_pub --warn=unnameable_types --warn=clippy::uninlined_format_args --warn=clippy::trait_duplication_in_bounds --warn=clippy::todo --warn=clippy::string_lit_as_bytes --warn=clippy::string_add_assign --warn=clippy::string_add --warn=clippy::str_to_string --warn=clippy::semicolon_if_nothing_returned --warn=clippy::same_functions_in_if_condition --allow=clippy::result_large_err --warn=clippy::rest_pat_in_fully_bound_structs --warn=clippy::ref_option_ref --warn=clippy::redundant_feature_names --warn=clippy::rc_mutex --warn=clippy::ptr_as_ptr --warn=clippy::path_buf_push_overwrite --warn=clippy::negative_feature_names --warn=clippy::needless_for_each --allow=clippy::needless_continue --warn=clippy::mutex_integer --warn=clippy::mem_forget --warn=clippy::macro_use_imports --warn=clippy::lossy_float_literal --warn=clippy::linkedlist --allow=clippy::let_and_return --warn=clippy::large_types_passed_by_value --warn=clippy::large_stack_arrays --warn=clippy::large_digit_groups --warn=clippy::invalid_upcast_comparisons --warn=clippy::infinite_loop --warn=clippy::inefficient_to_string --warn=clippy::inconsistent_struct_constructor --warn=clippy::imprecise_flops --warn=clippy::implicit_clone --allow=clippy::if_same_then_else --warn=clippy::from_iter_instead_of_collect --warn=clippy::fn_params_excessive_bools --warn=clippy::float_cmp_const --warn=clippy::flat_map_option --warn=clippy::filter_map_next --warn=clippy::fallible_impl_from --warn=clippy::explicit_into_iter_loop --warn=clippy::explicit_deref_methods --warn=clippy::expl_impl_clone_on_copy --warn=clippy::enum_glob_use --warn=clippy::empty_enums --warn=clippy::doc_markdown --warn=clippy::debug_assert_with_mut_call --warn=clippy::dbg_macro --warn=clippy::create_dir --allow=clippy::collapsible_else_if --warn=clippy::checked_conversions --allow=clippy::branches_sharing_code --allow=clippy::bool_assert_comparison -C debug-assertions=off --cfg feature=""alloc"" --cfg feature=""default"" --cfg feature=""std"" --check-cfg cfg(docsrs,test) --check-cfg cfg(feature, values(""alloc"", ""debug"", ""default"", ""simd"", ""std"", ""unstable-doc"", ""unstable-recover"")) -C metadata=741bda5561456673 -C extra-filename=-383f383c761a651b --out-dir /private/tmp/host-starryos-aligned-j8-target-20260530T164300-host-j8/release/deps -C strip=debuginfo -L dependency=/private/tmp/host-starryos-aligned-j8-target-20260530T164300-host-j8/release/deps --cap-lints allow"
1780130669.153,70.821,6.153,93031,220.30,2.20,27.54,12,6,1,2,44.60,"/Users/txc/.rustup/toolchains/nightly-2026-04-27-aarch64-apple-darwin/bin/rustc --crate-name proc_macro2 --edition=2021 /Users/txc/.cargo/registry/src/index.crates.io-1949cf8c6b5b557f/proc-macro2-1.0.106/src/lib.rs --error-format=json --json=diagnostic-rendered-ansi,artifacts,future-incompat --crate-type lib --emit=dep-info,metadata,link -C embed-bitcode=no -C debug-assertions=off --cfg feature=""default"" --cfg feature=""proc-macro"" --check-cfg cfg(docsrs,test) --check-cfg cfg(feature, values(""default"", ""nightly"", ""proc-macro"", ""span-locations"")) -C metadata=3c5ce7fe97708f45 -C extra-filename=-8c6fa12d1dd53952 --out-dir /private/tmp/host-starryos-aligned-j8-target-20260530T164300-host-j8/release/deps -C strip=debuginfo -L dependency=/private/tmp/host-starryos-aligned-j8-target-20260530T164300-host-j8/release/deps --extern unicode_ident=/private/tmp/host-starryos-aligned-j8-target-20260530T164300-host-j8/release/deps/libunicode_ident-66bdfb5a88f837c1.rmeta --cap-lints allow --cfg wrap_proc_macro --cfg proc_macro_span --cfg proc_macro_span_location --cfg proc_macro_span_file --check-cfg cfg(fuzzing) --check-cfg cfg(no_is_available) --check-cfg cfg(no_literal_byte_character) --check-cfg cfg(no_literal_c_string) --check-cfg cfg(no_source_text) --check-cfg cfg(proc_macro_span) --check-cfg cfg(proc_macro_span_file) --check-cfg cfg(proc_macro_span_location) --check-cfg cfg(procmacro2_backtrace) --check-cfg cfg(procmacro2_build_probe) --check-cfg cfg(procmacro2_nightly_testing) --check-cfg cfg(procmacro2_semver_exempt) --check-cfg cfg(randomize_layout) --check-cfg cfg(span_locations) --check-cfg cfg(super_unstable) --check-cfg cfg(wrap_proc_macro)"
1780130670.252,71.920,7.252,93031,215.90,2.16,26.99,12,6,1,2,39.00,"/Users/txc/.rustup/toolchains/nightly-2026-04-27-aarch64-apple-darwin/bin/rustc --crate-name serde_core --edition=2021 /Users/txc/.cargo/registry/src/index.crates.io-1949cf8c6b5b557f/serde_core-1.0.228/src/lib.rs --error-format=json --json=diagnostic-rendered-ansi,artifacts,future-incompat --crate-type lib --emit=dep-info,metadata,link -C embed-bitcode=no -C debug-assertions=off --cfg feature=""alloc"" --cfg feature=""std"" --check-cfg cfg(docsrs,test) --check-cfg cfg(feature, values(""alloc"", ""default"", ""rc"", ""result"", ""std"", ""unstable"")) -C metadata=171f59720df0efca -C extra-filename=-f3f9562e98b9724e --out-dir /private/tmp/host-starryos-aligned-j8-target-20260530T164300-host-j8/release/deps -C strip=debuginfo -L dependency=/private/tmp/host-starryos-aligned-j8-target-20260530T164300-host-j8/release/deps --cap-lints allow --check-cfg cfg(if_docsrs_then_no_serde_core) --check-cfg cfg(no_core_cstr) --check-cfg cfg(no_core_error) --check-cfg cfg(no_core_net) --check-cfg cfg(no_core_num_saturating) --check-cfg cfg(no_diagnostic_namespace) --check-cfg cfg(no_serde_derive) --check-cfg cfg(no_std_atomic) --check-cfg cfg(no_std_atomic64) --check-cfg cfg(no_target_has_atomic)"
1780130671.549,73.217,8.549,93031,236.20,2.36,29.52,12,6,1,2,49.60,"/Users/txc/.rustup/toolchains/nightly-2026-04-27-aarch64-apple-darwin/bin/rustc --crate-name syn --edition=2021 /Users/txc/.cargo/registry/src/index.crates.io-1949cf8c6b5b557f/syn-2.0.117/src/lib.rs --error-format=json --json=diagnostic-rendered-ansi,artifacts,future-incompat --crate-type lib --emit=dep-info,metadata,link -C embed-bitcode=no -C debug-assertions=off --cfg feature=""clone-impls"" --cfg feature=""default"" --cfg feature=""derive"" --cfg feature=""extra-traits"" --cfg feature=""full"" --cfg feature=""parsing"" --cfg feature=""printing"" --cfg feature=""proc-macro"" --cfg feature=""visit"" --cfg feature=""visit-mut"" --check-cfg cfg(docsrs,test) --check-cfg cfg(feature, values(""clone-impls"", ""default"", ""derive"", ""extra-traits"", ""fold"", ""full"", ""parsing"", ""printing"", ""proc-macro"", ""test"", ""visit"", ""visit-mut"")) -C metadata=86a44fcf25e406d0 -C extra-filename=-9cc41db5b623a5dd --out-dir /private/tmp/host-starryos-aligned-j8-target-20260530T164300-host-j8/release/deps -C strip=debuginfo -L dependency=/private/tmp/host-starryos-aligned-j8-target-20260530T164300-host-j8/release/deps --extern proc_macro2=/private/tmp/host-starryos-aligned-j8-target-20260530T164300-host-j8/release/deps/libproc_macro2-8c6fa12d1dd53952.rmeta --extern quote=/private/tmp/host-starryos-aligned-j8-target-20260530T164300-host-j8/release/deps/libquote-1e9006a01f58845d.rmeta --extern unicode_ident=/private/tmp/host-starryos-aligned-j8-target-20260530T164300-host-j8/release/deps/libunicode_ident-66bdfb5a88f837c1.rmeta --cap-lints allow"
1780130672.687,74.355,9.687,93031,239.10,2.39,29.89,13,6,1,1,42.90,"/Users/txc/.rustup/toolchains/nightly-2026-04-27-aarch64-apple-darwin/bin/rustc --crate-name clap_builder --edition=2024 /Users/txc/.cargo/registry/src/index.crates.io-1949cf8c6b5b557f/clap_builder-4.6.0/src/lib.rs --error-format=json --json=diagnostic-rendered-ansi,artifacts,future-incompat --crate-type lib --emit=dep-info,metadata,link -C embed-bitcode=no --warn=rust_2018_idioms --warn=clippy::zero_sized_map_values --warn=clippy::verbose_file_reads --warn=unused_qualifications --warn=unused_macro_rules --warn=unused_lifetimes --warn=unsafe_op_in_unsafe_fn --warn=unreachable_pub --allow=unnameable_types --warn=clippy::uninlined_format_args --warn=clippy::trait_duplication_in_bounds --warn=clippy::todo --warn=clippy::string_lit_as_bytes --warn=clippy::string_add_assign --warn=clippy::semicolon_if_nothing_returned --warn=clippy::self_named_module_files --warn=clippy::same_functions_in_if_condition --allow=clippy::result_large_err --warn=clippy::rest_pat_in_fully_bound_structs --warn=clippy::ref_option_ref --warn=clippy::redundant_feature_names --warn=clippy::rc_mutex --warn=clippy::ptr_as_ptr --warn=clippy::path_buf_push_overwrite --warn=clippy::negative_feature_names --warn=clippy::needless_for_each --allow=clippy::needless_continue --warn=clippy::mutex_integer --allow=clippy::multiple_bound_locations --warn=clippy::mem_forget --warn=clippy::macro_use_imports --warn=clippy::lossy_float_literal --warn=clippy::linkedlist --allow=clippy::let_and_return --warn=clippy::large_types_passed_by_value --warn=clippy::large_stack_arrays --warn=clippy::large_digit_groups --warn=clippy::invalid_upcast_comparisons --warn=clippy::infinite_loop --warn=clippy::inefficient_to_string --warn=clippy::inconsistent_struct_constructor --warn=clippy::imprecise_flops --warn=clippy::implicit_clone --allow=clippy::if_same_then_else --warn=clippy::from_iter_instead_of_collect --warn=clippy::fn_params_excessive_bools --warn=clippy::float_cmp_const --warn=clippy::flat_map_option --warn=clippy::filter_map_next --warn=clippy::fallible_impl_from --warn=clippy::explicit_into_iter_loop --warn=clippy::explicit_deref_methods --warn=clippy::expl_impl_clone_on_copy --warn=clippy::enum_glob_use --warn=clippy::empty_enums --warn=clippy::doc_markdown --warn=clippy::debug_assert_with_mut_call --warn=clippy::dbg_macro --warn=clippy::create_dir --allow=clippy::collapsible_else_if --warn=clippy::checked_conversions --allow=clippy::branches_sharing_code --allow=clippy::bool_assert_comparison --allow=clippy::blocks_in_conditions --allow=clippy::assigning_clones -C debug-assertions=off --cfg feature=""color"" --cfg feature=""error-context"" --cfg feature=""help"" --cfg feature=""std"" --cfg feature=""suggestions"" --cfg feature=""usage"" --check-cfg cfg(docsrs,test) --check-cfg cfg(feature, values(""cargo"", ""color"", ""debug"", ""default"", ""deprecated"", ""env"", ""error-context"", ""help"", ""std"", ""string"", ""suggestions"", ""unicode"", ""unstable-doc"", ""unstable-ext"", ""unstable-styles"", ""unstable-v5"", ""usage"", ""wrap_help"")) -C metadata=ecd917ebbdaf3b64 -C extra-filename=-a5c413c35bef2f4e --out-dir /private/tmp/host-starryos-aligned-j8-target-20260530T164300-host-j8/release/deps -C strip=debuginfo -L dependency=/private/tmp/host-starryos-aligned-j8-target-20260530T164300-host-j8/release/deps --extern anstream=/private/tmp/host-starryos-aligned-j8-target-20260530T164300-host-j8/release/deps/libanstream-1226c133e1e73fae.rmeta --extern anstyle=/private/tmp/host-starryos-aligned-j8-target-20260530T164300-host-j8/release/deps/libanstyle-2d3b63a83c5687ed.rmeta --extern clap_lex=/private/tmp/host-starryos-aligned-j8-target-20260530T164300-host-j8/release/deps/libclap_lex-fbefd48ac51c735b.rmeta --extern strsim=/private/tmp/host-starryos-aligned-j8-target-20260530T164300-host-j8/release/deps/libstrsim-4546d0b60e09b153.rmeta --cap-lints allow"
1780130674.007,75.675,11.007,93031,133.70,1.34,16.71,12,7,1,0,26.70,"/Users/txc/.rustup/toolchains/nightly-2026-04-27-aarch64-apple-darwin/bin/rustc --crate-name toml_parser --edition=2024 /Users/txc/.cargo/registry/src/index.crates.io-1949cf8c6b5b557f/toml_parser-1.1.2+spec-1.1.0/src/lib.rs --error-format=json --json=diagnostic-rendered-ansi,artifacts,future-incompat --crate-type lib --emit=dep-info,metadata,link -C embed-bitcode=no --warn=rust_2018_idioms --warn=clippy::zero_sized_map_values --warn=clippy::wildcard_imports --warn=clippy::verbose_file_reads --warn=clippy::use_self --warn=unused_qualifications --warn=unused_macro_rules --warn=unused_lifetimes --warn=unsafe_op_in_unsafe_fn --warn=unreachable_pub --allow=unnameable_types --warn=clippy::uninlined_format_args --warn=clippy::trait_duplication_in_bounds --warn=clippy::todo --warn=clippy::string_lit_as_bytes --warn=clippy::string_add_assign --warn=clippy::string_add --warn=clippy::str_to_string --warn=clippy::semicolon_if_nothing_returned --warn=clippy::self_named_module_files --warn=clippy::same_functions_in_if_condition --allow=clippy::result_large_err --warn=clippy::rest_pat_in_fully_bound_structs --warn=clippy::ref_option_ref --warn=clippy::redundant_feature_names --warn=clippy::rc_mutex --warn=clippy::ptr_as_ptr --warn=clippy::path_buf_push_overwrite --warn=clippy::negative_feature_names --warn=clippy::needless_for_each --allow=clippy::needless_continue --allow=clippy::needless_bool --warn=clippy::mutex_integer --warn=clippy::mem_forget --warn=clippy::macro_use_imports --warn=clippy::lossy_float_literal --warn=clippy::linkedlist --allow=clippy::let_and_return --warn=clippy::large_types_passed_by_value --warn=clippy::large_stack_arrays --warn=clippy::large_digit_groups --warn=clippy::invalid_upcast_comparisons --warn=clippy::infinite_loop --warn=clippy::inefficient_to_string --warn=clippy::inconsistent_struct_constructor --warn=clippy::imprecise_flops --warn=clippy::implicit_clone --allow=clippy::if_same_then_else --allow=clippy::get_first --warn=clippy::from_iter_instead_of_collect --warn=clippy::fn_params_excessive_bools --warn=clippy::float_cmp_const --warn=clippy::flat_map_option --warn=clippy::filter_map_next --warn=clippy::fallible_impl_from --warn=clippy::explicit_into_iter_loop --warn=clippy::explicit_deref_methods --warn=clippy::expl_impl_clone_on_copy --warn=clippy::enum_glob_use --warn=clippy::empty_enums --warn=clippy::doc_markdown --warn=clippy::debug_assert_with_mut_call --warn=clippy::dbg_macro --warn=clippy::create_dir --allow=clippy::collapsible_else_if --warn=clippy::checked_conversions --allow=clippy::branches_sharing_code --allow=clippy::bool_assert_comparison -C debug-assertions=off --cfg feature=""alloc"" --cfg feature=""std"" --check-cfg cfg(docsrs,test) --check-cfg cfg(feature, values(""alloc"", ""debug"", ""default"", ""simd"", ""std"", ""unsafe"")) -C metadata=4f6e47127597177d -C extra-filename=-5e4950a2539b7bb3 --out-dir /private/tmp/host-starryos-aligned-j8-target-20260530T164300-host-j8/release/deps -C strip=debuginfo -L dependency=/private/tmp/host-starryos-aligned-j8-target-20260530T164300-host-j8/release/deps --extern winnow=/private/tmp/host-starryos-aligned-j8-target-20260530T164300-host-j8/release/deps/libwinnow-c62651984718f65c.rmeta --cap-lints allow"
1780130675.233,76.901,12.233,93031,146.10,1.46,18.26,14,5,1,2,30.70,"/Users/txc/.rustup/toolchains/nightly-2026-04-27-aarch64-apple-darwin/bin/rustc --crate-name toml_edit --edition=2021 /Users/txc/.cargo/registry/src/index.crates.io-1949cf8c6b5b557f/toml_edit-0.22.27/src/lib.rs --error-format=json --json=diagnostic-rendered-ansi,artifacts,future-incompat --crate-type lib --emit=dep-info,metadata,link -C embed-bitcode=no --warn=rust_2018_idioms --warn=clippy::zero_sized_map_values --warn=clippy::wildcard_imports --warn=clippy::verbose_file_reads --warn=unused_qualifications --warn=unused_macro_rules --warn=unused_lifetimes --warn=unsafe_op_in_unsafe_fn --warn=unreachable_pub --allow=unnameable_types --warn=clippy::uninlined_format_args --warn=clippy::trait_duplication_in_bounds --warn=clippy::todo --warn=clippy::string_to_string --warn=clippy::string_lit_as_bytes --warn=clippy::string_add_assign --warn=clippy::string_add --warn=clippy::str_to_string --warn=clippy::semicolon_if_nothing_returned --warn=clippy::self_named_module_files --warn=clippy::same_functions_in_if_condition --allow=clippy::result_large_err --warn=clippy::rest_pat_in_fully_bound_structs --warn=clippy::ref_option_ref --warn=clippy::redundant_feature_names --warn=clippy::rc_mutex --warn=clippy::ptr_as_ptr --warn=clippy::path_buf_push_overwrite --warn=clippy::negative_feature_names --warn=clippy::needless_for_each --allow=clippy::needless_continue --warn=clippy::mutex_integer --warn=clippy::mem_forget --warn=clippy::macro_use_imports --warn=clippy::lossy_float_literal --warn=clippy::linkedlist --allow=clippy::let_and_return --warn=clippy::large_types_passed_by_value --warn=clippy::large_stack_arrays --warn=clippy::large_digit_groups --warn=clippy::invalid_upcast_comparisons --warn=clippy::infinite_loop --warn=clippy::inefficient_to_string --warn=clippy::inconsistent_struct_constructor --warn=clippy::imprecise_flops --warn=clippy::implicit_clone --allow=clippy::if_same_then_else --warn=clippy::from_iter_instead_of_collect --warn=clippy::fn_params_excessive_bools --warn=clippy::float_cmp_const --warn=clippy::flat_map_option --warn=clippy::filter_map_next --warn=clippy::fallible_impl_from --warn=clippy::explicit_into_iter_loop --warn=clippy::explicit_deref_methods --warn=clippy::expl_impl_clone_on_copy --warn=clippy::enum_glob_use --warn=clippy::empty_enum --warn=clippy::doc_markdown --warn=clippy::debug_assert_with_mut_call --warn=clippy::dbg_macro --warn=clippy::create_dir --allow=clippy::collapsible_else_if --warn=clippy::checked_conversions --allow=clippy::branches_sharing_code --allow=clippy::bool_assert_comparison -C debug-assertions=off --cfg feature=""default"" --cfg feature=""display"" --cfg feature=""parse"" --check-cfg cfg(docsrs,test) --check-cfg cfg(feature, values(""default"", ""display"", ""parse"", ""perf"", ""serde"", ""unbounded"", ""unstable-debug"")) -C metadata=a589a7aa96471bf0 -C extra-filename=-15d623e5eac8725f --out-dir /private/tmp/host-starryos-aligned-j8-target-20260530T164300-host-j8/release/deps -C strip=debuginfo -L dependency=/private/tmp/host-starryos-aligned-j8-target-20260530T164300-host-j8/release/deps --extern indexmap=/private/tmp/host-starryos-aligned-j8-target-20260530T164300-host-j8/release/deps/libindexmap-c851b356674006f1.rmeta --extern toml_datetime=/private/tmp/host-starryos-aligned-j8-target-20260530T164300-host-j8/release/deps/libtoml_datetime-ea95fde00cc118f7.rmeta --extern toml_write=/private/tmp/host-starryos-aligned-j8-target-20260530T164300-host-j8/release/deps/libtoml_write-da672ac1a2af67a4.rmeta --extern winnow=/private/tmp/host-starryos-aligned-j8-target-20260530T164300-host-j8/release/deps/libwinnow-383f383c761a651b.rmeta --cap-lints allow"
1780130676.454,78.122,13.454,93031,102.60,1.03,12.82,12,6,1,2,24.00,"/Users/txc/.rustup/toolchains/nightly-2026-04-27-aarch64-apple-darwin/bin/rustc --crate-name serde_core --edition=2021 /Users/txc/.cargo/registry/src/index.crates.io-1949cf8c6b5b557f/serde_core-1.0.228/src/lib.rs --error-format=json --json=diagnostic-rendered-ansi,artifacts,future-incompat --crate-type lib --emit=dep-info,metadata,link -C embed-bitcode=no -C debug-assertions=off --cfg feature=""alloc"" --cfg feature=""std"" --check-cfg cfg(docsrs,test) --check-cfg cfg(feature, values(""alloc"", ""default"", ""rc"", ""result"", ""std"", ""unstable"")) -C metadata=171f59720df0efca -C extra-filename=-f3f9562e98b9724e --out-dir /private/tmp/host-starryos-aligned-j8-target-20260530T164300-host-j8/release/deps -C strip=debuginfo -L dependency=/private/tmp/host-starryos-aligned-j8-target-20260530T164300-host-j8/release/deps --cap-lints allow --check-cfg cfg(if_docsrs_then_no_serde_core) --check-cfg cfg(no_core_cstr) --check-cfg cfg(no_core_error) --check-cfg cfg(no_core_net) --check-cfg cfg(no_core_num_saturating) --check-cfg cfg(no_diagnostic_namespace) --check-cfg cfg(no_serde_derive) --check-cfg cfg(no_std_atomic) --check-cfg cfg(no_std_atomic64) --check-cfg cfg(no_target_has_atomic)"
1780130677.548,79.216,14.548,93031,178.30,1.78,22.29,12,4,1,4,48.60,"/Users/txc/.rustup/toolchains/nightly-2026-04-27-aarch64-apple-darwin/bin/rustc --crate-name serde_core --edition=2021 /Users/txc/.cargo/registry/src/index.crates.io-1949cf8c6b5b557f/serde_core-1.0.228/src/lib.rs --error-format=json --json=diagnostic-rendered-ansi,artifacts,future-incompat --crate-type lib --emit=dep-info,metadata,link -C embed-bitcode=no -C debug-assertions=off --cfg feature=""alloc"" --cfg feature=""std"" --check-cfg cfg(docsrs,test) --check-cfg cfg(feature, values(""alloc"", ""default"", ""rc"", ""result"", ""std"", ""unstable"")) -C metadata=171f59720df0efca -C extra-filename=-f3f9562e98b9724e --out-dir /private/tmp/host-starryos-aligned-j8-target-20260530T164300-host-j8/release/deps -C strip=debuginfo -L dependency=/private/tmp/host-starryos-aligned-j8-target-20260530T164300-host-j8/release/deps --cap-lints allow --check-cfg cfg(if_docsrs_then_no_serde_core) --check-cfg cfg(no_core_cstr) --check-cfg cfg(no_core_error) --check-cfg cfg(no_core_net) --check-cfg cfg(no_core_num_saturating) --check-cfg cfg(no_diagnostic_namespace) --check-cfg cfg(no_serde_derive) --check-cfg cfg(no_std_atomic) --check-cfg cfg(no_std_atomic64) --check-cfg cfg(no_target_has_atomic)"
1780130679.157,80.825,16.157,93031,42.50,0.42,5.31,12,4,1,4,14.60,"/Users/txc/.rustup/toolchains/nightly-2026-04-27-aarch64-apple-darwin/bin/rustc --crate-name toml_datetime --edition=2024 /Users/txc/.cargo/registry/src/index.crates.io-1949cf8c6b5b557f/toml_datetime-1.1.1+spec-1.1.0/src/lib.rs --error-format=json --json=diagnostic-rendered-ansi,artifacts,future-incompat --crate-type lib --emit=dep-info,metadata,link -C embed-bitcode=no --warn=rust_2018_idioms --warn=clippy::zero_sized_map_values --warn=clippy::wildcard_imports --warn=clippy::verbose_file_reads --warn=clippy::use_self --warn=unused_qualifications --warn=unused_macro_rules --warn=unused_lifetimes --warn=unsafe_op_in_unsafe_fn --warn=unreachable_pub --allow=unnameable_types --warn=clippy::uninlined_format_args --warn=clippy::trait_duplication_in_bounds --warn=clippy::todo --warn=clippy::string_lit_as_bytes --warn=clippy::string_add_assign --warn=clippy::string_add --warn=clippy::str_to_string --warn=clippy::semicolon_if_nothing_returned --warn=clippy::self_named_module_files --warn=clippy::same_functions_in_if_condition --allow=clippy::result_large_err --warn=clippy::rest_pat_in_fully_bound_structs --warn=clippy::ref_option_ref --warn=clippy::redundant_feature_names --warn=clippy::rc_mutex --warn=clippy::ptr_as_ptr --warn=clippy::path_buf_push_overwrite --warn=clippy::negative_feature_names --warn=clippy::needless_for_each --allow=clippy::needless_continue --allow=clippy::needless_bool --warn=clippy::mutex_integer --warn=clippy::mem_forget --warn=clippy::macro_use_imports --warn=clippy::lossy_float_literal --warn=clippy::linkedlist --allow=clippy::let_and_return --warn=clippy::large_types_passed_by_value --warn=clippy::large_stack_arrays --warn=clippy::large_digit_groups --warn=clippy::invalid_upcast_comparisons --warn=clippy::infinite_loop --warn=clippy::inefficient_to_string --warn=clippy::inconsistent_struct_constructor --warn=clippy::imprecise_flops --warn=clippy::implicit_clone --allow=clippy::if_same_then_else --allow=clippy::get_first --warn=clippy::from_iter_instead_of_collect --warn=clippy::fn_params_excessive_bools --warn=clippy::float_cmp_const --warn=clippy::flat_map_option --warn=clippy::filter_map_next --warn=clippy::fallible_impl_from --warn=clippy::explicit_into_iter_loop --warn=clippy::explicit_deref_methods --warn=clippy::expl_impl_clone_on_copy --warn=clippy::enum_glob_use --warn=clippy::empty_enums --warn=clippy::doc_markdown --warn=clippy::debug_assert_with_mut_call --warn=clippy::dbg_macro --warn=clippy::create_dir --allow=clippy::collapsible_else_if --warn=clippy::checked_conversions --allow=clippy::branches_sharing_code --allow=clippy::bool_assert_comparison -C debug-assertions=off --cfg feature=""alloc"" --cfg feature=""serde"" --cfg feature=""std"" --check-cfg cfg(docsrs,test) --check-cfg cfg(feature, values(""alloc"", ""default"", ""serde"", ""std"")) -C metadata=fbd086b54dcda6a6 -C extra-filename=-8bd1b5ee2b8f7202 --out-dir /private/tmp/host-starryos-aligned-j8-target-20260530T164300-host-j8/release/deps -C strip=debuginfo -L dependency=/private/tmp/host-starryos-aligned-j8-target-20260530T164300-host-j8/release/deps --extern serde_core=/private/tmp/host-starryos-aligned-j8-target-20260530T164300-host-j8/release/deps/libserde_core-f3f9562e98b9724e.rmeta --cap-lints allow"
1780130680.792,82.460,17.792,93031,105.50,1.05,13.19,12,4,1,2,27.50,"/Users/txc/.rustup/toolchains/nightly-2026-04-27-aarch64-apple-darwin/bin/rustc --crate-name core --edition=2024 /Users/txc/.rustup/toolchains/nightly-2026-04-27-aarch64-apple-darwin/lib/rustlib/src/rust/library/core/src/lib.rs --error-format=json --json=diagnostic-rendered-ansi,artifacts,future-incompat --crate-type lib --emit=dep-info,metadata,link -C embed-bitcode=no -C codegen-units=256 --warn=unexpected_cfgs --check-cfg cfg(no_fp_fmt_parse) --check-cfg cfg(feature, values(any())) --check-cfg cfg(target_has_reliable_f16) --check-cfg cfg(target_has_reliable_f16_math) --check-cfg cfg(target_has_reliable_f128) --check-cfg cfg(target_has_reliable_f128_math) --check-cfg cfg(llvm_enzyme) -C debug-assertions=off --check-cfg cfg(docsrs,test) --check-cfg cfg(feature, values(""debug_refcell"", ""llvm_enzyme"", ""optimize_for_size"", ""panic_immediate_abort"")) -C metadata=99609ed0ab953cd5 -C extra-filename=-d9ef87706fa9a7f5 --out-dir /private/tmp/host-starryos-aligned-j8-target-20260530T164300-host-j8/aarch64-unknown-none-softfloat/release/deps --target aarch64-unknown-none-softfloat -C strip=debuginfo -Z force-unstable-if-unmarked -L dependency=/private/tmp/host-starryos-aligned-j8-target-20260530T164300-host-j8/aarch64-unknown-none-softfloat/release/deps -L dependency=/private/tmp/host-starryos-aligned-j8-target-20260530T164300-host-j8/release/deps --cap-lints allow -Clink-arg=-Tlinker.x -Clink-arg=-no-pie -Clink-arg=-znostart-stop-gc"
1780130682.666,84.334,19.666,93031,83.80,0.84,10.47,13,6,1,0,19.20,"/Users/txc/.rustup/toolchains/nightly-2026-04-27-aarch64-apple-darwin/bin/rustc --crate-name syn --edition=2021 /Users/txc/.cargo/registry/src/index.crates.io-1949cf8c6b5b557f/syn-2.0.117/src/lib.rs --error-format=json --json=diagnostic-rendered-ansi,artifacts,future-incompat --crate-type lib --emit=dep-info,metadata,link -C embed-bitcode=no -C debug-assertions=off --cfg feature=""clone-impls"" --cfg feature=""default"" --cfg feature=""derive"" --cfg feature=""extra-traits"" --cfg feature=""full"" --cfg feature=""parsing"" --cfg feature=""printing"" --cfg feature=""proc-macro"" --cfg feature=""visit"" --cfg feature=""visit-mut"" --check-cfg cfg(docsrs,test) --check-cfg cfg(feature, values(""clone-impls"", ""default"", ""derive"", ""extra-traits"", ""fold"", ""full"", ""parsing"", ""printing"", ""proc-macro"", ""test"", ""visit"", ""visit-mut"")) -C metadata=86a44fcf25e406d0 -C extra-filename=-9cc41db5b623a5dd --out-dir /private/tmp/host-starryos-aligned-j8-target-20260530T164300-host-j8/release/deps -C strip=debuginfo -L dependency=/private/tmp/host-starryos-aligned-j8-target-20260530T164300-host-j8/release/deps --extern proc_macro2=/private/tmp/host-starryos-aligned-j8-target-20260530T164300-host-j8/release/deps/libproc_macro2-8c6fa12d1dd53952.rmeta --extern quote=/private/tmp/host-starryos-aligned-j8-target-20260530T164300-host-j8/release/deps/libquote-1e9006a01f58845d.rmeta --extern unicode_ident=/private/tmp/host-starryos-aligned-j8-target-20260530T164300-host-j8/release/deps/libunicode_ident-66bdfb5a88f837c1.rmeta --cap-lints allow"
1780130683.853,85.521,20.853,93031,184.00,1.84,23.00,12,7,1,1,34.50,"/Users/txc/.rustup/toolchains/nightly-2026-04-27-aarch64-apple-darwin/bin/rustc --crate-name core --edition=2024 /Users/txc/.rustup/toolchains/nightly-2026-04-27-aarch64-apple-darwin/lib/rustlib/src/rust/library/core/src/lib.rs --error-format=json --json=diagnostic-rendered-ansi,artifacts,future-incompat --crate-type lib --emit=dep-info,metadata,link -C embed-bitcode=no -C codegen-units=256 --warn=unexpected_cfgs --check-cfg cfg(no_fp_fmt_parse) --check-cfg cfg(feature, values(any())) --check-cfg cfg(target_has_reliable_f16) --check-cfg cfg(target_has_reliable_f16_math) --check-cfg cfg(target_has_reliable_f128) --check-cfg cfg(target_has_reliable_f128_math) --check-cfg cfg(llvm_enzyme) -C debug-assertions=off --check-cfg cfg(docsrs,test) --check-cfg cfg(feature, values(""debug_refcell"", ""llvm_enzyme"", ""optimize_for_size"", ""panic_immediate_abort"")) -C metadata=99609ed0ab953cd5 -C extra-filename=-d9ef87706fa9a7f5 --out-dir /private/tmp/host-starryos-aligned-j8-target-20260530T164300-host-j8/aarch64-unknown-none-softfloat/release/deps --target aarch64-unknown-none-softfloat -C strip=debuginfo -Z force-unstable-if-unmarked -L dependency=/private/tmp/host-starryos-aligned-j8-target-20260530T164300-host-j8/aarch64-unknown-none-softfloat/release/deps -L dependency=/private/tmp/host-starryos-aligned-j8-target-20260530T164300-host-j8/release/deps --cap-lints allow -Clink-arg=-Tlinker.x -Clink-arg=-no-pie -Clink-arg=-znostart-stop-gc"
1780130684.989,86.657,21.989,93031,135.70,1.36,16.96,12,7,1,1,42.40,"/Users/txc/.rustup/toolchains/nightly-2026-04-27-aarch64-apple-darwin/bin/rustc --crate-name syn --edition=2018 /Users/txc/.cargo/registry/src/index.crates.io-1949cf8c6b5b557f/syn-1.0.109/src/lib.rs --error-format=json --json=diagnostic-rendered-ansi,artifacts,future-incompat --crate-type lib --emit=dep-info,metadata,link -C embed-bitcode=no -C debug-assertions=off --cfg feature=""clone-impls"" --cfg feature=""default"" --cfg feature=""derive"" --cfg feature=""extra-traits"" --cfg feature=""full"" --cfg feature=""parsing"" --cfg feature=""printing"" --cfg feature=""proc-macro"" --cfg feature=""quote"" --check-cfg cfg(docsrs,test) --check-cfg cfg(feature, values(""clone-impls"", ""default"", ""derive"", ""extra-traits"", ""fold"", ""full"", ""parsing"", ""printing"", ""proc-macro"", ""quote"", ""test"", ""visit"", ""visit-mut"")) -C metadata=e030bd4bbe7980f4 -C extra-filename=-ec9e6907d0950823 --out-dir /private/tmp/host-starryos-aligned-j8-target-20260530T164300-host-j8/release/deps -C strip=debuginfo -L dependency=/private/tmp/host-starryos-aligned-j8-target-20260530T164300-host-j8/release/deps --extern proc_macro2=/private/tmp/host-starryos-aligned-j8-target-20260530T164300-host-j8/release/deps/libproc_macro2-8c6fa12d1dd53952.rmeta --extern quote=/private/tmp/host-starryos-aligned-j8-target-20260530T164300-host-j8/release/deps/libquote-1e9006a01f58845d.rmeta --extern unicode_ident=/private/tmp/host-starryos-aligned-j8-target-20260530T164300-host-j8/release/deps/libunicode_ident-66bdfb5a88f837c1.rmeta --cap-lints allow"
1780130686.393,88.061,23.393,93031,96.10,0.96,12.01,12,5,1,2,31.60,"/Users/txc/.rustup/toolchains/nightly-2026-04-27-aarch64-apple-darwin/bin/rustc --crate-name core --edition=2024 /Users/txc/.rustup/toolchains/nightly-2026-04-27-aarch64-apple-darwin/lib/rustlib/src/rust/library/core/src/lib.rs --error-format=json --json=diagnostic-rendered-ansi,artifacts,future-incompat --crate-type lib --emit=dep-info,metadata,link -C embed-bitcode=no -C codegen-units=256 --warn=unexpected_cfgs --check-cfg cfg(no_fp_fmt_parse) --check-cfg cfg(feature, values(any())) --check-cfg cfg(target_has_reliable_f16) --check-cfg cfg(target_has_reliable_f16_math) --check-cfg cfg(target_has_reliable_f128) --check-cfg cfg(target_has_reliable_f128_math) --check-cfg cfg(llvm_enzyme) -C debug-assertions=off --check-cfg cfg(docsrs,test) --check-cfg cfg(feature, values(""debug_refcell"", ""llvm_enzyme"", ""optimize_for_size"", ""panic_immediate_abort"")) -C metadata=99609ed0ab953cd5 -C extra-filename=-d9ef87706fa9a7f5 --out-dir /private/tmp/host-starryos-aligned-j8-target-20260530T164300-host-j8/aarch64-unknown-none-softfloat/release/deps --target aarch64-unknown-none-softfloat -C strip=debuginfo -Z force-unstable-if-unmarked -L dependency=/private/tmp/host-starryos-aligned-j8-target-20260530T164300-host-j8/aarch64-unknown-none-softfloat/release/deps -L dependency=/private/tmp/host-starryos-aligned-j8-target-20260530T164300-host-j8/release/deps --cap-lints allow -Clink-arg=-Tlinker.x -Clink-arg=-no-pie -Clink-arg=-znostart-stop-gc"
1780130687.782,89.450,24.782,93031,223.60,2.24,27.95,13,4,1,4,64.80,"/Users/txc/.rustup/toolchains/nightly-2026-04-27-aarch64-apple-darwin/bin/rustc --crate-name core --edition=2024 /Users/txc/.rustup/toolchains/nightly-2026-04-27-aarch64-apple-darwin/lib/rustlib/src/rust/library/core/src/lib.rs --error-format=json --json=diagnostic-rendered-ansi,artifacts,future-incompat --crate-type lib --emit=dep-info,metadata,link -C embed-bitcode=no -C codegen-units=256 --warn=unexpected_cfgs --check-cfg cfg(no_fp_fmt_parse) --check-cfg cfg(feature, values(any())) --check-cfg cfg(target_has_reliable_f16) --check-cfg cfg(target_has_reliable_f16_math) --check-cfg cfg(target_has_reliable_f128) --check-cfg cfg(target_has_reliable_f128_math) --check-cfg cfg(llvm_enzyme) -C debug-assertions=off --check-cfg cfg(docsrs,test) --check-cfg cfg(feature, values(""debug_refcell"", ""llvm_enzyme"", ""optimize_for_size"", ""panic_immediate_abort"")) -C metadata=99609ed0ab953cd5 -C extra-filename=-d9ef87706fa9a7f5 --out-dir /private/tmp/host-starryos-aligned-j8-target-20260530T164300-host-j8/aarch64-unknown-none-softfloat/release/deps --target aarch64-unknown-none-softfloat -C strip=debuginfo -Z force-unstable-if-unmarked -L dependency=/private/tmp/host-starryos-aligned-j8-target-20260530T164300-host-j8/aarch64-unknown-none-softfloat/release/deps -L dependency=/private/tmp/host-starryos-aligned-j8-target-20260530T164300-host-j8/release/deps --cap-lints allow -Clink-arg=-Tlinker.x -Clink-arg=-no-pie -Clink-arg=-znostart-stop-gc"
1780130689.000,90.668,26.000,93031,250.70,2.51,31.34,14,5,1,2,45.30,"/Users/txc/.rustup/toolchains/nightly-2026-04-27-aarch64-apple-darwin/bin/rustc --crate-name core --edition=2024 /Users/txc/.rustup/toolchains/nightly-2026-04-27-aarch64-apple-darwin/lib/rustlib/src/rust/library/core/src/lib.rs --error-format=json --json=diagnostic-rendered-ansi,artifacts,future-incompat --crate-type lib --emit=dep-info,metadata,link -C embed-bitcode=no -C codegen-units=256 --warn=unexpected_cfgs --check-cfg cfg(no_fp_fmt_parse) --check-cfg cfg(feature, values(any())) --check-cfg cfg(target_has_reliable_f16) --check-cfg cfg(target_has_reliable_f16_math) --check-cfg cfg(target_has_reliable_f128) --check-cfg cfg(target_has_reliable_f128_math) --check-cfg cfg(llvm_enzyme) -C debug-assertions=off --check-cfg cfg(docsrs,test) --check-cfg cfg(feature, values(""debug_refcell"", ""llvm_enzyme"", ""optimize_for_size"", ""panic_immediate_abort"")) -C metadata=99609ed0ab953cd5 -C extra-filename=-d9ef87706fa9a7f5 --out-dir /private/tmp/host-starryos-aligned-j8-target-20260530T164300-host-j8/aarch64-unknown-none-softfloat/release/deps --target aarch64-unknown-none-softfloat -C strip=debuginfo -Z force-unstable-if-unmarked -L dependency=/private/tmp/host-starryos-aligned-j8-target-20260530T164300-host-j8/aarch64-unknown-none-softfloat/release/deps -L dependency=/private/tmp/host-starryos-aligned-j8-target-20260530T164300-host-j8/release/deps --cap-lints allow -Clink-arg=-Tlinker.x -Clink-arg=-no-pie -Clink-arg=-znostart-stop-gc"
1780130690.544,92.212,27.544,93031,173.40,1.73,21.68,12,7,1,0,37.40,"/Users/txc/.rustup/toolchains/nightly-2026-04-27-aarch64-apple-darwin/bin/rustc --crate-name core --edition=2024 /Users/txc/.rustup/toolchains/nightly-2026-04-27-aarch64-apple-darwin/lib/rustlib/src/rust/library/core/src/lib.rs --error-format=json --json=diagnostic-rendered-ansi,artifacts,future-incompat --crate-type lib --emit=dep-info,metadata,link -C embed-bitcode=no -C codegen-units=256 --warn=unexpected_cfgs --check-cfg cfg(no_fp_fmt_parse) --check-cfg cfg(feature, values(any())) --check-cfg cfg(target_has_reliable_f16) --check-cfg cfg(target_has_reliable_f16_math) --check-cfg cfg(target_has_reliable_f128) --check-cfg cfg(target_has_reliable_f128_math) --check-cfg cfg(llvm_enzyme) -C debug-assertions=off --check-cfg cfg(docsrs,test) --check-cfg cfg(feature, values(""debug_refcell"", ""llvm_enzyme"", ""optimize_for_size"", ""panic_immediate_abort"")) -C metadata=99609ed0ab953cd5 -C extra-filename=-d9ef87706fa9a7f5 --out-dir /private/tmp/host-starryos-aligned-j8-target-20260530T164300-host-j8/aarch64-unknown-none-softfloat/release/deps --target aarch64-unknown-none-softfloat -C strip=debuginfo -Z force-unstable-if-unmarked -L dependency=/private/tmp/host-starryos-aligned-j8-target-20260530T164300-host-j8/aarch64-unknown-none-softfloat/release/deps -L dependency=/private/tmp/host-starryos-aligned-j8-target-20260530T164300-host-j8/release/deps --cap-lints allow -Clink-arg=-Tlinker.x -Clink-arg=-no-pie -Clink-arg=-znostart-stop-gc"
1780130691.772,93.440,28.772,93031,259.00,2.59,32.38,12,8,1,0,38.20,"/Users/txc/.rustup/toolchains/nightly-2026-04-27-aarch64-apple-darwin/bin/rustc --crate-name core --edition=2024 /Users/txc/.rustup/toolchains/nightly-2026-04-27-aarch64-apple-darwin/lib/rustlib/src/rust/library/core/src/lib.rs --error-format=json --json=diagnostic-rendered-ansi,artifacts,future-incompat --crate-type lib --emit=dep-info,metadata,link -C embed-bitcode=no -C codegen-units=256 --warn=unexpected_cfgs --check-cfg cfg(no_fp_fmt_parse) --check-cfg cfg(feature, values(any())) --check-cfg cfg(target_has_reliable_f16) --check-cfg cfg(target_has_reliable_f16_math) --check-cfg cfg(target_has_reliable_f128) --check-cfg cfg(target_has_reliable_f128_math) --check-cfg cfg(llvm_enzyme) -C debug-assertions=off --check-cfg cfg(docsrs,test) --check-cfg cfg(feature, values(""debug_refcell"", ""llvm_enzyme"", ""optimize_for_size"", ""panic_immediate_abort"")) -C metadata=99609ed0ab953cd5 -C extra-filename=-d9ef87706fa9a7f5 --out-dir /private/tmp/host-starryos-aligned-j8-target-20260530T164300-host-j8/aarch64-unknown-none-softfloat/release/deps --target aarch64-unknown-none-softfloat -C strip=debuginfo -Z force-unstable-if-unmarked -L dependency=/private/tmp/host-starryos-aligned-j8-target-20260530T164300-host-j8/aarch64-unknown-none-softfloat/release/deps -L dependency=/private/tmp/host-starryos-aligned-j8-target-20260530T164300-host-j8/release/deps --cap-lints allow -Clink-arg=-Tlinker.x -Clink-arg=-no-pie -Clink-arg=-znostart-stop-gc"
1780130692.962,94.630,29.962,93031,184.60,1.85,23.07,14,8,1,0,31.90,"/Users/txc/.rustup/toolchains/nightly-2026-04-27-aarch64-apple-darwin/bin/rustc --crate-name core --edition=2024 /Users/txc/.rustup/toolchains/nightly-2026-04-27-aarch64-apple-darwin/lib/rustlib/src/rust/library/core/src/lib.rs --error-format=json --json=diagnostic-rendered-ansi,artifacts,future-incompat --crate-type lib --emit=dep-info,metadata,link -C embed-bitcode=no -C codegen-units=256 --warn=unexpected_cfgs --check-cfg cfg(no_fp_fmt_parse) --check-cfg cfg(feature, values(any())) --check-cfg cfg(target_has_reliable_f16) --check-cfg cfg(target_has_reliable_f16_math) --check-cfg cfg(target_has_reliable_f128) --check-cfg cfg(target_has_reliable_f128_math) --check-cfg cfg(llvm_enzyme) -C debug-assertions=off --check-cfg cfg(docsrs,test) --check-cfg cfg(feature, values(""debug_refcell"", ""llvm_enzyme"", ""optimize_for_size"", ""panic_immediate_abort"")) -C metadata=99609ed0ab953cd5 -C extra-filename=-d9ef87706fa9a7f5 --out-dir /private/tmp/host-starryos-aligned-j8-target-20260530T164300-host-j8/aarch64-unknown-none-softfloat/release/deps --target aarch64-unknown-none-softfloat -C strip=debuginfo -Z force-unstable-if-unmarked -L dependency=/private/tmp/host-starryos-aligned-j8-target-20260530T164300-host-j8/aarch64-unknown-none-softfloat/release/deps -L dependency=/private/tmp/host-starryos-aligned-j8-target-20260530T164300-host-j8/release/deps --cap-lints allow -Clink-arg=-Tlinker.x -Clink-arg=-no-pie -Clink-arg=-znostart-stop-gc"
1780130694.187,95.855,31.187,93031,105.90,1.06,13.24,15,7,1,0,19.80,"/Users/txc/.rustup/toolchains/nightly-2026-04-27-aarch64-apple-darwin/bin/rustc --crate-name darling_core --edition=2018 /Users/txc/.cargo/registry/src/index.crates.io-1949cf8c6b5b557f/darling_core-0.13.4/src/lib.rs --error-format=json --json=diagnostic-rendered-ansi,artifacts,future-incompat --crate-type lib --emit=dep-info,metadata,link -C embed-bitcode=no -C debug-assertions=off --cfg feature=""strsim"" --cfg feature=""suggestions"" --check-cfg cfg(docsrs,test) --check-cfg cfg(feature, values(""diagnostics"", ""strsim"", ""suggestions"")) -C metadata=5973c51a59ed636f -C extra-filename=-ad542f086f89c298 --out-dir /private/tmp/host-starryos-aligned-j8-target-20260530T164300-host-j8/release/deps -C strip=debuginfo -L dependency=/private/tmp/host-starryos-aligned-j8-target-20260530T164300-host-j8/release/deps --extern fnv=/private/tmp/host-starryos-aligned-j8-target-20260530T164300-host-j8/release/deps/libfnv-4c64f2cf21c1bd4e.rmeta --extern ident_case=/private/tmp/host-starryos-aligned-j8-target-20260530T164300-host-j8/release/deps/libident_case-ff5723405cbf498f.rmeta --extern proc_macro2=/private/tmp/host-starryos-aligned-j8-target-20260530T164300-host-j8/release/deps/libproc_macro2-8c6fa12d1dd53952.rmeta --extern quote=/private/tmp/host-starryos-aligned-j8-target-20260530T164300-host-j8/release/deps/libquote-1e9006a01f58845d.rmeta --extern strsim=/private/tmp/host-starryos-aligned-j8-target-20260530T164300-host-j8/release/deps/libstrsim-155f5dc150a4b4d6.rmeta --extern syn=/private/tmp/host-starryos-aligned-j8-target-20260530T164300-host-j8/release/deps/libsyn-ec9e6907d0950823.rmeta --cap-lints allow"
1780130695.281,96.949,32.281,93031,238.40,2.38,29.80,14,8,1,0,37.50,"/Users/txc/.rustup/toolchains/nightly-2026-04-27-aarch64-apple-darwin/bin/rustc --crate-name darling_core --edition=2018 /Users/txc/.cargo/registry/src/index.crates.io-1949cf8c6b5b557f/darling_core-0.13.4/src/lib.rs --error-format=json --json=diagnostic-rendered-ansi,artifacts,future-incompat --crate-type lib --emit=dep-info,metadata,link -C embed-bitcode=no -C debug-assertions=off --cfg feature=""strsim"" --cfg feature=""suggestions"" --check-cfg cfg(docsrs,test) --check-cfg cfg(feature, values(""diagnostics"", ""strsim"", ""suggestions"")) -C metadata=5973c51a59ed636f -C extra-filename=-ad542f086f89c298 --out-dir /private/tmp/host-starryos-aligned-j8-target-20260530T164300-host-j8/release/deps -C strip=debuginfo -L dependency=/private/tmp/host-starryos-aligned-j8-target-20260530T164300-host-j8/release/deps --extern fnv=/private/tmp/host-starryos-aligned-j8-target-20260530T164300-host-j8/release/deps/libfnv-4c64f2cf21c1bd4e.rmeta --extern ident_case=/private/tmp/host-starryos-aligned-j8-target-20260530T164300-host-j8/release/deps/libident_case-ff5723405cbf498f.rmeta --extern proc_macro2=/private/tmp/host-starryos-aligned-j8-target-20260530T164300-host-j8/release/deps/libproc_macro2-8c6fa12d1dd53952.rmeta --extern quote=/private/tmp/host-starryos-aligned-j8-target-20260530T164300-host-j8/release/deps/libquote-1e9006a01f58845d.rmeta --extern strsim=/private/tmp/host-starryos-aligned-j8-target-20260530T164300-host-j8/release/deps/libstrsim-155f5dc150a4b4d6.rmeta --extern syn=/private/tmp/host-starryos-aligned-j8-target-20260530T164300-host-j8/release/deps/libsyn-ec9e6907d0950823.rmeta --cap-lints allow"
1780130696.362,98.030,33.362,93031,214.70,2.15,26.84,10,6,1,0,43.90,"/Users/txc/.rustup/toolchains/nightly-2026-04-27-aarch64-apple-darwin/bin/rustc --crate-name derive_more_impl --edition=2021 /Users/txc/.cargo/registry/src/index.crates.io-1949cf8c6b5b557f/derive_more-impl-2.1.1/src/lib.rs --error-format=json --json=diagnostic-rendered-ansi,artifacts,future-incompat --crate-type proc-macro --emit=dep-info,link -C prefer-dynamic -C embed-bitcode=no --warn=unexpected_cfgs --check-cfg cfg(ci) --check-cfg cfg(error_generic_member_access) --check-cfg cfg(nightly) -C debug-assertions=off --cfg feature=""add"" --cfg feature=""add_assign"" --cfg feature=""as_ref"" --cfg feature=""constructor"" --cfg feature=""debug"" --cfg feature=""default"" --cfg feature=""deref"" --cfg feature=""deref_mut"" --cfg feature=""display"" --cfg feature=""eq"" --cfg feature=""error"" --cfg feature=""from"" --cfg feature=""from_str"" --cfg feature=""index"" --cfg feature=""index_mut"" --cfg feature=""into"" --cfg feature=""into_iterator"" --cfg feature=""is_variant"" --cfg feature=""mul"" --cfg feature=""mul_assign"" --cfg feature=""not"" --cfg feature=""sum"" --cfg feature=""try_from"" --cfg feature=""try_into"" --cfg feature=""try_unwrap"" --cfg feature=""unwrap"" --check-cfg cfg(docsrs,test) --check-cfg cfg(feature, values(""add"", ""add_assign"", ""as_ref"", ""constructor"", ""debug"", ""default"", ""deref"", ""deref_mut"", ""display"", ""eq"", ""error"", ""from"", ""from_str"", ""full"", ""index"", ""index_mut"", ""into"", ""into_iterator"", ""is_variant"", ""mul"", ""mul_assign"", ""not"", ""sum"", ""testing-helpers"", ""try_from"", ""try_into"", ""try_unwrap"", ""unwrap"")) -C metadata=f5191c08aed33c57 -C extra-filename=-481f046faa24d41b --out-dir /private/tmp/host-starryos-aligned-j8-target-20260530T164300-host-j8/release/deps -C strip=debuginfo -L dependency=/private/tmp/host-starryos-aligned-j8-target-20260530T164300-host-j8/release/deps --extern convert_case=/private/tmp/host-starryos-aligned-j8-target-20260530T164300-host-j8/release/deps/libconvert_case-91b6bd11d108f96e.rlib --extern proc_macro2=/private/tmp/host-starryos-aligned-j8-target-20260530T164300-host-j8/release/deps/libproc_macro2-8c6fa12d1dd53952.rlib --extern quote=/private/tmp/host-starryos-aligned-j8-target-20260530T164300-host-j8/release/deps/libquote-1e9006a01f58845d.rlib --extern syn=/private/tmp/host-starryos-aligned-j8-target-20260530T164300-host-j8/release/deps/libsyn-9cc41db5b623a5dd.rlib --extern unicode_xid=/private/tmp/host-starryos-aligned-j8-target-20260530T164300-host-j8/release/deps/libunicode_xid-8712b889e4b45109.rlib --extern proc_macro --cap-lints allow"
1780130697.645,99.313,34.645,93031,168.60,1.69,21.07,10,5,1,0,48.40,"/Users/txc/.rustup/toolchains/nightly-2026-04-27-aarch64-apple-darwin/bin/rustc --crate-name core --edition=2024 /Users/txc/.rustup/toolchains/nightly-2026-04-27-aarch64-apple-darwin/lib/rustlib/src/rust/library/core/src/lib.rs --error-format=json --json=diagnostic-rendered-ansi,artifacts,future-incompat --crate-type lib --emit=dep-info,metadata,link -C embed-bitcode=no -C codegen-units=256 --warn=unexpected_cfgs --check-cfg cfg(no_fp_fmt_parse) --check-cfg cfg(feature, values(any())) --check-cfg cfg(target_has_reliable_f16) --check-cfg cfg(target_has_reliable_f16_math) --check-cfg cfg(target_has_reliable_f128) --check-cfg cfg(target_has_reliable_f128_math) --check-cfg cfg(llvm_enzyme) -C debug-assertions=off --check-cfg cfg(docsrs,test) --check-cfg cfg(feature, values(""debug_refcell"", ""llvm_enzyme"", ""optimize_for_size"", ""panic_immediate_abort"")) -C metadata=99609ed0ab953cd5 -C extra-filename=-d9ef87706fa9a7f5 --out-dir /private/tmp/host-starryos-aligned-j8-target-20260530T164300-host-j8/aarch64-unknown-none-softfloat/release/deps --target aarch64-unknown-none-softfloat -C strip=debuginfo -Z force-unstable-if-unmarked -L dependency=/private/tmp/host-starryos-aligned-j8-target-20260530T164300-host-j8/aarch64-unknown-none-softfloat/release/deps -L dependency=/private/tmp/host-starryos-aligned-j8-target-20260530T164300-host-j8/release/deps --cap-lints allow -Clink-arg=-Tlinker.x -Clink-arg=-no-pie -Clink-arg=-znostart-stop-gc"
1780130698.762,100.430,35.762,93031,102.40,1.02,12.80,6,2,1,0,53.40,"/Users/txc/.rustup/toolchains/nightly-2026-04-27-aarch64-apple-darwin/bin/rustc --crate-name core --edition=2024 /Users/txc/.rustup/toolchains/nightly-2026-04-27-aarch64-apple-darwin/lib/rustlib/src/rust/library/core/src/lib.rs --error-format=json --json=diagnostic-rendered-ansi,artifacts,future-incompat --crate-type lib --emit=dep-info,metadata,link -C embed-bitcode=no -C codegen-units=256 --warn=unexpected_cfgs --check-cfg cfg(no_fp_fmt_parse) --check-cfg cfg(feature, values(any())) --check-cfg cfg(target_has_reliable_f16) --check-cfg cfg(target_has_reliable_f16_math) --check-cfg cfg(target_has_reliable_f128) --check-cfg cfg(target_has_reliable_f128_math) --check-cfg cfg(llvm_enzyme) -C debug-assertions=off --check-cfg cfg(docsrs,test) --check-cfg cfg(feature, values(""debug_refcell"", ""llvm_enzyme"", ""optimize_for_size"", ""panic_immediate_abort"")) -C metadata=99609ed0ab953cd5 -C extra-filename=-d9ef87706fa9a7f5 --out-dir /private/tmp/host-starryos-aligned-j8-target-20260530T164300-host-j8/aarch64-unknown-none-softfloat/release/deps --target aarch64-unknown-none-softfloat -C strip=debuginfo -Z force-unstable-if-unmarked -L dependency=/private/tmp/host-starryos-aligned-j8-target-20260530T164300-host-j8/aarch64-unknown-none-softfloat/release/deps -L dependency=/private/tmp/host-starryos-aligned-j8-target-20260530T164300-host-j8/release/deps --cap-lints allow -Clink-arg=-Tlinker.x -Clink-arg=-no-pie -Clink-arg=-znostart-stop-gc"
1780130700.012,101.680,37.012,93031,89.10,0.89,11.14,6,2,1,0,47.40,"/Users/txc/.rustup/toolchains/nightly-2026-04-27-aarch64-apple-darwin/bin/rustc --crate-name derive_more_impl --edition=2021 /Users/txc/.cargo/registry/src/index.crates.io-1949cf8c6b5b557f/derive_more-impl-2.1.1/src/lib.rs --error-format=json --json=diagnostic-rendered-ansi,artifacts,future-incompat --crate-type proc-macro --emit=dep-info,link -C prefer-dynamic -C embed-bitcode=no --warn=unexpected_cfgs --check-cfg cfg(ci) --check-cfg cfg(error_generic_member_access) --check-cfg cfg(nightly) -C debug-assertions=off --cfg feature=""add"" --cfg feature=""add_assign"" --cfg feature=""as_ref"" --cfg feature=""constructor"" --cfg feature=""debug"" --cfg feature=""default"" --cfg feature=""deref"" --cfg feature=""deref_mut"" --cfg feature=""display"" --cfg feature=""eq"" --cfg feature=""error"" --cfg feature=""from"" --cfg feature=""from_str"" --cfg feature=""index"" --cfg feature=""index_mut"" --cfg feature=""into"" --cfg feature=""into_iterator"" --cfg feature=""is_variant"" --cfg feature=""mul"" --cfg feature=""mul_assign"" --cfg feature=""not"" --cfg feature=""sum"" --cfg feature=""try_from"" --cfg feature=""try_into"" --cfg feature=""try_unwrap"" --cfg feature=""unwrap"" --check-cfg cfg(docsrs,test) --check-cfg cfg(feature, values(""add"", ""add_assign"", ""as_ref"", ""constructor"", ""debug"", ""default"", ""deref"", ""deref_mut"", ""display"", ""eq"", ""error"", ""from"", ""from_str"", ""full"", ""index"", ""index_mut"", ""into"", ""into_iterator"", ""is_variant"", ""mul"", ""mul_assign"", ""not"", ""sum"", ""testing-helpers"", ""try_from"", ""try_into"", ""try_unwrap"", ""unwrap"")) -C metadata=f5191c08aed33c57 -C extra-filename=-481f046faa24d41b --out-dir /private/tmp/host-starryos-aligned-j8-target-20260530T164300-host-j8/release/deps -C strip=debuginfo -L dependency=/private/tmp/host-starryos-aligned-j8-target-20260530T164300-host-j8/release/deps --extern convert_case=/private/tmp/host-starryos-aligned-j8-target-20260530T164300-host-j8/release/deps/libconvert_case-91b6bd11d108f96e.rlib --extern proc_macro2=/private/tmp/host-starryos-aligned-j8-target-20260530T164300-host-j8/release/deps/libproc_macro2-8c6fa12d1dd53952.rlib --extern quote=/private/tmp/host-starryos-aligned-j8-target-20260530T164300-host-j8/release/deps/libquote-1e9006a01f58845d.rlib --extern syn=/private/tmp/host-starryos-aligned-j8-target-20260530T164300-host-j8/release/deps/libsyn-9cc41db5b623a5dd.rlib --extern unicode_xid=/private/tmp/host-starryos-aligned-j8-target-20260530T164300-host-j8/release/deps/libunicode_xid-8712b889e4b45109.rlib --extern proc_macro --cap-lints allow"
1780130701.136,102.804,38.136,93031,109.50,1.09,13.69,6,2,1,0,57.90,"/Users/txc/.rustup/toolchains/nightly-2026-04-27-aarch64-apple-darwin/bin/rustc --crate-name derive_more_impl --edition=2021 /Users/txc/.cargo/registry/src/index.crates.io-1949cf8c6b5b557f/derive_more-impl-2.1.1/src/lib.rs --error-format=json --json=diagnostic-rendered-ansi,artifacts,future-incompat --crate-type proc-macro --emit=dep-info,link -C prefer-dynamic -C embed-bitcode=no --warn=unexpected_cfgs --check-cfg cfg(ci) --check-cfg cfg(error_generic_member_access) --check-cfg cfg(nightly) -C debug-assertions=off --cfg feature=""add"" --cfg feature=""add_assign"" --cfg feature=""as_ref"" --cfg feature=""constructor"" --cfg feature=""debug"" --cfg feature=""default"" --cfg feature=""deref"" --cfg feature=""deref_mut"" --cfg feature=""display"" --cfg feature=""eq"" --cfg feature=""error"" --cfg feature=""from"" --cfg feature=""from_str"" --cfg feature=""index"" --cfg feature=""index_mut"" --cfg feature=""into"" --cfg feature=""into_iterator"" --cfg feature=""is_variant"" --cfg feature=""mul"" --cfg feature=""mul_assign"" --cfg feature=""not"" --cfg feature=""sum"" --cfg feature=""try_from"" --cfg feature=""try_into"" --cfg feature=""try_unwrap"" --cfg feature=""unwrap"" --check-cfg cfg(docsrs,test) --check-cfg cfg(feature, values(""add"", ""add_assign"", ""as_ref"", ""constructor"", ""debug"", ""default"", ""deref"", ""deref_mut"", ""display"", ""eq"", ""error"", ""from"", ""from_str"", ""full"", ""index"", ""index_mut"", ""into"", ""into_iterator"", ""is_variant"", ""mul"", ""mul_assign"", ""not"", ""sum"", ""testing-helpers"", ""try_from"", ""try_into"", ""try_unwrap"", ""unwrap"")) -C metadata=f5191c08aed33c57 -C extra-filename=-481f046faa24d41b --out-dir /private/tmp/host-starryos-aligned-j8-target-20260530T164300-host-j8/release/deps -C strip=debuginfo -L dependency=/private/tmp/host-starryos-aligned-j8-target-20260530T164300-host-j8/release/deps --extern convert_case=/private/tmp/host-starryos-aligned-j8-target-20260530T164300-host-j8/release/deps/libconvert_case-91b6bd11d108f96e.rlib --extern proc_macro2=/private/tmp/host-starryos-aligned-j8-target-20260530T164300-host-j8/release/deps/libproc_macro2-8c6fa12d1dd53952.rlib --extern quote=/private/tmp/host-starryos-aligned-j8-target-20260530T164300-host-j8/release/deps/libquote-1e9006a01f58845d.rlib --extern syn=/private/tmp/host-starryos-aligned-j8-target-20260530T164300-host-j8/release/deps/libsyn-9cc41db5b623a5dd.rlib --extern unicode_xid=/private/tmp/host-starryos-aligned-j8-target-20260530T164300-host-j8/release/deps/libunicode_xid-8712b889e4b45109.rlib --extern proc_macro --cap-lints allow"
1780130702.296,103.964,39.296,93031,81.20,0.81,10.15,6,2,1,0,47.20,"/Users/txc/.rustup/toolchains/nightly-2026-04-27-aarch64-apple-darwin/bin/rustc --crate-name derive_more_impl --edition=2021 /Users/txc/.cargo/registry/src/index.crates.io-1949cf8c6b5b557f/derive_more-impl-2.1.1/src/lib.rs --error-format=json --json=diagnostic-rendered-ansi,artifacts,future-incompat --crate-type proc-macro --emit=dep-info,link -C prefer-dynamic -C embed-bitcode=no --warn=unexpected_cfgs --check-cfg cfg(ci) --check-cfg cfg(error_generic_member_access) --check-cfg cfg(nightly) -C debug-assertions=off --cfg feature=""add"" --cfg feature=""add_assign"" --cfg feature=""as_ref"" --cfg feature=""constructor"" --cfg feature=""debug"" --cfg feature=""default"" --cfg feature=""deref"" --cfg feature=""deref_mut"" --cfg feature=""display"" --cfg feature=""eq"" --cfg feature=""error"" --cfg feature=""from"" --cfg feature=""from_str"" --cfg feature=""index"" --cfg feature=""index_mut"" --cfg feature=""into"" --cfg feature=""into_iterator"" --cfg feature=""is_variant"" --cfg feature=""mul"" --cfg feature=""mul_assign"" --cfg feature=""not"" --cfg feature=""sum"" --cfg feature=""try_from"" --cfg feature=""try_into"" --cfg feature=""try_unwrap"" --cfg feature=""unwrap"" --check-cfg cfg(docsrs,test) --check-cfg cfg(feature, values(""add"", ""add_assign"", ""as_ref"", ""constructor"", ""debug"", ""default"", ""deref"", ""deref_mut"", ""display"", ""eq"", ""error"", ""from"", ""from_str"", ""full"", ""index"", ""index_mut"", ""into"", ""into_iterator"", ""is_variant"", ""mul"", ""mul_assign"", ""not"", ""sum"", ""testing-helpers"", ""try_from"", ""try_into"", ""try_unwrap"", ""unwrap"")) -C metadata=f5191c08aed33c57 -C extra-filename=-481f046faa24d41b --out-dir /private/tmp/host-starryos-aligned-j8-target-20260530T164300-host-j8/release/deps -C strip=debuginfo -L dependency=/private/tmp/host-starryos-aligned-j8-target-20260530T164300-host-j8/release/deps --extern convert_case=/private/tmp/host-starryos-aligned-j8-target-20260530T164300-host-j8/release/deps/libconvert_case-91b6bd11d108f96e.rlib --extern proc_macro2=/private/tmp/host-starryos-aligned-j8-target-20260530T164300-host-j8/release/deps/libproc_macro2-8c6fa12d1dd53952.rlib --extern quote=/private/tmp/host-starryos-aligned-j8-target-20260530T164300-host-j8/release/deps/libquote-1e9006a01f58845d.rlib --extern syn=/private/tmp/host-starryos-aligned-j8-target-20260530T164300-host-j8/release/deps/libsyn-9cc41db5b623a5dd.rlib --extern unicode_xid=/private/tmp/host-starryos-aligned-j8-target-20260530T164300-host-j8/release/deps/libunicode_xid-8712b889e4b45109.rlib --extern proc_macro --cap-lints allow"
1780130703.470,105.138,40.470,93031,71.40,0.71,8.93,5,1,1,0,71.40,"/Users/txc/.rustup/toolchains/nightly-2026-04-27-aarch64-apple-darwin/bin/rustc --crate-name core --edition=2024 /Users/txc/.rustup/toolchains/nightly-2026-04-27-aarch64-apple-darwin/lib/rustlib/src/rust/library/core/src/lib.rs --error-format=json --json=diagnostic-rendered-ansi,artifacts,future-incompat --crate-type lib --emit=dep-info,metadata,link -C embed-bitcode=no -C codegen-units=256 --warn=unexpected_cfgs --check-cfg cfg(no_fp_fmt_parse) --check-cfg cfg(feature, values(any())) --check-cfg cfg(target_has_reliable_f16) --check-cfg cfg(target_has_reliable_f16_math) --check-cfg cfg(target_has_reliable_f128) --check-cfg cfg(target_has_reliable_f128_math) --check-cfg cfg(llvm_enzyme) -C debug-assertions=off --check-cfg cfg(docsrs,test) --check-cfg cfg(feature, values(""debug_refcell"", ""llvm_enzyme"", ""optimize_for_size"", ""panic_immediate_abort"")) -C metadata=99609ed0ab953cd5 -C extra-filename=-d9ef87706fa9a7f5 --out-dir /private/tmp/host-starryos-aligned-j8-target-20260530T164300-host-j8/aarch64-unknown-none-softfloat/release/deps --target aarch64-unknown-none-softfloat -C strip=debuginfo -Z force-unstable-if-unmarked -L dependency=/private/tmp/host-starryos-aligned-j8-target-20260530T164300-host-j8/aarch64-unknown-none-softfloat/release/deps -L dependency=/private/tmp/host-starryos-aligned-j8-target-20260530T164300-host-j8/release/deps --cap-lints allow -Clink-arg=-Tlinker.x -Clink-arg=-no-pie -Clink-arg=-znostart-stop-gc"
1780130704.593,106.261,41.593,93031,77.80,0.78,9.72,5,1,1,0,77.80,"/Users/txc/.rustup/toolchains/nightly-2026-04-27-aarch64-apple-darwin/bin/rustc --crate-name core --edition=2024 /Users/txc/.rustup/toolchains/nightly-2026-04-27-aarch64-apple-darwin/lib/rustlib/src/rust/library/core/src/lib.rs --error-format=json --json=diagnostic-rendered-ansi,artifacts,future-incompat --crate-type lib --emit=dep-info,metadata,link -C embed-bitcode=no -C codegen-units=256 --warn=unexpected_cfgs --check-cfg cfg(no_fp_fmt_parse) --check-cfg cfg(feature, values(any())) --check-cfg cfg(target_has_reliable_f16) --check-cfg cfg(target_has_reliable_f16_math) --check-cfg cfg(target_has_reliable_f128) --check-cfg cfg(target_has_reliable_f128_math) --check-cfg cfg(llvm_enzyme) -C debug-assertions=off --check-cfg cfg(docsrs,test) --check-cfg cfg(feature, values(""debug_refcell"", ""llvm_enzyme"", ""optimize_for_size"", ""panic_immediate_abort"")) -C metadata=99609ed0ab953cd5 -C extra-filename=-d9ef87706fa9a7f5 --out-dir /private/tmp/host-starryos-aligned-j8-target-20260530T164300-host-j8/aarch64-unknown-none-softfloat/release/deps --target aarch64-unknown-none-softfloat -C strip=debuginfo -Z force-unstable-if-unmarked -L dependency=/private/tmp/host-starryos-aligned-j8-target-20260530T164300-host-j8/aarch64-unknown-none-softfloat/release/deps -L dependency=/private/tmp/host-starryos-aligned-j8-target-20260530T164300-host-j8/release/deps --cap-lints allow -Clink-arg=-Tlinker.x -Clink-arg=-no-pie -Clink-arg=-znostart-stop-gc"
1780130705.755,107.423,42.755,93031,73.30,0.73,9.16,5,1,1,0,73.30,"/Users/txc/.rustup/toolchains/nightly-2026-04-27-aarch64-apple-darwin/bin/rustc --crate-name core --edition=2024 /Users/txc/.rustup/toolchains/nightly-2026-04-27-aarch64-apple-darwin/lib/rustlib/src/rust/library/core/src/lib.rs --error-format=json --json=diagnostic-rendered-ansi,artifacts,future-incompat --crate-type lib --emit=dep-info,metadata,link -C embed-bitcode=no -C codegen-units=256 --warn=unexpected_cfgs --check-cfg cfg(no_fp_fmt_parse) --check-cfg cfg(feature, values(any())) --check-cfg cfg(target_has_reliable_f16) --check-cfg cfg(target_has_reliable_f16_math) --check-cfg cfg(target_has_reliable_f128) --check-cfg cfg(target_has_reliable_f128_math) --check-cfg cfg(llvm_enzyme) -C debug-assertions=off --check-cfg cfg(docsrs,test) --check-cfg cfg(feature, values(""debug_refcell"", ""llvm_enzyme"", ""optimize_for_size"", ""panic_immediate_abort"")) -C metadata=99609ed0ab953cd5 -C extra-filename=-d9ef87706fa9a7f5 --out-dir /private/tmp/host-starryos-aligned-j8-target-20260530T164300-host-j8/aarch64-unknown-none-softfloat/release/deps --target aarch64-unknown-none-softfloat -C strip=debuginfo -Z force-unstable-if-unmarked -L dependency=/private/tmp/host-starryos-aligned-j8-target-20260530T164300-host-j8/aarch64-unknown-none-softfloat/release/deps -L dependency=/private/tmp/host-starryos-aligned-j8-target-20260530T164300-host-j8/release/deps --cap-lints allow -Clink-arg=-Tlinker.x -Clink-arg=-no-pie -Clink-arg=-znostart-stop-gc"
1780130706.875,108.543,43.875,93031,78.70,0.79,9.84,5,1,1,0,78.70,"/Users/txc/.rustup/toolchains/nightly-2026-04-27-aarch64-apple-darwin/bin/rustc --crate-name core --edition=2024 /Users/txc/.rustup/toolchains/nightly-2026-04-27-aarch64-apple-darwin/lib/rustlib/src/rust/library/core/src/lib.rs --error-format=json --json=diagnostic-rendered-ansi,artifacts,future-incompat --crate-type lib --emit=dep-info,metadata,link -C embed-bitcode=no -C codegen-units=256 --warn=unexpected_cfgs --check-cfg cfg(no_fp_fmt_parse) --check-cfg cfg(feature, values(any())) --check-cfg cfg(target_has_reliable_f16) --check-cfg cfg(target_has_reliable_f16_math) --check-cfg cfg(target_has_reliable_f128) --check-cfg cfg(target_has_reliable_f128_math) --check-cfg cfg(llvm_enzyme) -C debug-assertions=off --check-cfg cfg(docsrs,test) --check-cfg cfg(feature, values(""debug_refcell"", ""llvm_enzyme"", ""optimize_for_size"", ""panic_immediate_abort"")) -C metadata=99609ed0ab953cd5 -C extra-filename=-d9ef87706fa9a7f5 --out-dir /private/tmp/host-starryos-aligned-j8-target-20260530T164300-host-j8/aarch64-unknown-none-softfloat/release/deps --target aarch64-unknown-none-softfloat -C strip=debuginfo -Z force-unstable-if-unmarked -L dependency=/private/tmp/host-starryos-aligned-j8-target-20260530T164300-host-j8/aarch64-unknown-none-softfloat/release/deps -L dependency=/private/tmp/host-starryos-aligned-j8-target-20260530T164300-host-j8/release/deps --cap-lints allow -Clink-arg=-Tlinker.x -Clink-arg=-no-pie -Clink-arg=-znostart-stop-gc"
1780130707.970,109.638,44.970,93031,78.40,0.78,9.80,5,1,1,0,78.40,"/Users/txc/.rustup/toolchains/nightly-2026-04-27-aarch64-apple-darwin/bin/rustc --crate-name core --edition=2024 /Users/txc/.rustup/toolchains/nightly-2026-04-27-aarch64-apple-darwin/lib/rustlib/src/rust/library/core/src/lib.rs --error-format=json --json=diagnostic-rendered-ansi,artifacts,future-incompat --crate-type lib --emit=dep-info,metadata,link -C embed-bitcode=no -C codegen-units=256 --warn=unexpected_cfgs --check-cfg cfg(no_fp_fmt_parse) --check-cfg cfg(feature, values(any())) --check-cfg cfg(target_has_reliable_f16) --check-cfg cfg(target_has_reliable_f16_math) --check-cfg cfg(target_has_reliable_f128) --check-cfg cfg(target_has_reliable_f128_math) --check-cfg cfg(llvm_enzyme) -C debug-assertions=off --check-cfg cfg(docsrs,test) --check-cfg cfg(feature, values(""debug_refcell"", ""llvm_enzyme"", ""optimize_for_size"", ""panic_immediate_abort"")) -C metadata=99609ed0ab953cd5 -C extra-filename=-d9ef87706fa9a7f5 --out-dir /private/tmp/host-starryos-aligned-j8-target-20260530T164300-host-j8/aarch64-unknown-none-softfloat/release/deps --target aarch64-unknown-none-softfloat -C strip=debuginfo -Z force-unstable-if-unmarked -L dependency=/private/tmp/host-starryos-aligned-j8-target-20260530T164300-host-j8/aarch64-unknown-none-softfloat/release/deps -L dependency=/private/tmp/host-starryos-aligned-j8-target-20260530T164300-host-j8/release/deps --cap-lints allow -Clink-arg=-Tlinker.x -Clink-arg=-no-pie -Clink-arg=-znostart-stop-gc"
1780130709.176,110.844,46.176,93031,53.70,0.54,6.71,5,1,1,0,53.70,"/Users/txc/.rustup/toolchains/nightly-2026-04-27-aarch64-apple-darwin/bin/rustc --crate-name core --edition=2024 /Users/txc/.rustup/toolchains/nightly-2026-04-27-aarch64-apple-darwin/lib/rustlib/src/rust/library/core/src/lib.rs --error-format=json --json=diagnostic-rendered-ansi,artifacts,future-incompat --crate-type lib --emit=dep-info,metadata,link -C embed-bitcode=no -C codegen-units=256 --warn=unexpected_cfgs --check-cfg cfg(no_fp_fmt_parse) --check-cfg cfg(feature, values(any())) --check-cfg cfg(target_has_reliable_f16) --check-cfg cfg(target_has_reliable_f16_math) --check-cfg cfg(target_has_reliable_f128) --check-cfg cfg(target_has_reliable_f128_math) --check-cfg cfg(llvm_enzyme) -C debug-assertions=off --check-cfg cfg(docsrs,test) --check-cfg cfg(feature, values(""debug_refcell"", ""llvm_enzyme"", ""optimize_for_size"", ""panic_immediate_abort"")) -C metadata=99609ed0ab953cd5 -C extra-filename=-d9ef87706fa9a7f5 --out-dir /private/tmp/host-starryos-aligned-j8-target-20260530T164300-host-j8/aarch64-unknown-none-softfloat/release/deps --target aarch64-unknown-none-softfloat -C strip=debuginfo -Z force-unstable-if-unmarked -L dependency=/private/tmp/host-starryos-aligned-j8-target-20260530T164300-host-j8/aarch64-unknown-none-softfloat/release/deps -L dependency=/private/tmp/host-starryos-aligned-j8-target-20260530T164300-host-j8/release/deps --cap-lints allow -Clink-arg=-Tlinker.x -Clink-arg=-no-pie -Clink-arg=-znostart-stop-gc"
1780130710.276,111.944,47.276,93031,83.40,0.83,10.42,6,2,1,0,67.80,"/Users/txc/.rustup/toolchains/nightly-2026-04-27-aarch64-apple-darwin/bin/rustc --crate-name core --edition=2024 /Users/txc/.rustup/toolchains/nightly-2026-04-27-aarch64-apple-darwin/lib/rustlib/src/rust/library/core/src/lib.rs --error-format=json --json=diagnostic-rendered-ansi,artifacts,future-incompat --crate-type lib --emit=dep-info,metadata,link -C embed-bitcode=no -C codegen-units=256 --warn=unexpected_cfgs --check-cfg cfg(no_fp_fmt_parse) --check-cfg cfg(feature, values(any())) --check-cfg cfg(target_has_reliable_f16) --check-cfg cfg(target_has_reliable_f16_math) --check-cfg cfg(target_has_reliable_f128) --check-cfg cfg(target_has_reliable_f128_math) --check-cfg cfg(llvm_enzyme) -C debug-assertions=off --check-cfg cfg(docsrs,test) --check-cfg cfg(feature, values(""debug_refcell"", ""llvm_enzyme"", ""optimize_for_size"", ""panic_immediate_abort"")) -C metadata=99609ed0ab953cd5 -C extra-filename=-d9ef87706fa9a7f5 --out-dir /private/tmp/host-starryos-aligned-j8-target-20260530T164300-host-j8/aarch64-unknown-none-softfloat/release/deps --target aarch64-unknown-none-softfloat -C strip=debuginfo -Z force-unstable-if-unmarked -L dependency=/private/tmp/host-starryos-aligned-j8-target-20260530T164300-host-j8/aarch64-unknown-none-softfloat/release/deps -L dependency=/private/tmp/host-starryos-aligned-j8-target-20260530T164300-host-j8/release/deps --cap-lints allow -Clink-arg=-Tlinker.x -Clink-arg=-no-pie -Clink-arg=-znostart-stop-gc"
1780130711.373,113.041,48.373,93031,173.10,1.73,21.64,6,2,1,0,86.60,"/Users/txc/.rustup/toolchains/nightly-2026-04-27-aarch64-apple-darwin/bin/rustc --crate-name compiler_builtins --edition=2024 /Users/txc/.rustup/toolchains/nightly-2026-04-27-aarch64-apple-darwin/lib/rustlib/src/rust/library/compiler-builtins/compiler-builtins/src/lib.rs --error-format=json --json=diagnostic-rendered-ansi,artifacts,future-incompat --crate-type lib --emit=dep-info,metadata,link -C embed-bitcode=no -C codegen-units=256 -C debug-assertions=off --cfg feature=""arch"" --cfg feature=""compiler-builtins"" --cfg feature=""default"" --cfg feature=""unmangled-names"" --check-cfg cfg(docsrs,test) --check-cfg cfg(feature, values(""arch"", ""c"", ""compiler-builtins"", ""default"", ""mem"", ""unmangled-names"", ""unstable-public-internals"")) -C metadata=3c5ca478d13f7534 -C extra-filename=-8141dd3b2ab3624f --out-dir /private/tmp/host-starryos-aligned-j8-target-20260530T164300-host-j8/aarch64-unknown-none-softfloat/release/deps --target aarch64-unknown-none-softfloat -C strip=debuginfo -Z force-unstable-if-unmarked -L dependency=/private/tmp/host-starryos-aligned-j8-target-20260530T164300-host-j8/aarch64-unknown-none-softfloat/release/deps -L dependency=/private/tmp/host-starryos-aligned-j8-target-20260530T164300-host-j8/release/deps --extern core=/private/tmp/host-starryos-aligned-j8-target-20260530T164300-host-j8/aarch64-unknown-none-softfloat/release/deps/libcore-d9ef87706fa9a7f5.rmeta --cap-lints allow -Clink-arg=-Tlinker.x -Clink-arg=-no-pie -Clink-arg=-znostart-stop-gc --cfg intrinsics_enabled --cfg f16_enabled --cfg f128_enabled --cfg feature=""mem"" --cfg mem_unaligned --check-cfg cfg(thumb) --check-cfg cfg(thumb_1) --check-cfg cfg(x86_no_sse2) --check-cfg cfg(assert_no_panic) --check-cfg cfg(intrinsics_enabled) --check-cfg cfg(optimizations_enabled) --check-cfg cfg(f16_enabled) --check-cfg cfg(f128_enabled) --check-cfg cfg(__ashldi3, values(""optimized-c"")) --check-cfg cfg(__ashlsi3, values(""optimized-c"")) --check-cfg cfg(__ashrdi3, values(""optimized-c"")) --check-cfg cfg(__ashrsi3, values(""optimized-c"")) --check-cfg cfg(__bswapsi2, values(""optimized-c"")) --check-cfg cfg(__bswapdi2, values(""optimized-c"")) --check-cfg cfg(__bswapti2, values(""optimized-c"")) --check-cfg cfg(__divdi3, values(""optimized-c"")) --check-cfg cfg(__divsi3, values(""optimized-c"")) --check-cfg cfg(__divmoddi4, values(""optimized-c"")) --check-cfg cfg(__divmodsi4, values(""optimized-c"")) --check-cfg cfg(__divmodsi4, values(""optimized-c"")) --check-cfg cfg(__divmodti4, values(""optimized-c"")) --check-cfg cfg(__lshrdi3, values(""optimized-c"")) --check-cfg cfg(__lshrsi3, values(""optimized-c"")) --check-cfg cfg(__moddi3, values(""optimized-c"")) --check-cfg cfg(__modsi3, values(""optimized-c"")) --check-cfg cfg(__muldi3, values(""optimized-c"")) --check-cfg cfg(__udivdi3, values(""optimized-c"")) --check-cfg cfg(__udivmoddi4, values(""optimized-c"")) --check-cfg cfg(__udivmodsi4, values(""optimized-c"")) --check-cfg cfg(__udivsi3, values(""optimized-c"")) --check-cfg cfg(__umoddi3, values(""optimized-c"")) --check-cfg cfg(__umodsi3, values(""optimized-c"")) --check-cfg cfg(__aarch64_cas1_relax, values(""optimized-c"")) --check-cfg cfg(__aarch64_cas1_acq, values(""optimized-c"")) --check-cfg cfg(__aarch64_cas1_rel, values(""optimized-c"")) --check-cfg cfg(__aarch64_cas1_acq_rel, values(""optimized-c"")) --check-cfg cfg(__aarch64_cas2_relax, values(""optimized-c"")) --check-cfg cfg(__aarch64_cas2_acq, values(""optimized-c"")) --check-cfg cfg(__aarch64_cas2_rel, values(""optimized-c"")) --check-cfg cfg(__aarch64_cas2_acq_rel, values(""optimized-c"")) --check-cfg cfg(__aarch64_cas4_relax, values(""optimized-c"")) --check-cfg cfg(__aarch64_cas4_acq, values(""optimized-c"")) --check-cfg cfg(__aarch64_cas4_rel, values(""optimized-c"")) --check-cfg cfg(__aarch64_cas4_acq_rel, values(""optimized-c"")) --check-cfg cfg(__aarch64_cas8_relax, values(""optimized-c"")) --check-cfg cfg(__aarch64_cas8_acq, values(""optimized-c"")) --check-cfg cfg(__aarch64_cas8_rel, values(""optimized-c"")) --check-cfg cfg(__aarch64_cas8_acq_rel, values(""optimized-c"")) --check-cfg cfg(__aarch64_cas16_relax, values(""optimized-c"")) --check-cfg cfg(__aarch64_cas16_acq, values(""optimized-c"")) --check-cfg cfg(__aarch64_cas16_rel, values(""optimized-c"")) --check-cfg cfg(__aarch64_cas16_acq_rel, values(""optimized-c"")) --check-cfg cfg(__aarch64_ldadd1_relax, values(""optimized-c"")) --check-cfg cfg(__aarch64_ldadd1_acq, values(""optimized-c"")) --check-cfg cfg(__aarch64_ldadd1_rel, values(""optimized-c"")) --check-cfg cfg(__aarch64_ldadd1_acq_rel, values(""optimized-c"")) --check-cfg cfg(__aarch64_ldadd2_relax, values(""optimized-c"")) --check-cfg cfg(__aarch64_ldadd2_acq, values(""optimized-c"")) --check-cfg cfg(__aarch64_ldadd2_rel, values(""optimized-c"")) --check-cfg cfg(__aarch64_ldadd2_acq_rel, values(""optimized-c"")) --check-cfg cfg(__aarch64_ldadd4_relax, values(""optimized-c"")) --check-cfg cfg(__aarch64_ldadd4_acq, values(""optimized-c"")) --check-cfg cfg(__aarch64_ldadd4_rel, values(""optimized-c"")) --check-cfg cfg(__aarch64_ldadd4_acq_rel, values(""optimized-c"")) --check-cfg cfg(__aarch64_ldadd8_relax, values(""optimized-c"")) --check-cfg cfg(__aarch64_ldadd8_acq, values(""optimized-c"")) --check-cfg cfg(__aarch64_ldadd8_rel, values(""optimized-c"")) --check-cfg cfg(__aarch64_ldadd8_acq_rel, values(""optimized-c"")) --check-cfg cfg(__aarch64_ldclr1_relax, values(""optimized-c"")) --check-cfg cfg(__aarch64_ldclr1_acq, values(""optimized-c"")) --check-cfg cfg(__aarch64_ldclr1_rel, values(""optimized-c"")) --check-cfg cfg(__aarch64_ldclr1_acq_rel, values(""optimized-c"")) --check-cfg cfg(__aarch64_ldclr2_relax, values(""optimized-c"")) --check-cfg cfg(__aarch64_ldclr2_acq, values(""optimized-c"")) --check-cfg cfg(__aarch64_ldclr2_rel, values(""optimized-c"")) --check-cfg cfg(__aarch64_ldclr2_acq_rel, values(""optimized-c"")) --check-cfg cfg(__aarch64_ldclr4_relax, values(""optimized-c"")) --check-cfg cfg(__aarch64_ldclr4_acq, values(""optimized-c"")) --check-cfg cfg(__aarch64_ldclr4_rel, values(""optimized-c"")) --check-cfg cfg(__aarch64_ldclr4_acq_rel, values(""optimized-c"")) --check-cfg cfg(__aarch64_ldclr8_relax, values(""optimized-c"")) --check-cfg cfg(__aarch64_ldclr8_acq, values(""optimized-c"")) --check-cfg cfg(__aarch64_ldclr8_rel, values(""optimized-c"")) --check-cfg cfg(__aarch64_ldclr8_acq_rel, values(""optimized-c"")) --check-cfg cfg(__aarch64_ldeor1_relax, values(""optimized-c"")) --check-cfg cfg(__aarch64_ldeor1_acq, values(""optimized-c"")) --check-cfg cfg(__aarch64_ldeor1_rel, values(""optimized-c"")) --check-cfg cfg(__aarch64_ldeor1_acq_rel, values(""optimized-c"")) --check-cfg cfg(__aarch64_ldeor2_relax, values(""optimized-c"")) --check-cfg cfg(__aarch64_ldeor2_acq, values(""optimized-c"")) --check-cfg cfg(__aarch64_ldeor2_rel, values(""optimized-c"")) --check-cfg cfg(__aarch64_ldeor2_acq_rel, values(""optimized-c"")) --check-cfg cfg(__aarch64_ldeor4_relax, values(""optimized-c"")) --check-cfg cfg(__aarch64_ldeor4_acq, values(""optimized-c"")) --check-cfg cfg(__aarch64_ldeor4_rel, values(""optimized-c"")) --check-cfg cfg(__aarch64_ldeor4_acq_rel, values(""optimized-c"")) --check-cfg cfg(__aarch64_ldeor8_relax, values(""optimized-c"")) --check-cfg cfg(__aarch64_ldeor8_acq, values(""optimized-c"")) --check-cfg cfg(__aarch64_ldeor8_rel, values(""optimized-c"")) --check-cfg cfg(__aarch64_ldeor8_acq_rel, values(""optimized-c"")) --check-cfg cfg(__aarch64_ldset1_relax, values(""optimized-c"")) --check-cfg cfg(__aarch64_ldset1_acq, values(""optimized-c"")) --check-cfg cfg(__aarch64_ldset1_rel, values(""optimized-c"")) --check-cfg cfg(__aarch64_ldset1_acq_rel, values(""optimized-c"")) --check-cfg cfg(__aarch64_ldset2_relax, values(""optimized-c"")) --check-cfg cfg(__aarch64_ldset2_acq, values(""optimized-c"")) --check-cfg cfg(__aarch64_ldset2_rel, values(""optimized-c"")) --check-cfg cfg(__aarch64_ldset2_acq_rel, values(""optimized-c"")) --check-cfg cfg(__aarch64_ldset4_relax, values(""optimized-c"")) --check-cfg cfg(__aarch64_ldset4_acq, values(""optimized-c"")) --check-cfg cfg(__aarch64_ldset4_rel, values(""optimized-c"")) --check-cfg cfg(__aarch64_ldset4_acq_rel, values(""optimized-c"")) --check-cfg cfg(__aarch64_ldset8_relax, values(""optimized-c"")) --check-cfg cfg(__aarch64_ldset8_acq, values(""optimized-c"")) --check-cfg cfg(__aarch64_ldset8_rel, values(""optimized-c"")) --check-cfg cfg(__aarch64_ldset8_acq_rel, values(""optimized-c"")) --check-cfg cfg(__aarch64_swp1_relax, values(""optimized-c"")) --check-cfg cfg(__aarch64_swp1_acq, values(""optimized-c"")) --check-cfg cfg(__aarch64_swp1_rel, values(""optimized-c"")) --check-cfg cfg(__aarch64_swp1_acq_rel, values(""optimized-c"")) --check-cfg cfg(__aarch64_swp2_relax, values(""optimized-c"")) --check-cfg cfg(__aarch64_swp2_acq, values(""optimized-c"")) --check-cfg cfg(__aarch64_swp2_rel, values(""optimized-c"")) --check-cfg cfg(__aarch64_swp2_acq_rel, values(""optimized-c"")) --check-cfg cfg(__aarch64_swp4_relax, values(""optimized-c"")) --check-cfg cfg(__aarch64_swp4_acq, values(""optimized-c"")) --check-cfg cfg(__aarch64_swp4_rel, values(""optimized-c"")) --check-cfg cfg(__aarch64_swp4_acq_rel, values(""optimized-c"")) --check-cfg cfg(__aarch64_swp8_relax, values(""optimized-c"")) --check-cfg cfg(__aarch64_swp8_acq, values(""optimized-c"")) --check-cfg cfg(__aarch64_swp8_rel, values(""optimized-c"")) --check-cfg cfg(__aarch64_swp8_acq_rel, values(""optimized-c"")) --check-cfg cfg(target_feature, values(""vis3"")) --check-cfg cfg(mem_unaligned) --check-cfg cfg(kernel_user_helpers)"
1780130712.465,114.133,49.465,93031,68.00,0.68,8.50,5,1,1,0,68.00,"/Users/txc/.rustup/toolchains/nightly-2026-04-27-aarch64-apple-darwin/bin/rustc --crate-name alloc --edition=2024 /Users/txc/.rustup/toolchains/nightly-2026-04-27-aarch64-apple-darwin/lib/rustlib/src/rust/library/alloc/src/lib.rs --error-format=json --json=diagnostic-rendered-ansi,artifacts,future-incompat --crate-type lib --emit=dep-info,metadata,link -C embed-bitcode=no -C codegen-units=256 --warn=unexpected_cfgs --check-cfg cfg(no_global_oom_handling) --check-cfg cfg(no_rc) --check-cfg cfg(no_sync) -C debug-assertions=off --check-cfg cfg(docsrs,test) --check-cfg cfg(feature, values(""compiler-builtins-c"", ""compiler-builtins-mem"", ""optimize_for_size"")) -C metadata=87878dc23bd94434 -C extra-filename=-01ae3635ac91bcf4 --out-dir /private/tmp/host-starryos-aligned-j8-target-20260530T164300-host-j8/aarch64-unknown-none-softfloat/release/deps --target aarch64-unknown-none-softfloat -C strip=debuginfo -Z force-unstable-if-unmarked -L dependency=/private/tmp/host-starryos-aligned-j8-target-20260530T164300-host-j8/aarch64-unknown-none-softfloat/release/deps -L dependency=/private/tmp/host-starryos-aligned-j8-target-20260530T164300-host-j8/release/deps --extern priv:compiler_builtins=/private/tmp/host-starryos-aligned-j8-target-20260530T164300-host-j8/aarch64-unknown-none-softfloat/release/deps/libcompiler_builtins-8141dd3b2ab3624f.rmeta --extern core=/private/tmp/host-starryos-aligned-j8-target-20260530T164300-host-j8/aarch64-unknown-none-softfloat/release/deps/libcore-d9ef87706fa9a7f5.rmeta -Z unstable-options --cap-lints allow -Clink-arg=-Tlinker.x -Clink-arg=-no-pie -Clink-arg=-znostart-stop-gc"
1780130713.566,115.234,50.566,93031,82.60,0.83,10.32,5,1,1,0,82.60,"/Users/txc/.rustup/toolchains/nightly-2026-04-27-aarch64-apple-darwin/bin/rustc --crate-name alloc --edition=2024 /Users/txc/.rustup/toolchains/nightly-2026-04-27-aarch64-apple-darwin/lib/rustlib/src/rust/library/alloc/src/lib.rs --error-format=json --json=diagnostic-rendered-ansi,artifacts,future-incompat --crate-type lib --emit=dep-info,metadata,link -C embed-bitcode=no -C codegen-units=256 --warn=unexpected_cfgs --check-cfg cfg(no_global_oom_handling) --check-cfg cfg(no_rc) --check-cfg cfg(no_sync) -C debug-assertions=off --check-cfg cfg(docsrs,test) --check-cfg cfg(feature, values(""compiler-builtins-c"", ""compiler-builtins-mem"", ""optimize_for_size"")) -C metadata=87878dc23bd94434 -C extra-filename=-01ae3635ac91bcf4 --out-dir /private/tmp/host-starryos-aligned-j8-target-20260530T164300-host-j8/aarch64-unknown-none-softfloat/release/deps --target aarch64-unknown-none-softfloat -C strip=debuginfo -Z force-unstable-if-unmarked -L dependency=/private/tmp/host-starryos-aligned-j8-target-20260530T164300-host-j8/aarch64-unknown-none-softfloat/release/deps -L dependency=/private/tmp/host-starryos-aligned-j8-target-20260530T164300-host-j8/release/deps --extern priv:compiler_builtins=/private/tmp/host-starryos-aligned-j8-target-20260530T164300-host-j8/aarch64-unknown-none-softfloat/release/deps/libcompiler_builtins-8141dd3b2ab3624f.rmeta --extern core=/private/tmp/host-starryos-aligned-j8-target-20260530T164300-host-j8/aarch64-unknown-none-softfloat/release/deps/libcore-d9ef87706fa9a7f5.rmeta -Z unstable-options --cap-lints allow -Clink-arg=-Tlinker.x -Clink-arg=-no-pie -Clink-arg=-znostart-stop-gc"
1780130714.769,116.437,51.769,93031,98.20,0.98,12.28,12,6,1,0,72.90,"/Users/txc/.rustup/toolchains/nightly-2026-04-27-aarch64-apple-darwin/bin/rustc --crate-name alloc --edition=2024 /Users/txc/.rustup/toolchains/nightly-2026-04-27-aarch64-apple-darwin/lib/rustlib/src/rust/library/alloc/src/lib.rs --error-format=json --json=diagnostic-rendered-ansi,artifacts,future-incompat --crate-type lib --emit=dep-info,metadata,link -C embed-bitcode=no -C codegen-units=256 --warn=unexpected_cfgs --check-cfg cfg(no_global_oom_handling) --check-cfg cfg(no_rc) --check-cfg cfg(no_sync) -C debug-assertions=off --check-cfg cfg(docsrs,test) --check-cfg cfg(feature, values(""compiler-builtins-c"", ""compiler-builtins-mem"", ""optimize_for_size"")) -C metadata=87878dc23bd94434 -C extra-filename=-01ae3635ac91bcf4 --out-dir /private/tmp/host-starryos-aligned-j8-target-20260530T164300-host-j8/aarch64-unknown-none-softfloat/release/deps --target aarch64-unknown-none-softfloat -C strip=debuginfo -Z force-unstable-if-unmarked -L dependency=/private/tmp/host-starryos-aligned-j8-target-20260530T164300-host-j8/aarch64-unknown-none-softfloat/release/deps -L dependency=/private/tmp/host-starryos-aligned-j8-target-20260530T164300-host-j8/release/deps --extern priv:compiler_builtins=/private/tmp/host-starryos-aligned-j8-target-20260530T164300-host-j8/aarch64-unknown-none-softfloat/release/deps/libcompiler_builtins-8141dd3b2ab3624f.rmeta --extern core=/private/tmp/host-starryos-aligned-j8-target-20260530T164300-host-j8/aarch64-unknown-none-softfloat/release/deps/libcore-d9ef87706fa9a7f5.rmeta -Z unstable-options --cap-lints allow -Clink-arg=-Tlinker.x -Clink-arg=-no-pie -Clink-arg=-znostart-stop-gc"
1780130716.103,117.771,53.103,93031,176.80,1.77,22.10,12,6,1,0,44.20,"/Users/txc/.rustup/toolchains/nightly-2026-04-27-aarch64-apple-darwin/bin/rustc --crate-name heapless --edition=2021 /Users/txc/.cargo/registry/src/index.crates.io-1949cf8c6b5b557f/heapless-0.9.3/src/lib.rs --error-format=json --json=diagnostic-rendered-ansi,artifacts,future-incompat --crate-type lib --emit=dep-info,metadata,link -C embed-bitcode=no -C codegen-units=256 -C debug-assertions=off --check-cfg cfg(docsrs,test) --check-cfg cfg(feature, values(""alloc"", ""bytes"", ""defmt"", ""embedded-io-v0.7"", ""mpmc_large"", ""nightly"", ""portable-atomic"", ""portable-atomic-critical-section"", ""portable-atomic-unsafe-assume-single-core"", ""serde"", ""ufmt"", ""zeroize"")) -C metadata=2554457f8bda3597 -C extra-filename=-ed5a82a12657fe0e --out-dir /private/tmp/host-starryos-aligned-j8-target-20260530T164300-host-j8/aarch64-unknown-none-softfloat/release/deps --target aarch64-unknown-none-softfloat -C strip=debuginfo -L dependency=/private/tmp/host-starryos-aligned-j8-target-20260530T164300-host-j8/aarch64-unknown-none-softfloat/release/deps -L dependency=/private/tmp/host-starryos-aligned-j8-target-20260530T164300-host-j8/release/deps --extern noprelude,nounused:alloc=/private/tmp/host-starryos-aligned-j8-target-20260530T164300-host-j8/aarch64-unknown-none-softfloat/release/deps/liballoc-01ae3635ac91bcf4.rmeta --extern noprelude,nounused:compiler_builtins=/private/tmp/host-starryos-aligned-j8-target-20260530T164300-host-j8/aarch64-unknown-none-softfloat/release/deps/libcompiler_builtins-8141dd3b2ab3624f.rmeta --extern noprelude,nounused:core=/private/tmp/host-starryos-aligned-j8-target-20260530T164300-host-j8/aarch64-unknown-none-softfloat/release/deps/libcore-d9ef87706fa9a7f5.rmeta --extern hash32=/private/tmp/host-starryos-aligned-j8-target-20260530T164300-host-j8/aarch64-unknown-none-softfloat/release/deps/libhash32-dc8ada1b2d3e24e9.rmeta --extern stable_deref_trait=/private/tmp/host-starryos-aligned-j8-target-20260530T164300-host-j8/aarch64-unknown-none-softfloat/release/deps/libstable_deref_trait-ebb7bf0c52d1374c.rmeta -Z unstable-options --cap-lints allow -Clink-arg=-Tlinker.x -Clink-arg=-no-pie -Clink-arg=-znostart-stop-gc --check-cfg cfg(arm_llsc) --check-cfg cfg(has_atomic_load_store)"
1780130717.176,118.844,54.176,93031,155.70,1.56,19.46,12,7,1,0,57.70,"/Users/txc/.rustup/toolchains/nightly-2026-04-27-aarch64-apple-darwin/bin/rustc --crate-name aarch64_cpu --edition=2018 /Users/txc/.cargo/registry/src/index.crates.io-1949cf8c6b5b557f/aarch64-cpu-11.2.0/src/lib.rs --error-format=json --json=diagnostic-rendered-ansi,artifacts,future-incompat --crate-type lib --emit=dep-info,metadata,link -C embed-bitcode=no -C codegen-units=256 -C debug-assertions=off --check-cfg cfg(docsrs,test) --check-cfg cfg(feature, values()) -C metadata=643a81365d418205 -C extra-filename=-2c9bc185a9ba8945 --out-dir /private/tmp/host-starryos-aligned-j8-target-20260530T164300-host-j8/aarch64-unknown-none-softfloat/release/deps --target aarch64-unknown-none-softfloat -C strip=debuginfo -L dependency=/private/tmp/host-starryos-aligned-j8-target-20260530T164300-host-j8/aarch64-unknown-none-softfloat/release/deps -L dependency=/private/tmp/host-starryos-aligned-j8-target-20260530T164300-host-j8/release/deps --extern noprelude,nounused:alloc=/private/tmp/host-starryos-aligned-j8-target-20260530T164300-host-j8/aarch64-unknown-none-softfloat/release/deps/liballoc-01ae3635ac91bcf4.rmeta --extern noprelude,nounused:compiler_builtins=/private/tmp/host-starryos-aligned-j8-target-20260530T164300-host-j8/aarch64-unknown-none-softfloat/release/deps/libcompiler_builtins-8141dd3b2ab3624f.rmeta --extern noprelude,nounused:core=/private/tmp/host-starryos-aligned-j8-target-20260530T164300-host-j8/aarch64-unknown-none-softfloat/release/deps/libcore-d9ef87706fa9a7f5.rmeta --extern tock_registers=/private/tmp/host-starryos-aligned-j8-target-20260530T164300-host-j8/aarch64-unknown-none-softfloat/release/deps/libtock_registers-472e02e5bc5afb72.rmeta -Z unstable-options --cap-lints allow -Clink-arg=-Tlinker.x -Clink-arg=-no-pie -Clink-arg=-znostart-stop-gc"
1780130718.465,120.133,55.465,93031,114.10,1.14,14.26,12,7,1,0,52.20,"/Users/txc/.rustup/toolchains/nightly-2026-04-27-aarch64-apple-darwin/bin/rustc --crate-name aarch64_cpu --edition=2018 /Users/txc/.cargo/registry/src/index.crates.io-1949cf8c6b5b557f/aarch64-cpu-11.2.0/src/lib.rs --error-format=json --json=diagnostic-rendered-ansi,artifacts,future-incompat --crate-type lib --emit=dep-info,metadata,link -C embed-bitcode=no -C codegen-units=256 -C debug-assertions=off --check-cfg cfg(docsrs,test) --check-cfg cfg(feature, values()) -C metadata=643a81365d418205 -C extra-filename=-2c9bc185a9ba8945 --out-dir /private/tmp/host-starryos-aligned-j8-target-20260530T164300-host-j8/aarch64-unknown-none-softfloat/release/deps --target aarch64-unknown-none-softfloat -C strip=debuginfo -L dependency=/private/tmp/host-starryos-aligned-j8-target-20260530T164300-host-j8/aarch64-unknown-none-softfloat/release/deps -L dependency=/private/tmp/host-starryos-aligned-j8-target-20260530T164300-host-j8/release/deps --extern noprelude,nounused:alloc=/private/tmp/host-starryos-aligned-j8-target-20260530T164300-host-j8/aarch64-unknown-none-softfloat/release/deps/liballoc-01ae3635ac91bcf4.rmeta --extern noprelude,nounused:compiler_builtins=/private/tmp/host-starryos-aligned-j8-target-20260530T164300-host-j8/aarch64-unknown-none-softfloat/release/deps/libcompiler_builtins-8141dd3b2ab3624f.rmeta --extern noprelude,nounused:core=/private/tmp/host-starryos-aligned-j8-target-20260530T164300-host-j8/aarch64-unknown-none-softfloat/release/deps/libcore-d9ef87706fa9a7f5.rmeta --extern tock_registers=/private/tmp/host-starryos-aligned-j8-target-20260530T164300-host-j8/aarch64-unknown-none-softfloat/release/deps/libtock_registers-472e02e5bc5afb72.rmeta -Z unstable-options --cap-lints allow -Clink-arg=-Tlinker.x -Clink-arg=-no-pie -Clink-arg=-znostart-stop-gc"
1780130719.571,121.239,56.571,93031,121.90,1.22,15.24,12,7,1,0,70.30,"/Users/txc/.rustup/toolchains/nightly-2026-04-27-aarch64-apple-darwin/bin/rustc --crate-name aarch64_cpu --edition=2018 /Users/txc/.cargo/registry/src/index.crates.io-1949cf8c6b5b557f/aarch64-cpu-11.2.0/src/lib.rs --error-format=json --json=diagnostic-rendered-ansi,artifacts,future-incompat --crate-type lib --emit=dep-info,metadata,link -C embed-bitcode=no -C codegen-units=256 -C debug-assertions=off --check-cfg cfg(docsrs,test) --check-cfg cfg(feature, values()) -C metadata=643a81365d418205 -C extra-filename=-2c9bc185a9ba8945 --out-dir /private/tmp/host-starryos-aligned-j8-target-20260530T164300-host-j8/aarch64-unknown-none-softfloat/release/deps --target aarch64-unknown-none-softfloat -C strip=debuginfo -L dependency=/private/tmp/host-starryos-aligned-j8-target-20260530T164300-host-j8/aarch64-unknown-none-softfloat/release/deps -L dependency=/private/tmp/host-starryos-aligned-j8-target-20260530T164300-host-j8/release/deps --extern noprelude,nounused:alloc=/private/tmp/host-starryos-aligned-j8-target-20260530T164300-host-j8/aarch64-unknown-none-softfloat/release/deps/liballoc-01ae3635ac91bcf4.rmeta --extern noprelude,nounused:compiler_builtins=/private/tmp/host-starryos-aligned-j8-target-20260530T164300-host-j8/aarch64-unknown-none-softfloat/release/deps/libcompiler_builtins-8141dd3b2ab3624f.rmeta --extern noprelude,nounused:core=/private/tmp/host-starryos-aligned-j8-target-20260530T164300-host-j8/aarch64-unknown-none-softfloat/release/deps/libcore-d9ef87706fa9a7f5.rmeta --extern tock_registers=/private/tmp/host-starryos-aligned-j8-target-20260530T164300-host-j8/aarch64-unknown-none-softfloat/release/deps/libtock_registers-472e02e5bc5afb72.rmeta -Z unstable-options --cap-lints allow -Clink-arg=-Tlinker.x -Clink-arg=-no-pie -Clink-arg=-znostart-stop-gc"
1780130720.672,122.340,57.672,93031,170.60,1.71,21.32,12,6,1,0,49.90,"/Users/txc/.rustup/toolchains/nightly-2026-04-27-aarch64-apple-darwin/bin/rustc --crate-name gpt_disk_types --edition=2021 /Users/txc/.cargo/registry/src/index.crates.io-1949cf8c6b5b557f/gpt_disk_types-0.16.1/src/lib.rs --error-format=json --json=diagnostic-rendered-ansi,artifacts,future-incompat --crate-type lib --emit=dep-info,metadata,link -C embed-bitcode=no -C codegen-units=256 -C debug-assertions=off --cfg feature=""bytemuck"" --check-cfg cfg(docsrs,test) --check-cfg cfg(feature, values(""bytemuck"", ""std"")) -C metadata=22bbcdd106541763 -C extra-filename=-2f37abf88fecb2ef --out-dir /private/tmp/host-starryos-aligned-j8-target-20260530T164300-host-j8/aarch64-unknown-none-softfloat/release/deps --target aarch64-unknown-none-softfloat -C strip=debuginfo -L dependency=/private/tmp/host-starryos-aligned-j8-target-20260530T164300-host-j8/aarch64-unknown-none-softfloat/release/deps -L dependency=/private/tmp/host-starryos-aligned-j8-target-20260530T164300-host-j8/release/deps --extern noprelude,nounused:alloc=/private/tmp/host-starryos-aligned-j8-target-20260530T164300-host-j8/aarch64-unknown-none-softfloat/release/deps/liballoc-01ae3635ac91bcf4.rmeta --extern bytemuck=/private/tmp/host-starryos-aligned-j8-target-20260530T164300-host-j8/aarch64-unknown-none-softfloat/release/deps/libbytemuck-1e1a9f6ca5df5a4b.rmeta --extern noprelude,nounused:compiler_builtins=/private/tmp/host-starryos-aligned-j8-target-20260530T164300-host-j8/aarch64-unknown-none-softfloat/release/deps/libcompiler_builtins-8141dd3b2ab3624f.rmeta --extern noprelude,nounused:core=/private/tmp/host-starryos-aligned-j8-target-20260530T164300-host-j8/aarch64-unknown-none-softfloat/release/deps/libcore-d9ef87706fa9a7f5.rmeta --extern crc=/private/tmp/host-starryos-aligned-j8-target-20260530T164300-host-j8/aarch64-unknown-none-softfloat/release/deps/libcrc-7de99a2b532207ef.rmeta --extern ucs2=/private/tmp/host-starryos-aligned-j8-target-20260530T164300-host-j8/aarch64-unknown-none-softfloat/release/deps/libucs2-d879d24b3a88f05d.rmeta --extern uguid=/private/tmp/host-starryos-aligned-j8-target-20260530T164300-host-j8/aarch64-unknown-none-softfloat/release/deps/libuguid-9d5db6dbcff3ea63.rmeta -Z unstable-options --cap-lints allow -Clink-arg=-Tlinker.x -Clink-arg=-no-pie -Clink-arg=-znostart-stop-gc"
1780130721.943,123.611,58.943,93031,225.50,2.25,28.19,12,8,1,0,42.70,"/Users/txc/.rustup/toolchains/nightly-2026-04-27-aarch64-apple-darwin/bin/rustc --crate-name crossbeam_utils --edition=2021 /Users/txc/.cargo/registry/src/index.crates.io-1949cf8c6b5b557f/crossbeam-utils-0.8.21/src/lib.rs --error-format=json --json=diagnostic-rendered-ansi,artifacts,future-incompat --crate-type lib --emit=dep-info,metadata,link -C embed-bitcode=no -C codegen-units=256 --warn=unexpected_cfgs --allow=clippy::lint_groups_priority --allow=clippy::declare_interior_mutable_const --check-cfg cfg(crossbeam_loom) --check-cfg cfg(crossbeam_sanitize) -C debug-assertions=off --check-cfg cfg(docsrs,test) --check-cfg cfg(feature, values(""default"", ""loom"", ""nightly"", ""std"")) -C metadata=438bd5b46567914b -C extra-filename=-aeb84df5d6e0c88b --out-dir /private/tmp/host-starryos-aligned-j8-target-20260530T164300-host-j8/aarch64-unknown-none-softfloat/release/deps --target aarch64-unknown-none-softfloat -C strip=debuginfo -L dependency=/private/tmp/host-starryos-aligned-j8-target-20260530T164300-host-j8/aarch64-unknown-none-softfloat/release/deps -L dependency=/private/tmp/host-starryos-aligned-j8-target-20260530T164300-host-j8/release/deps --extern noprelude,nounused:alloc=/private/tmp/host-starryos-aligned-j8-target-20260530T164300-host-j8/aarch64-unknown-none-softfloat/release/deps/liballoc-01ae3635ac91bcf4.rmeta --extern noprelude,nounused:compiler_builtins=/private/tmp/host-starryos-aligned-j8-target-20260530T164300-host-j8/aarch64-unknown-none-softfloat/release/deps/libcompiler_builtins-8141dd3b2ab3624f.rmeta --extern noprelude,nounused:core=/private/tmp/host-starryos-aligned-j8-target-20260530T164300-host-j8/aarch64-unknown-none-softfloat/release/deps/libcore-d9ef87706fa9a7f5.rmeta -Z unstable-options --cap-lints allow -Clink-arg=-Tlinker.x -Clink-arg=-no-pie -Clink-arg=-znostart-stop-gc --check-cfg cfg(crossbeam_no_atomic,crossbeam_sanitize_thread)"
1780130723.026,124.694,60.026,93031,239.40,2.39,29.93,12,7,1,0,43.70,"/Users/txc/.rustup/toolchains/nightly-2026-04-27-aarch64-apple-darwin/bin/rustc --crate-name ax_io --edition=2024 components/axio/src/lib.rs --error-format=json --json=diagnostic-rendered-ansi,artifacts,future-incompat --crate-type lib --emit=dep-info,metadata,link -C embed-bitcode=no -C codegen-units=256 -C debug-assertions=off --cfg feature=""alloc"" --cfg feature=""default"" --check-cfg cfg(docsrs,test) --check-cfg cfg(feature, values(""alloc"", ""default"")) -C metadata=f1e3e9a3a16781fc -C extra-filename=-fbd6e1d5c23d4761 --out-dir /private/tmp/host-starryos-aligned-j8-target-20260530T164300-host-j8/aarch64-unknown-none-softfloat/release/deps --target aarch64-unknown-none-softfloat -C strip=debuginfo -L dependency=/private/tmp/host-starryos-aligned-j8-target-20260530T164300-host-j8/aarch64-unknown-none-softfloat/release/deps -L dependency=/private/tmp/host-starryos-aligned-j8-target-20260530T164300-host-j8/release/deps --extern noprelude,nounused:alloc=/private/tmp/host-starryos-aligned-j8-target-20260530T164300-host-j8/aarch64-unknown-none-softfloat/release/deps/liballoc-01ae3635ac91bcf4.rmeta --extern ax_errno=/private/tmp/host-starryos-aligned-j8-target-20260530T164300-host-j8/aarch64-unknown-none-softfloat/release/deps/libax_errno-58fd8a41f3b0411e.rmeta --extern noprelude,nounused:compiler_builtins=/private/tmp/host-starryos-aligned-j8-target-20260530T164300-host-j8/aarch64-unknown-none-softfloat/release/deps/libcompiler_builtins-8141dd3b2ab3624f.rmeta --extern noprelude,nounused:core=/private/tmp/host-starryos-aligned-j8-target-20260530T164300-host-j8/aarch64-unknown-none-softfloat/release/deps/libcore-d9ef87706fa9a7f5.rmeta --extern heapless=/private/tmp/host-starryos-aligned-j8-target-20260530T164300-host-j8/aarch64-unknown-none-softfloat/release/deps/libheapless-ed5a82a12657fe0e.rmeta --extern memchr=/private/tmp/host-starryos-aligned-j8-target-20260530T164300-host-j8/aarch64-unknown-none-softfloat/release/deps/libmemchr-6945d2b5b3825877.rmeta -Z unstable-options -Clink-arg=-Tlinker.x -Clink-arg=-no-pie -Clink-arg=-znostart-stop-gc --check-cfg cfg(axio_new_borrowed_buf)"
1780130724.126,125.794,61.126,93031,211.90,2.12,26.49,12,8,1,0,35.50,"/Users/txc/.rustup/toolchains/nightly-2026-04-27-aarch64-apple-darwin/bin/rustc --crate-name managed --edition=2015 /Users/txc/.cargo/registry/src/index.crates.io-1949cf8c6b5b557f/managed-0.8.0/src/lib.rs --error-format=json --json=diagnostic-rendered-ansi,artifacts,future-incompat --crate-type lib --emit=dep-info,metadata,link -C embed-bitcode=no -C codegen-units=256 -C debug-assertions=off --cfg feature=""alloc"" --cfg feature=""map"" --check-cfg cfg(docsrs,test) --check-cfg cfg(feature, values(""alloc"", ""default"", ""map"", ""std"")) -C metadata=d3b74e663cfe331e -C extra-filename=-a80025542c79c08a --out-dir /private/tmp/host-starryos-aligned-j8-target-20260530T164300-host-j8/aarch64-unknown-none-softfloat/release/deps --target aarch64-unknown-none-softfloat -C strip=debuginfo -L dependency=/private/tmp/host-starryos-aligned-j8-target-20260530T164300-host-j8/aarch64-unknown-none-softfloat/release/deps -L dependency=/private/tmp/host-starryos-aligned-j8-target-20260530T164300-host-j8/release/deps --extern noprelude,nounused:alloc=/private/tmp/host-starryos-aligned-j8-target-20260530T164300-host-j8/aarch64-unknown-none-softfloat/release/deps/liballoc-01ae3635ac91bcf4.rmeta --extern noprelude,nounused:compiler_builtins=/private/tmp/host-starryos-aligned-j8-target-20260530T164300-host-j8/aarch64-unknown-none-softfloat/release/deps/libcompiler_builtins-8141dd3b2ab3624f.rmeta --extern noprelude,nounused:core=/private/tmp/host-starryos-aligned-j8-target-20260530T164300-host-j8/aarch64-unknown-none-softfloat/release/deps/libcore-d9ef87706fa9a7f5.rmeta -Z unstable-options --cap-lints allow -Clink-arg=-Tlinker.x -Clink-arg=-no-pie -Clink-arg=-znostart-stop-gc"
1780130725.230,126.898,62.230,93031,217.60,2.18,27.20,12,8,1,0,42.30,"/Users/txc/.rustup/toolchains/nightly-2026-04-27-aarch64-apple-darwin/bin/rustc --crate-name arm_gic_driver --edition=2024 drivers/intc/arm-gic-driver/src/lib.rs --error-format=json --json=diagnostic-rendered-ansi,artifacts,future-incompat --crate-type lib --emit=dep-info,metadata,link -C embed-bitcode=no -C codegen-units=256 -C debug-assertions=off --check-cfg cfg(docsrs,test) --check-cfg cfg(feature, values(""rdif"", ""rdif-intc"")) -C metadata=c6828eed641a9144 -C extra-filename=-99567dd65d926b96 --out-dir /private/tmp/host-starryos-aligned-j8-target-20260530T164300-host-j8/aarch64-unknown-none-softfloat/release/deps --target aarch64-unknown-none-softfloat -C strip=debuginfo -L dependency=/private/tmp/host-starryos-aligned-j8-target-20260530T164300-host-j8/aarch64-unknown-none-softfloat/release/deps -L dependency=/private/tmp/host-starryos-aligned-j8-target-20260530T164300-host-j8/release/deps --extern aarch64_cpu=/private/tmp/host-starryos-aligned-j8-target-20260530T164300-host-j8/aarch64-unknown-none-softfloat/release/deps/libaarch64_cpu-2c9bc185a9ba8945.rmeta --extern noprelude,nounused:alloc=/private/tmp/host-starryos-aligned-j8-target-20260530T164300-host-j8/aarch64-unknown-none-softfloat/release/deps/liballoc-01ae3635ac91bcf4.rmeta --extern bitflags=/private/tmp/host-starryos-aligned-j8-target-20260530T164300-host-j8/aarch64-unknown-none-softfloat/release/deps/libbitflags-fb1569c4ca0b32a5.rmeta --extern noprelude,nounused:compiler_builtins=/private/tmp/host-starryos-aligned-j8-target-20260530T164300-host-j8/aarch64-unknown-none-softfloat/release/deps/libcompiler_builtins-8141dd3b2ab3624f.rmeta --extern noprelude,nounused:core=/private/tmp/host-starryos-aligned-j8-target-20260530T164300-host-j8/aarch64-unknown-none-softfloat/release/deps/libcore-d9ef87706fa9a7f5.rmeta --extern enum_dispatch=/private/tmp/host-starryos-aligned-j8-target-20260530T164300-host-j8/release/deps/libenum_dispatch-23387cadf79794a9.dylib --extern log=/private/tmp/host-starryos-aligned-j8-target-20260530T164300-host-j8/aarch64-unknown-none-softfloat/release/deps/liblog-e248568497eacb08.rmeta --extern paste=/private/tmp/host-starryos-aligned-j8-target-20260530T164300-host-j8/release/deps/libpaste-aade99ffa3d2122a.dylib --extern tock_registers=/private/tmp/host-starryos-aligned-j8-target-20260530T164300-host-j8/aarch64-unknown-none-softfloat/release/deps/libtock_registers-472e02e5bc5afb72.rmeta -Z unstable-options -Clink-arg=-Tlinker.x -Clink-arg=-no-pie -Clink-arg=-znostart-stop-gc"
1780130726.623,128.291,63.623,93031,192.00,1.92,24.00,12,7,1,0,26.50,"/Users/txc/.rustup/toolchains/nightly-2026-04-27-aarch64-apple-darwin/bin/rustc --crate-name futures_util --edition=2018 /Users/txc/.cargo/registry/src/index.crates.io-1949cf8c6b5b557f/futures-util-0.3.32/src/lib.rs --error-format=json --json=diagnostic-rendered-ansi,artifacts,future-incompat --crate-type lib --emit=dep-info,metadata,link -C embed-bitcode=no -C codegen-units=256 --warn=unreachable_pub --warn=unexpected_cfgs --warn=single_use_lifetimes --warn=rust_2018_idioms --warn=missing_debug_implementations --check-cfg cfg(futures_sanitizer) -C debug-assertions=off --cfg feature=""alloc"" --cfg feature=""async-await"" --cfg feature=""async-await-macro"" --cfg feature=""futures-macro"" --cfg feature=""slab"" --check-cfg cfg(docsrs,test) --check-cfg cfg(feature, values(""alloc"", ""async-await"", ""async-await-macro"", ""bilock"", ""cfg-target-has-atomic"", ""channel"", ""compat"", ""default"", ""futures-channel"", ""futures-io"", ""futures-macro"", ""futures-sink"", ""futures_01"", ""io"", ""io-compat"", ""libc"", ""memchr"", ""portable-atomic"", ""sink"", ""slab"", ""spin"", ""std"", ""tokio-io"", ""unstable"", ""write-all-vectored"")) -C metadata=b11a06579c9b1afe -C extra-filename=-00e068ae10c614fa --out-dir /private/tmp/host-starryos-aligned-j8-target-20260530T164300-host-j8/aarch64-unknown-none-softfloat/release/deps --target aarch64-unknown-none-softfloat -C strip=debuginfo -L dependency=/private/tmp/host-starryos-aligned-j8-target-20260530T164300-host-j8/aarch64-unknown-none-softfloat/release/deps -L dependency=/private/tmp/host-starryos-aligned-j8-target-20260530T164300-host-j8/release/deps --extern noprelude,nounused:alloc=/private/tmp/host-starryos-aligned-j8-target-20260530T164300-host-j8/aarch64-unknown-none-softfloat/release/deps/liballoc-01ae3635ac91bcf4.rmeta --extern noprelude,nounused:compiler_builtins=/private/tmp/host-starryos-aligned-j8-target-20260530T164300-host-j8/aarch64-unknown-none-softfloat/release/deps/libcompiler_builtins-8141dd3b2ab3624f.rmeta --extern noprelude,nounused:core=/private/tmp/host-starryos-aligned-j8-target-20260530T164300-host-j8/aarch64-unknown-none-softfloat/release/deps/libcore-d9ef87706fa9a7f5.rmeta --extern futures_core=/private/tmp/host-starryos-aligned-j8-target-20260530T164300-host-j8/aarch64-unknown-none-softfloat/release/deps/libfutures_core-1faf5255e39b78a4.rmeta --extern futures_macro=/private/tmp/host-starryos-aligned-j8-target-20260530T164300-host-j8/release/deps/libfutures_macro-08d2cf8bbefad500.dylib --extern futures_task=/private/tmp/host-starryos-aligned-j8-target-20260530T164300-host-j8/aarch64-unknown-none-softfloat/release/deps/libfutures_task-b74d4291a35dfe96.rmeta --extern pin_project_lite=/private/tmp/host-starryos-aligned-j8-target-20260530T164300-host-j8/aarch64-unknown-none-softfloat/release/deps/libpin_project_lite-fa28dbc823336063.rmeta --extern slab=/private/tmp/host-starryos-aligned-j8-target-20260530T164300-host-j8/aarch64-unknown-none-softfloat/release/deps/libslab-7494d6fe6d53ee85.rmeta -Z unstable-options --cap-lints allow -Clink-arg=-Tlinker.x -Clink-arg=-no-pie -Clink-arg=-znostart-stop-gc"
1780130727.742,129.410,64.742,93031,207.70,2.08,25.96,12,8,1,0,37.80,"/Users/txc/.rustup/toolchains/nightly-2026-04-27-aarch64-apple-darwin/bin/rustc --crate-name zerocopy --edition=2021 /Users/txc/.cargo/registry/src/index.crates.io-1949cf8c6b5b557f/zerocopy-0.8.48/src/lib.rs --error-format=json --json=diagnostic-rendered-ansi,artifacts,future-incompat --crate-type lib --emit=dep-info,metadata,link -C embed-bitcode=no -C codegen-units=256 -C debug-assertions=off --cfg feature=""alloc"" --cfg feature=""derive"" --cfg feature=""zerocopy-derive"" --check-cfg cfg(docsrs,test) --check-cfg cfg(feature, values(""__internal_use_only_features_that_work_on_stable"", ""alloc"", ""derive"", ""float-nightly"", ""simd"", ""simd-nightly"", ""std"", ""zerocopy-derive"")) -C metadata=d6eb8724e3d1f86d -C extra-filename=-c4debaaa390324fb --out-dir /private/tmp/host-starryos-aligned-j8-target-20260530T164300-host-j8/aarch64-unknown-none-softfloat/release/deps --target aarch64-unknown-none-softfloat -C strip=debuginfo -L dependency=/private/tmp/host-starryos-aligned-j8-target-20260530T164300-host-j8/aarch64-unknown-none-softfloat/release/deps -L dependency=/private/tmp/host-starryos-aligned-j8-target-20260530T164300-host-j8/release/deps --extern noprelude,nounused:alloc=/private/tmp/host-starryos-aligned-j8-target-20260530T164300-host-j8/aarch64-unknown-none-softfloat/release/deps/liballoc-01ae3635ac91bcf4.rmeta --extern noprelude,nounused:compiler_builtins=/private/tmp/host-starryos-aligned-j8-target-20260530T164300-host-j8/aarch64-unknown-none-softfloat/release/deps/libcompiler_builtins-8141dd3b2ab3624f.rmeta --extern noprelude,nounused:core=/private/tmp/host-starryos-aligned-j8-target-20260530T164300-host-j8/aarch64-unknown-none-softfloat/release/deps/libcore-d9ef87706fa9a7f5.rmeta --extern zerocopy_derive=/private/tmp/host-starryos-aligned-j8-target-20260530T164300-host-j8/release/deps/libzerocopy_derive-049eeff5d91366fd.dylib -Z unstable-options --cap-lints allow -Clink-arg=-Tlinker.x -Clink-arg=-no-pie -Clink-arg=-znostart-stop-gc --check-cfg cfg(no_zerocopy_simd_x86_avx12_1_89_0) --check-cfg cfg(rust, values(""1.89.0"")) --check-cfg cfg(no_zerocopy_core_error_1_81_0) --check-cfg cfg(rust, values(""1.81.0"")) --check-cfg cfg(no_zerocopy_diagnostic_on_unimplemented_1_78_0) --check-cfg cfg(rust, values(""1.78.0"")) --check-cfg cfg(no_zerocopy_generic_bounds_in_const_fn_1_61_0) --check-cfg cfg(rust, values(""1.61.0"")) --check-cfg cfg(no_zerocopy_target_has_atomics_1_60_0) --check-cfg cfg(rust, values(""1.60.0"")) --check-cfg cfg(no_zerocopy_aarch64_simd_1_59_0) --check-cfg cfg(rust, values(""1.59.0"")) --check-cfg cfg(no_zerocopy_aarch64_simd_be_1_87_0) --check-cfg cfg(rust, values(""1.87.0"")) --check-cfg cfg(no_zerocopy_panic_in_const_and_vec_try_reserve_1_57_0) --check-cfg cfg(rust, values(""1.57.0"")) --check-cfg cfg(doc_cfg) --check-cfg cfg(kani) --check-cfg cfg(__ZEROCOPY_INTERNAL_USE_ONLY_NIGHTLY_FEATURES_IN_TESTS) --check-cfg cfg(__ZEROCOPY_INTERNAL_USE_ONLY_DEV_MODE) --check-cfg cfg(coverage_nightly) --check-cfg cfg(zerocopy_inline_always)"
1780130728.832,130.500,65.832,93031,236.20,2.36,29.52,12,7,1,0,37.00,"/Users/txc/.rustup/toolchains/nightly-2026-04-27-aarch64-apple-darwin/bin/rustc --crate-name smoltcp --edition=2024 /Users/txc/.cargo/registry/src/index.crates.io-1949cf8c6b5b557f/smoltcp-0.13.1/src/lib.rs --error-format=json --json=diagnostic-rendered-ansi,artifacts,future-incompat --crate-type lib --emit=dep-info,metadata,link -C embed-bitcode=no -C codegen-units=256 --warn=unexpected_cfgs --check-cfg cfg(fuzzing) -C debug-assertions=off --cfg feature=""alloc"" --cfg feature=""async"" --cfg feature=""log"" --cfg feature=""medium-ethernet"" --cfg feature=""medium-ip"" --cfg feature=""proto-dhcpv4"" --cfg feature=""proto-dns"" --cfg feature=""proto-ipv4"" --cfg feature=""proto-ipv6"" --cfg feature=""socket"" --cfg feature=""socket-dhcpv4"" --cfg feature=""socket-dns"" --cfg feature=""socket-icmp"" --cfg feature=""socket-raw"" --cfg feature=""socket-tcp"" --cfg feature=""socket-udp"" --check-cfg cfg(docsrs,test) --check-cfg cfg(feature, values(""_netsim"", ""_proto-fragmentation"", ""alloc"", ""assembler-max-segment-count-1"", ""assembler-max-segment-count-16"", ""assembler-max-segment-count-2"", ""assembler-max-segment-count-3"", ""assembler-max-segment-count-32"", ""assembler-max-segment-count-4"", ""assembler-max-segment-count-8"", ""async"", ""auto-icmp-echo-reply"", ""default"", ""defmt"", ""dns-max-name-size-128"", ""dns-max-name-size-255"", ""dns-max-name-size-64"", ""dns-max-result-count-1"", ""dns-max-result-count-16"", ""dns-max-result-count-2"", ""dns-max-result-count-3"", ""dns-max-result-count-32"", ""dns-max-result-count-4"", ""dns-max-result-count-8"", ""dns-max-server-count-1"", ""dns-max-server-count-16"", ""dns-max-server-count-2"", ""dns-max-server-count-3"", ""dns-max-server-count-32"", ""dns-max-server-count-4"", ""dns-max-server-count-8"", ""fragmentation-buffer-size-1024"", ""fragmentation-buffer-size-1500"", ""fragmentation-buffer-size-16384"", ""fragmentation-buffer-size-2048"", ""fragmentation-buffer-size-256"", ""fragmentation-buffer-size-32768"", ""fragmentation-buffer-size-4096"", ""fragmentation-buffer-size-512"", ""fragmentation-buffer-size-65536"", ""fragmentation-buffer-size-8192"", ""iface-max-addr-count-1"", ""iface-max-addr-count-2"", ""iface-max-addr-count-3"", ""iface-max-addr-count-4"", ""iface-max-addr-count-5"", ""iface-max-addr-count-6"", ""iface-max-addr-count-7"", ""iface-max-addr-count-8"", ""iface-max-multicast-group-count-1"", ""iface-max-multicast-group-count-1024"", ""iface-max-multicast-group-count-128"", ""iface-max-multicast-group-count-16"", ""iface-max-multicast-group-count-2"", ""iface-max-multicast-group-count-256"", ""iface-max-multicast-group-count-3"", ""iface-max-multicast-group-count-32"", ""iface-max-multicast-group-count-4"", ""iface-max-multicast-group-count-5"", ""iface-max-multicast-group-count-512"", ""iface-max-multicast-group-count-6"", ""iface-max-multicast-group-count-64"", ""iface-max-multicast-group-count-7"", ""iface-max-multicast-group-count-8"", ""iface-max-prefix-count-1"", ""iface-max-prefix-count-2"", ""iface-max-prefix-count-3"", ""iface-max-prefix-count-4"", ""iface-max-prefix-count-5"", ""iface-max-prefix-count-6"", ""iface-max-prefix-count-7"", ""iface-max-prefix-count-8"", ""iface-max-route-count-0"", ""iface-max-route-count-1"", ""iface-max-route-count-1024"", ""iface-max-route-count-128"", ""iface-max-route-count-16"", ""iface-max-route-count-2"", ""iface-max-route-count-256"", ""iface-max-route-count-3"", ""iface-max-route-count-32"", ""iface-max-route-count-4"", ""iface-max-route-count-5"", ""iface-max-route-count-512"", ""iface-max-route-count-6"", ""iface-max-route-count-64"", ""iface-max-route-count-7"", ""iface-max-route-count-8"", ""iface-max-sixlowpan-address-context-count-1"", ""iface-max-sixlowpan-address-context-count-1024"", ""iface-max-sixlowpan-address-context-count-128"", ""iface-max-sixlowpan-address-context-count-16"", ""iface-max-sixlowpan-address-context-count-2"", ""iface-max-sixlowpan-address-context-count-256"", ""iface-max-sixlowpan-address-context-count-3"", ""iface-max-sixlowpan-address-context-count-32"", ""iface-max-sixlowpan-address-context-count-4"", ""iface-max-sixlowpan-address-context-count-5"", ""iface-max-sixlowpan-address-context-count-512"", ""iface-max-sixlowpan-address-context-count-6"", ""iface-max-sixlowpan-address-context-count-64"", ""iface-max-sixlowpan-address-context-count-7"", ""iface-max-sixlowpan-address-context-count-8"", ""iface-neighbor-cache-count-1"", ""iface-neighbor-cache-count-1024"", ""iface-neighbor-cache-count-128"", ""iface-neighbor-cache-count-16"", ""iface-neighbor-cache-count-2"", ""iface-neighbor-cache-count-256"", ""iface-neighbor-cache-count-3"", ""iface-neighbor-cache-count-32"", ""iface-neighbor-cache-count-4"", ""iface-neighbor-cache-count-5"", ""iface-neighbor-cache-count-512"", ""iface-neighbor-cache-count-6"", ""iface-neighbor-cache-count-64"", ""iface-neighbor-cache-count-7"", ""iface-neighbor-cache-count-8"", ""ipv6-hbh-max-options-1"", ""ipv6-hbh-max-options-16"", ""ipv6-hbh-max-options-2"", ""ipv6-hbh-max-options-3"", ""ipv6-hbh-max-options-32"", ""ipv6-hbh-max-options-4"", ""ipv6-hbh-max-options-8"", ""libc"", ""log"", ""medium-ethernet"", ""medium-ieee802154"", ""medium-ip"", ""multicast"", ""packetmeta-id"", ""phy-raw_socket"", ""phy-tuntap_interface"", ""proto-dhcpv4"", ""proto-dns"", ""proto-ipsec"", ""proto-ipsec-ah"", ""proto-ipsec-esp"", ""proto-ipv4"", ""proto-ipv4-fragmentation"", ""proto-ipv6"", ""proto-ipv6-fragmentation"", ""proto-ipv6-hbh"", ""proto-ipv6-routing"", ""proto-ipv6-slaac"", ""proto-rpl"", ""proto-sixlowpan"", ""proto-sixlowpan-fragmentation"", ""reassembly-buffer-count-1"", ""reassembly-buffer-count-16"", ""reassembly-buffer-count-2"", ""reassembly-buffer-count-3"", ""reassembly-buffer-count-32"", ""reassembly-buffer-count-4"", ""reassembly-buffer-count-8"", ""reassembly-buffer-size-1024"", ""reassembly-buffer-size-1500"", ""reassembly-buffer-size-16384"", ""reassembly-buffer-size-2048"", ""reassembly-buffer-size-256"", ""reassembly-buffer-size-32768"", ""reassembly-buffer-size-4096"", ""reassembly-buffer-size-512"", ""reassembly-buffer-size-65536"", ""reassembly-buffer-size-8192"", ""rpl-parents-buffer-count-16"", ""rpl-parents-buffer-count-2"", ""rpl-parents-buffer-count-32"", ""rpl-parents-buffer-count-4"", ""rpl-parents-buffer-count-8"", ""rpl-relations-buffer-count-1"", ""rpl-relations-buffer-count-128"", ""rpl-relations-buffer-count-16"", ""rpl-relations-buffer-count-2"", ""rpl-relations-buffer-count-32"", ""rpl-relations-buffer-count-4"", ""rpl-relations-buffer-count-64"", ""rpl-relations-buffer-count-8"", ""socket"", ""socket-dhcpv4"", ""socket-dns"", ""socket-icmp"", ""socket-mdns"", ""socket-raw"", ""socket-tcp"", ""socket-tcp-cubic"", ""socket-tcp-pause-synack"", ""socket-tcp-reno"", ""socket-udp"", ""std"", ""verbose"")) -C metadata=91b71bd31585e1db -C extra-filename=-9a52079add8e33b3 --out-dir /private/tmp/host-starryos-aligned-j8-target-20260530T164300-host-j8/aarch64-unknown-none-softfloat/release/deps --target aarch64-unknown-none-softfloat -C strip=debuginfo -L dependency=/private/tmp/host-starryos-aligned-j8-target-20260530T164300-host-j8/aarch64-unknown-none-softfloat/release/deps -L dependency=/private/tmp/host-starryos-aligned-j8-target-20260530T164300-host-j8/release/deps --extern noprelude,nounused:alloc=/private/tmp/host-starryos-aligned-j8-target-20260530T164300-host-j8/aarch64-unknown-none-softfloat/release/deps/liballoc-01ae3635ac91bcf4.rmeta --extern bitflags=/private/tmp/host-starryos-aligned-j8-target-20260530T164300-host-j8/aarch64-unknown-none-softfloat/release/deps/libbitflags-acf94be904911382.rmeta --extern byteorder=/private/tmp/host-starryos-aligned-j8-target-20260530T164300-host-j8/aarch64-unknown-none-softfloat/release/deps/libbyteorder-3cc284ab4952950a.rmeta --extern cfg_if=/private/tmp/host-starryos-aligned-j8-target-20260530T164300-host-j8/aarch64-unknown-none-softfloat/release/deps/libcfg_if-e485dc88ca678962.rmeta --extern noprelude,nounused:compiler_builtins=/private/tmp/host-starryos-aligned-j8-target-20260530T164300-host-j8/aarch64-unknown-none-softfloat/release/deps/libcompiler_builtins-8141dd3b2ab3624f.rmeta --extern noprelude,nounused:core=/private/tmp/host-starryos-aligned-j8-target-20260530T164300-host-j8/aarch64-unknown-none-softfloat/release/deps/libcore-d9ef87706fa9a7f5.rmeta --extern heapless=/private/tmp/host-starryos-aligned-j8-target-20260530T164300-host-j8/aarch64-unknown-none-softfloat/release/deps/libheapless-ed5a82a12657fe0e.rmeta --extern log=/private/tmp/host-starryos-aligned-j8-target-20260530T164300-host-j8/aarch64-unknown-none-softfloat/release/deps/liblog-e248568497eacb08.rmeta --extern managed=/private/tmp/host-starryos-aligned-j8-target-20260530T164300-host-j8/aarch64-unknown-none-softfloat/release/deps/libmanaged-a80025542c79c08a.rmeta -Z unstable-options --cap-lints allow -Clink-arg=-Tlinker.x -Clink-arg=-no-pie -Clink-arg=-znostart-stop-gc"
1780130730.013,131.681,67.013,93031,194.20,1.94,24.27,11,7,1,0,41.10,"/Users/txc/.rustup/toolchains/nightly-2026-04-27-aarch64-apple-darwin/bin/rustc --crate-name rand --edition=2024 /Users/txc/.cargo/registry/src/index.crates.io-1949cf8c6b5b557f/rand-0.10.1/src/lib.rs --error-format=json --json=diagnostic-rendered-ansi,artifacts,future-incompat --crate-type lib --emit=dep-info,metadata,link -C embed-bitcode=no -C codegen-units=256 -C debug-assertions=off --cfg feature=""alloc"" --check-cfg cfg(docsrs,test) --check-cfg cfg(feature, values(""alloc"", ""chacha"", ""default"", ""log"", ""serde"", ""simd_support"", ""std"", ""std_rng"", ""sys_rng"", ""thread_rng"", ""unbiased"")) -C metadata=361100561a239bf6 -C extra-filename=-7846c05432425fee --out-dir /private/tmp/host-starryos-aligned-j8-target-20260530T164300-host-j8/aarch64-unknown-none-softfloat/release/deps --target aarch64-unknown-none-softfloat -C strip=debuginfo -L dependency=/private/tmp/host-starryos-aligned-j8-target-20260530T164300-host-j8/aarch64-unknown-none-softfloat/release/deps -L dependency=/private/tmp/host-starryos-aligned-j8-target-20260530T164300-host-j8/release/deps --extern noprelude,nounused:alloc=/private/tmp/host-starryos-aligned-j8-target-20260530T164300-host-j8/aarch64-unknown-none-softfloat/release/deps/liballoc-01ae3635ac91bcf4.rmeta --extern noprelude,nounused:compiler_builtins=/private/tmp/host-starryos-aligned-j8-target-20260530T164300-host-j8/aarch64-unknown-none-softfloat/release/deps/libcompiler_builtins-8141dd3b2ab3624f.rmeta --extern noprelude,nounused:core=/private/tmp/host-starryos-aligned-j8-target-20260530T164300-host-j8/aarch64-unknown-none-softfloat/release/deps/libcore-d9ef87706fa9a7f5.rmeta --extern rand_core=/private/tmp/host-starryos-aligned-j8-target-20260530T164300-host-j8/aarch64-unknown-none-softfloat/release/deps/librand_core-67c75a2b8ab76d2b.rmeta -Z unstable-options --cap-lints allow -Clink-arg=-Tlinker.x -Clink-arg=-no-pie -Clink-arg=-znostart-stop-gc"
1780130731.108,132.776,68.108,93031,169.40,1.69,21.18,12,7,1,0,32.40,"/Users/txc/.rustup/toolchains/nightly-2026-04-27-aarch64-apple-darwin/bin/rustc --crate-name ax_task --edition=2024 os/arceos/modules/axtask/src/lib.rs --error-format=json --json=diagnostic-rendered-ansi,artifacts,future-incompat --crate-type lib --emit=dep-info,metadata,link -C embed-bitcode=no -C codegen-units=256 -C debug-assertions=off --cfg feature=""default"" --cfg feature=""irq"" --cfg feature=""multitask"" --cfg feature=""preempt"" --cfg feature=""sched-rr"" --cfg feature=""smp"" --cfg feature=""stack-canary"" --cfg feature=""task-ext"" --cfg feature=""uspace"" --check-cfg cfg(docsrs,test) --check-cfg cfg(feature, values(""default"", ""irq"", ""lockdep"", ""multitask"", ""preempt"", ""sched-cfs"", ""sched-fifo"", ""sched-rr"", ""smp"", ""stack-canary"", ""task-ext"", ""test"", ""tls"", ""uspace"")) -C metadata=6bf31874b6cac7cd -C extra-filename=-60873769b6b153d3 --out-dir /private/tmp/host-starryos-aligned-j8-target-20260530T164300-host-j8/aarch64-unknown-none-softfloat/release/deps --target aarch64-unknown-none-softfloat -C strip=debuginfo -L dependency=/private/tmp/host-starryos-aligned-j8-target-20260530T164300-host-j8/aarch64-unknown-none-softfloat/release/deps -L dependency=/private/tmp/host-starryos-aligned-j8-target-20260530T164300-host-j8/release/deps --extern noprelude,nounused:alloc=/private/tmp/host-starryos-aligned-j8-target-20260530T164300-host-j8/aarch64-unknown-none-softfloat/release/deps/liballoc-01ae3635ac91bcf4.rmeta --extern ax_config=/private/tmp/host-starryos-aligned-j8-target-20260530T164300-host-j8/aarch64-unknown-none-softfloat/release/deps/libax_config-1b031f9893154f95.rmeta --extern ax_cpumask=/private/tmp/host-starryos-aligned-j8-target-20260530T164300-host-j8/aarch64-unknown-none-softfloat/release/deps/libax_cpumask-b6bda920716e5b4b.rmeta --extern ax_crate_interface=/private/tmp/host-starryos-aligned-j8-target-20260530T164300-host-j8/release/deps/libax_crate_interface-bf1b7d4a359ded80.dylib --extern ax_errno=/private/tmp/host-starryos-aligned-j8-target-20260530T164300-host-j8/aarch64-unknown-none-softfloat/release/deps/libax_errno-58fd8a41f3b0411e.rmeta --extern ax_hal=/private/tmp/host-starryos-aligned-j8-target-20260530T164300-host-j8/aarch64-unknown-none-softfloat/release/deps/libax_hal-a4f4b8677556c886.rmeta --extern ax_kernel_guard=/private/tmp/host-starryos-aligned-j8-target-20260530T164300-host-j8/aarch64-unknown-none-softfloat/release/deps/libax_kernel_guard-7ce6ce0d2df20968.rmeta --extern ax_kspin=/private/tmp/host-starryos-aligned-j8-target-20260530T164300-host-j8/aarch64-unknown-none-softfloat/release/deps/libax_kspin-613c91303473ccc5.rmeta --extern ax_lazyinit=/private/tmp/host-starryos-aligned-j8-target-20260530T164300-host-j8/aarch64-unknown-none-softfloat/release/deps/libax_lazyinit-6076db9d6128ea9e.rmeta --extern ax_memory_addr=/private/tmp/host-starryos-aligned-j8-target-20260530T164300-host-j8/aarch64-unknown-none-softfloat/release/deps/libax_memory_addr-24df2c1a1eebfcd1.rmeta --extern ax_percpu=/private/tmp/host-starryos-aligned-j8-target-20260530T164300-host-j8/aarch64-unknown-none-softfloat/release/deps/libax_percpu-ea2100ddc958440f.rmeta --extern ax_sched=/private/tmp/host-starryos-aligned-j8-target-20260530T164300-host-j8/aarch64-unknown-none-softfloat/release/deps/libax_sched-580fcb3c439627e0.rmeta --extern ax_timer_list=/private/tmp/host-starryos-aligned-j8-target-20260530T164300-host-j8/aarch64-unknown-none-softfloat/release/deps/libax_timer_list-6cfddc7bb11c9961.rmeta --extern axpoll=/private/tmp/host-starryos-aligned-j8-target-20260530T164300-host-j8/aarch64-unknown-none-softfloat/release/deps/libaxpoll-a6462894d4fe2132.rmeta --extern cfg_if=/private/tmp/host-starryos-aligned-j8-target-20260530T164300-host-j8/aarch64-unknown-none-softfloat/release/deps/libcfg_if-e485dc88ca678962.rmeta --extern noprelude,nounused:compiler_builtins=/private/tmp/host-starryos-aligned-j8-target-20260530T164300-host-j8/aarch64-unknown-none-softfloat/release/deps/libcompiler_builtins-8141dd3b2ab3624f.rmeta --extern noprelude,nounused:core=/private/tmp/host-starryos-aligned-j8-target-20260530T164300-host-j8/aarch64-unknown-none-softfloat/release/deps/libcore-d9ef87706fa9a7f5.rmeta --extern extern_trait=/private/tmp/host-starryos-aligned-j8-target-20260530T164300-host-j8/aarch64-unknown-none-softfloat/release/deps/libextern_trait-5fc1b7c345ddd3cd.rmeta --extern futures_util=/private/tmp/host-starryos-aligned-j8-target-20260530T164300-host-j8/aarch64-unknown-none-softfloat/release/deps/libfutures_util-00e068ae10c614fa.rmeta --extern log=/private/tmp/host-starryos-aligned-j8-target-20260530T164300-host-j8/aarch64-unknown-none-softfloat/release/deps/liblog-e248568497eacb08.rmeta --extern spin=/private/tmp/host-starryos-aligned-j8-target-20260530T164300-host-j8/aarch64-unknown-none-softfloat/release/deps/libspin-e06dd8f5b9718690.rmeta -Z unstable-options -Clink-arg=-Tlinker.x -Clink-arg=-no-pie -Clink-arg=-znostart-stop-gc -L /private/tmp/host-starryos-aligned-j8-target-20260530T164300-host-j8/aarch64-unknown-none-softfloat/release/build/ax-hal-ec878cb016b16fc8/out"
1780130732.212,133.880,69.212,93031,102.70,1.03,12.84,12,7,1,0,28.20,"/Users/txc/.rustup/toolchains/nightly-2026-04-27-aarch64-apple-darwin/bin/rustc --crate-name ax_task --edition=2024 os/arceos/modules/axtask/src/lib.rs --error-format=json --json=diagnostic-rendered-ansi,artifacts,future-incompat --crate-type lib --emit=dep-info,metadata,link -C embed-bitcode=no -C codegen-units=256 -C debug-assertions=off --cfg feature=""default"" --cfg feature=""irq"" --cfg feature=""multitask"" --cfg feature=""preempt"" --cfg feature=""sched-rr"" --cfg feature=""smp"" --cfg feature=""stack-canary"" --cfg feature=""task-ext"" --cfg feature=""uspace"" --check-cfg cfg(docsrs,test) --check-cfg cfg(feature, values(""default"", ""irq"", ""lockdep"", ""multitask"", ""preempt"", ""sched-cfs"", ""sched-fifo"", ""sched-rr"", ""smp"", ""stack-canary"", ""task-ext"", ""test"", ""tls"", ""uspace"")) -C metadata=6bf31874b6cac7cd -C extra-filename=-60873769b6b153d3 --out-dir /private/tmp/host-starryos-aligned-j8-target-20260530T164300-host-j8/aarch64-unknown-none-softfloat/release/deps --target aarch64-unknown-none-softfloat -C strip=debuginfo -L dependency=/private/tmp/host-starryos-aligned-j8-target-20260530T164300-host-j8/aarch64-unknown-none-softfloat/release/deps -L dependency=/private/tmp/host-starryos-aligned-j8-target-20260530T164300-host-j8/release/deps --extern noprelude,nounused:alloc=/private/tmp/host-starryos-aligned-j8-target-20260530T164300-host-j8/aarch64-unknown-none-softfloat/release/deps/liballoc-01ae3635ac91bcf4.rmeta --extern ax_config=/private/tmp/host-starryos-aligned-j8-target-20260530T164300-host-j8/aarch64-unknown-none-softfloat/release/deps/libax_config-1b031f9893154f95.rmeta --extern ax_cpumask=/private/tmp/host-starryos-aligned-j8-target-20260530T164300-host-j8/aarch64-unknown-none-softfloat/release/deps/libax_cpumask-b6bda920716e5b4b.rmeta --extern ax_crate_interface=/private/tmp/host-starryos-aligned-j8-target-20260530T164300-host-j8/release/deps/libax_crate_interface-bf1b7d4a359ded80.dylib --extern ax_errno=/private/tmp/host-starryos-aligned-j8-target-20260530T164300-host-j8/aarch64-unknown-none-softfloat/release/deps/libax_errno-58fd8a41f3b0411e.rmeta --extern ax_hal=/private/tmp/host-starryos-aligned-j8-target-20260530T164300-host-j8/aarch64-unknown-none-softfloat/release/deps/libax_hal-a4f4b8677556c886.rmeta --extern ax_kernel_guard=/private/tmp/host-starryos-aligned-j8-target-20260530T164300-host-j8/aarch64-unknown-none-softfloat/release/deps/libax_kernel_guard-7ce6ce0d2df20968.rmeta --extern ax_kspin=/private/tmp/host-starryos-aligned-j8-target-20260530T164300-host-j8/aarch64-unknown-none-softfloat/release/deps/libax_kspin-613c91303473ccc5.rmeta --extern ax_lazyinit=/private/tmp/host-starryos-aligned-j8-target-20260530T164300-host-j8/aarch64-unknown-none-softfloat/release/deps/libax_lazyinit-6076db9d6128ea9e.rmeta --extern ax_memory_addr=/private/tmp/host-starryos-aligned-j8-target-20260530T164300-host-j8/aarch64-unknown-none-softfloat/release/deps/libax_memory_addr-24df2c1a1eebfcd1.rmeta --extern ax_percpu=/private/tmp/host-starryos-aligned-j8-target-20260530T164300-host-j8/aarch64-unknown-none-softfloat/release/deps/libax_percpu-ea2100ddc958440f.rmeta --extern ax_sched=/private/tmp/host-starryos-aligned-j8-target-20260530T164300-host-j8/aarch64-unknown-none-softfloat/release/deps/libax_sched-580fcb3c439627e0.rmeta --extern ax_timer_list=/private/tmp/host-starryos-aligned-j8-target-20260530T164300-host-j8/aarch64-unknown-none-softfloat/release/deps/libax_timer_list-6cfddc7bb11c9961.rmeta --extern axpoll=/private/tmp/host-starryos-aligned-j8-target-20260530T164300-host-j8/aarch64-unknown-none-softfloat/release/deps/libaxpoll-a6462894d4fe2132.rmeta --extern cfg_if=/private/tmp/host-starryos-aligned-j8-target-20260530T164300-host-j8/aarch64-unknown-none-softfloat/release/deps/libcfg_if-e485dc88ca678962.rmeta --extern noprelude,nounused:compiler_builtins=/private/tmp/host-starryos-aligned-j8-target-20260530T164300-host-j8/aarch64-unknown-none-softfloat/release/deps/libcompiler_builtins-8141dd3b2ab3624f.rmeta --extern noprelude,nounused:core=/private/tmp/host-starryos-aligned-j8-target-20260530T164300-host-j8/aarch64-unknown-none-softfloat/release/deps/libcore-d9ef87706fa9a7f5.rmeta --extern extern_trait=/private/tmp/host-starryos-aligned-j8-target-20260530T164300-host-j8/aarch64-unknown-none-softfloat/release/deps/libextern_trait-5fc1b7c345ddd3cd.rmeta --extern futures_util=/private/tmp/host-starryos-aligned-j8-target-20260530T164300-host-j8/aarch64-unknown-none-softfloat/release/deps/libfutures_util-00e068ae10c614fa.rmeta --extern log=/private/tmp/host-starryos-aligned-j8-target-20260530T164300-host-j8/aarch64-unknown-none-softfloat/release/deps/liblog-e248568497eacb08.rmeta --extern spin=/private/tmp/host-starryos-aligned-j8-target-20260530T164300-host-j8/aarch64-unknown-none-softfloat/release/deps/libspin-e06dd8f5b9718690.rmeta -Z unstable-options -Clink-arg=-Tlinker.x -Clink-arg=-no-pie -Clink-arg=-znostart-stop-gc -L /private/tmp/host-starryos-aligned-j8-target-20260530T164300-host-j8/aarch64-unknown-none-softfloat/release/build/ax-hal-ec878cb016b16fc8/out"
1780130733.355,135.023,70.355,93031,70.50,0.70,8.81,7,3,1,0,70.50,"/Users/txc/.rustup/toolchains/nightly-2026-04-27-aarch64-apple-darwin/bin/rustc --crate-name virtio_drivers --edition=2024 /Users/txc/.cargo/registry/src/index.crates.io-1949cf8c6b5b557f/virtio-drivers-0.13.0/src/lib.rs --error-format=json --json=diagnostic-rendered-ansi,artifacts,future-incompat --crate-type lib --emit=dep-info,metadata,link -C embed-bitcode=no -C codegen-units=256 -C debug-assertions=off --cfg feature=""alloc"" --check-cfg cfg(docsrs,test) --check-cfg cfg(feature, values(""alloc"", ""default"", ""embedded-io"")) -C metadata=9c31df9f36e4ac7f -C extra-filename=-2ed951f109bb7a2d --out-dir /private/tmp/host-starryos-aligned-j8-target-20260530T164300-host-j8/aarch64-unknown-none-softfloat/release/deps --target aarch64-unknown-none-softfloat -C strip=debuginfo -L dependency=/private/tmp/host-starryos-aligned-j8-target-20260530T164300-host-j8/aarch64-unknown-none-softfloat/release/deps -L dependency=/private/tmp/host-starryos-aligned-j8-target-20260530T164300-host-j8/release/deps --extern noprelude,nounused:alloc=/private/tmp/host-starryos-aligned-j8-target-20260530T164300-host-j8/aarch64-unknown-none-softfloat/release/deps/liballoc-01ae3635ac91bcf4.rmeta --extern bitflags=/private/tmp/host-starryos-aligned-j8-target-20260530T164300-host-j8/aarch64-unknown-none-softfloat/release/deps/libbitflags-fb1569c4ca0b32a5.rmeta --extern noprelude,nounused:compiler_builtins=/private/tmp/host-starryos-aligned-j8-target-20260530T164300-host-j8/aarch64-unknown-none-softfloat/release/deps/libcompiler_builtins-8141dd3b2ab3624f.rmeta --extern noprelude,nounused:core=/private/tmp/host-starryos-aligned-j8-target-20260530T164300-host-j8/aarch64-unknown-none-softfloat/release/deps/libcore-d9ef87706fa9a7f5.rmeta --extern enumn=/private/tmp/host-starryos-aligned-j8-target-20260530T164300-host-j8/release/deps/libenumn-b4794d9a986ecacf.dylib --extern log=/private/tmp/host-starryos-aligned-j8-target-20260530T164300-host-j8/aarch64-unknown-none-softfloat/release/deps/liblog-e248568497eacb08.rmeta --extern safe_mmio=/private/tmp/host-starryos-aligned-j8-target-20260530T164300-host-j8/aarch64-unknown-none-softfloat/release/deps/libsafe_mmio-ca448b5a9bbcab3c.rmeta --extern thiserror=/private/tmp/host-starryos-aligned-j8-target-20260530T164300-host-j8/aarch64-unknown-none-softfloat/release/deps/libthiserror-454007f9824123ff.rmeta --extern zerocopy=/private/tmp/host-starryos-aligned-j8-target-20260530T164300-host-j8/aarch64-unknown-none-softfloat/release/deps/libzerocopy-c4debaaa390324fb.rmeta -Z unstable-options --cap-lints allow -Clink-arg=-Tlinker.x -Clink-arg=-no-pie -Clink-arg=-znostart-stop-gc"
1780130734.435,136.103,71.435,93031,89.60,0.90,11.20,6,2,1,0,88.90,"/Users/txc/.rustup/toolchains/nightly-2026-04-27-aarch64-apple-darwin/bin/rustc --crate-name virtio_drivers --edition=2024 /Users/txc/.cargo/registry/src/index.crates.io-1949cf8c6b5b557f/virtio-drivers-0.13.0/src/lib.rs --error-format=json --json=diagnostic-rendered-ansi,artifacts,future-incompat --crate-type lib --emit=dep-info,metadata,link -C embed-bitcode=no -C codegen-units=256 -C debug-assertions=off --cfg feature=""alloc"" --check-cfg cfg(docsrs,test) --check-cfg cfg(feature, values(""alloc"", ""default"", ""embedded-io"")) -C metadata=9c31df9f36e4ac7f -C extra-filename=-2ed951f109bb7a2d --out-dir /private/tmp/host-starryos-aligned-j8-target-20260530T164300-host-j8/aarch64-unknown-none-softfloat/release/deps --target aarch64-unknown-none-softfloat -C strip=debuginfo -L dependency=/private/tmp/host-starryos-aligned-j8-target-20260530T164300-host-j8/aarch64-unknown-none-softfloat/release/deps -L dependency=/private/tmp/host-starryos-aligned-j8-target-20260530T164300-host-j8/release/deps --extern noprelude,nounused:alloc=/private/tmp/host-starryos-aligned-j8-target-20260530T164300-host-j8/aarch64-unknown-none-softfloat/release/deps/liballoc-01ae3635ac91bcf4.rmeta --extern bitflags=/private/tmp/host-starryos-aligned-j8-target-20260530T164300-host-j8/aarch64-unknown-none-softfloat/release/deps/libbitflags-fb1569c4ca0b32a5.rmeta --extern noprelude,nounused:compiler_builtins=/private/tmp/host-starryos-aligned-j8-target-20260530T164300-host-j8/aarch64-unknown-none-softfloat/release/deps/libcompiler_builtins-8141dd3b2ab3624f.rmeta --extern noprelude,nounused:core=/private/tmp/host-starryos-aligned-j8-target-20260530T164300-host-j8/aarch64-unknown-none-softfloat/release/deps/libcore-d9ef87706fa9a7f5.rmeta --extern enumn=/private/tmp/host-starryos-aligned-j8-target-20260530T164300-host-j8/release/deps/libenumn-b4794d9a986ecacf.dylib --extern log=/private/tmp/host-starryos-aligned-j8-target-20260530T164300-host-j8/aarch64-unknown-none-softfloat/release/deps/liblog-e248568497eacb08.rmeta --extern safe_mmio=/private/tmp/host-starryos-aligned-j8-target-20260530T164300-host-j8/aarch64-unknown-none-softfloat/release/deps/libsafe_mmio-ca448b5a9bbcab3c.rmeta --extern thiserror=/private/tmp/host-starryos-aligned-j8-target-20260530T164300-host-j8/aarch64-unknown-none-softfloat/release/deps/libthiserror-454007f9824123ff.rmeta --extern zerocopy=/private/tmp/host-starryos-aligned-j8-target-20260530T164300-host-j8/aarch64-unknown-none-softfloat/release/deps/libzerocopy-c4debaaa390324fb.rmeta -Z unstable-options --cap-lints allow -Clink-arg=-Tlinker.x -Clink-arg=-no-pie -Clink-arg=-znostart-stop-gc"
1780130735.514,137.182,72.514,93031,93.80,0.94,11.72,5,1,1,0,93.80,"/Users/txc/.rustup/toolchains/nightly-2026-04-27-aarch64-apple-darwin/bin/rustc --crate-name virtio_drivers --edition=2024 /Users/txc/.cargo/registry/src/index.crates.io-1949cf8c6b5b557f/virtio-drivers-0.13.0/src/lib.rs --error-format=json --json=diagnostic-rendered-ansi,artifacts,future-incompat --crate-type lib --emit=dep-info,metadata,link -C embed-bitcode=no -C codegen-units=256 -C debug-assertions=off --cfg feature=""alloc"" --check-cfg cfg(docsrs,test) --check-cfg cfg(feature, values(""alloc"", ""default"", ""embedded-io"")) -C metadata=9c31df9f36e4ac7f -C extra-filename=-2ed951f109bb7a2d --out-dir /private/tmp/host-starryos-aligned-j8-target-20260530T164300-host-j8/aarch64-unknown-none-softfloat/release/deps --target aarch64-unknown-none-softfloat -C strip=debuginfo -L dependency=/private/tmp/host-starryos-aligned-j8-target-20260530T164300-host-j8/aarch64-unknown-none-softfloat/release/deps -L dependency=/private/tmp/host-starryos-aligned-j8-target-20260530T164300-host-j8/release/deps --extern noprelude,nounused:alloc=/private/tmp/host-starryos-aligned-j8-target-20260530T164300-host-j8/aarch64-unknown-none-softfloat/release/deps/liballoc-01ae3635ac91bcf4.rmeta --extern bitflags=/private/tmp/host-starryos-aligned-j8-target-20260530T164300-host-j8/aarch64-unknown-none-softfloat/release/deps/libbitflags-fb1569c4ca0b32a5.rmeta --extern noprelude,nounused:compiler_builtins=/private/tmp/host-starryos-aligned-j8-target-20260530T164300-host-j8/aarch64-unknown-none-softfloat/release/deps/libcompiler_builtins-8141dd3b2ab3624f.rmeta --extern noprelude,nounused:core=/private/tmp/host-starryos-aligned-j8-target-20260530T164300-host-j8/aarch64-unknown-none-softfloat/release/deps/libcore-d9ef87706fa9a7f5.rmeta --extern enumn=/private/tmp/host-starryos-aligned-j8-target-20260530T164300-host-j8/release/deps/libenumn-b4794d9a986ecacf.dylib --extern log=/private/tmp/host-starryos-aligned-j8-target-20260530T164300-host-j8/aarch64-unknown-none-softfloat/release/deps/liblog-e248568497eacb08.rmeta --extern safe_mmio=/private/tmp/host-starryos-aligned-j8-target-20260530T164300-host-j8/aarch64-unknown-none-softfloat/release/deps/libsafe_mmio-ca448b5a9bbcab3c.rmeta --extern thiserror=/private/tmp/host-starryos-aligned-j8-target-20260530T164300-host-j8/aarch64-unknown-none-softfloat/release/deps/libthiserror-454007f9824123ff.rmeta --extern zerocopy=/private/tmp/host-starryos-aligned-j8-target-20260530T164300-host-j8/aarch64-unknown-none-softfloat/release/deps/libzerocopy-c4debaaa390324fb.rmeta -Z unstable-options --cap-lints allow -Clink-arg=-Tlinker.x -Clink-arg=-no-pie -Clink-arg=-znostart-stop-gc"
1780130736.656,138.324,73.656,93031,88.50,0.89,11.06,7,3,1,0,30.20,"/Users/txc/.rustup/toolchains/nightly-2026-04-27-aarch64-apple-darwin/bin/rustc --crate-name ax_fs_ng --edition=2024 os/arceos/modules/axfs-ng/src/lib.rs --error-format=json --json=diagnostic-rendered-ansi,artifacts,future-incompat --crate-type lib --emit=dep-info,metadata,link -C embed-bitcode=no -C codegen-units=256 -C debug-assertions=off --cfg feature=""ext4"" --cfg feature=""ext4-rsext4"" --cfg feature=""times"" --check-cfg cfg(docsrs,test) --check-cfg cfg(feature, values(""ext4"", ""ext4-lwext4"", ""ext4-rsext4"", ""fat"", ""std"", ""times"")) -C metadata=4e65fcf82700e2a4 -C extra-filename=-b8ffb522732d2f17 --out-dir /private/tmp/host-starryos-aligned-j8-target-20260530T164300-host-j8/aarch64-unknown-none-softfloat/release/deps --target aarch64-unknown-none-softfloat -C strip=debuginfo -L dependency=/private/tmp/host-starryos-aligned-j8-target-20260530T164300-host-j8/aarch64-unknown-none-softfloat/release/deps -L dependency=/private/tmp/host-starryos-aligned-j8-target-20260530T164300-host-j8/release/deps --extern noprelude,nounused:alloc=/private/tmp/host-starryos-aligned-j8-target-20260530T164300-host-j8/aarch64-unknown-none-softfloat/release/deps/liballoc-01ae3635ac91bcf4.rmeta --extern ax_alloc=/private/tmp/host-starryos-aligned-j8-target-20260530T164300-host-j8/aarch64-unknown-none-softfloat/release/deps/libax_alloc-cbd9c089f4864a5f.rmeta --extern ax_driver=/private/tmp/host-starryos-aligned-j8-target-20260530T164300-host-j8/aarch64-unknown-none-softfloat/release/deps/libax_driver-e98abc6c0317cad1.rmeta --extern ax_errno=/private/tmp/host-starryos-aligned-j8-target-20260530T164300-host-j8/aarch64-unknown-none-softfloat/release/deps/libax_errno-58fd8a41f3b0411e.rmeta --extern ax_hal=/private/tmp/host-starryos-aligned-j8-target-20260530T164300-host-j8/aarch64-unknown-none-softfloat/release/deps/libax_hal-a4f4b8677556c886.rmeta --extern ax_io=/private/tmp/host-starryos-aligned-j8-target-20260530T164300-host-j8/aarch64-unknown-none-softfloat/release/deps/libax_io-fbd6e1d5c23d4761.rmeta --extern ax_kspin=/private/tmp/host-starryos-aligned-j8-target-20260530T164300-host-j8/aarch64-unknown-none-softfloat/release/deps/libax_kspin-613c91303473ccc5.rmeta --extern ax_sync=/private/tmp/host-starryos-aligned-j8-target-20260530T164300-host-j8/aarch64-unknown-none-softfloat/release/deps/libax_sync-900fa8dd4fb090ad.rmeta --extern axfs_ng_vfs=/private/tmp/host-starryos-aligned-j8-target-20260530T164300-host-j8/aarch64-unknown-none-softfloat/release/deps/libaxfs_ng_vfs-7a54ad9203bb11d7.rmeta --extern axpoll=/private/tmp/host-starryos-aligned-j8-target-20260530T164300-host-j8/aarch64-unknown-none-softfloat/release/deps/libaxpoll-a6462894d4fe2132.rmeta --extern bitflags=/private/tmp/host-starryos-aligned-j8-target-20260530T164300-host-j8/aarch64-unknown-none-softfloat/release/deps/libbitflags-fb1569c4ca0b32a5.rmeta --extern cfg_if=/private/tmp/host-starryos-aligned-j8-target-20260530T164300-host-j8/aarch64-unknown-none-softfloat/release/deps/libcfg_if-e485dc88ca678962.rmeta --extern chrono=/private/tmp/host-starryos-aligned-j8-target-20260530T164300-host-j8/aarch64-unknown-none-softfloat/release/deps/libchrono-454cc5c61b9c93df.rmeta --extern noprelude,nounused:compiler_builtins=/private/tmp/host-starryos-aligned-j8-target-20260530T164300-host-j8/aarch64-unknown-none-softfloat/release/deps/libcompiler_builtins-8141dd3b2ab3624f.rmeta --extern noprelude,nounused:core=/private/tmp/host-starryos-aligned-j8-target-20260530T164300-host-j8/aarch64-unknown-none-softfloat/release/deps/libcore-d9ef87706fa9a7f5.rmeta --extern intrusive_collections=/private/tmp/host-starryos-aligned-j8-target-20260530T164300-host-j8/aarch64-unknown-none-softfloat/release/deps/libintrusive_collections-ed892b45f31061b2.rmeta --extern log=/private/tmp/host-starryos-aligned-j8-target-20260530T164300-host-j8/aarch64-unknown-none-softfloat/release/deps/liblog-e248568497eacb08.rmeta --extern lru=/private/tmp/host-starryos-aligned-j8-target-20260530T164300-host-j8/aarch64-unknown-none-softfloat/release/deps/liblru-04057f15b9110057.rmeta --extern rsext4=/private/tmp/host-starryos-aligned-j8-target-20260530T164300-host-j8/aarch64-unknown-none-softfloat/release/deps/librsext4-94e4e958da9a1fa0.rmeta --extern scope_local=/private/tmp/host-starryos-aligned-j8-target-20260530T164300-host-j8/aarch64-unknown-none-softfloat/release/deps/libscope_local-d3286753b6c148bf.rmeta --extern slab=/private/tmp/host-starryos-aligned-j8-target-20260530T164300-host-j8/aarch64-unknown-none-softfloat/release/deps/libslab-7494d6fe6d53ee85.rmeta --extern spin=/private/tmp/host-starryos-aligned-j8-target-20260530T164300-host-j8/aarch64-unknown-none-softfloat/release/deps/libspin-e06dd8f5b9718690.rmeta -Z unstable-options -Clink-arg=-Tlinker.x -Clink-arg=-no-pie -Clink-arg=-znostart-stop-gc -L /private/tmp/host-starryos-aligned-j8-target-20260530T164300-host-j8/aarch64-unknown-none-softfloat/release/build/ax-hal-ec878cb016b16fc8/out"
1780130737.908,139.576,74.908,93031,182.20,1.82,22.78,7,3,1,0,96.40,"/Users/txc/.rustup/toolchains/nightly-2026-04-27-aarch64-apple-darwin/bin/rustc --crate-name ax_fs --edition=2024 os/arceos/modules/axfs/src/lib.rs --error-format=json --json=diagnostic-rendered-ansi,artifacts,future-incompat --crate-type lib --emit=dep-info,metadata,link -C embed-bitcode=no -C codegen-units=256 -C debug-assertions=off --cfg feature=""default"" --check-cfg cfg(docsrs,test) --check-cfg cfg(feature, values(""default"", ""times"", ""use-ramdisk"")) -C metadata=1900b26014324363 -C extra-filename=-56e24f7a506edeea --out-dir /private/tmp/host-starryos-aligned-j8-target-20260530T164300-host-j8/aarch64-unknown-none-softfloat/release/deps --target aarch64-unknown-none-softfloat -C strip=debuginfo -L dependency=/private/tmp/host-starryos-aligned-j8-target-20260530T164300-host-j8/aarch64-unknown-none-softfloat/release/deps -L dependency=/private/tmp/host-starryos-aligned-j8-target-20260530T164300-host-j8/release/deps --extern noprelude,nounused:alloc=/private/tmp/host-starryos-aligned-j8-target-20260530T164300-host-j8/aarch64-unknown-none-softfloat/release/deps/liballoc-01ae3635ac91bcf4.rmeta --extern ax_cap_access=/private/tmp/host-starryos-aligned-j8-target-20260530T164300-host-j8/aarch64-unknown-none-softfloat/release/deps/libax_cap_access-eaccac13018ec09b.rmeta --extern ax_driver=/private/tmp/host-starryos-aligned-j8-target-20260530T164300-host-j8/aarch64-unknown-none-softfloat/release/deps/libax_driver-e98abc6c0317cad1.rmeta --extern ax_errno=/private/tmp/host-starryos-aligned-j8-target-20260530T164300-host-j8/aarch64-unknown-none-softfloat/release/deps/libax_errno-58fd8a41f3b0411e.rmeta --extern ax_fs_devfs=/private/tmp/host-starryos-aligned-j8-target-20260530T164300-host-j8/aarch64-unknown-none-softfloat/release/deps/libax_fs_devfs-935be3ee112de70d.rmeta --extern ax_fs_ramfs=/private/tmp/host-starryos-aligned-j8-target-20260530T164300-host-j8/aarch64-unknown-none-softfloat/release/deps/libax_fs_ramfs-b7514afd672c23fd.rmeta --extern ax_fs_vfs=/private/tmp/host-starryos-aligned-j8-target-20260530T164300-host-j8/aarch64-unknown-none-softfloat/release/deps/libax_fs_vfs-f17d572f95f66e17.rmeta --extern ax_hal=/private/tmp/host-starryos-aligned-j8-target-20260530T164300-host-j8/aarch64-unknown-none-softfloat/release/deps/libax_hal-a4f4b8677556c886.rmeta --extern ax_io=/private/tmp/host-starryos-aligned-j8-target-20260530T164300-host-j8/aarch64-unknown-none-softfloat/release/deps/libax_io-fbd6e1d5c23d4761.rmeta --extern ax_lazyinit=/private/tmp/host-starryos-aligned-j8-target-20260530T164300-host-j8/aarch64-unknown-none-softfloat/release/deps/libax_lazyinit-6076db9d6128ea9e.rmeta --extern axfatfs=/private/tmp/host-starryos-aligned-j8-target-20260530T164300-host-j8/aarch64-unknown-none-softfloat/release/deps/libaxfatfs-6bd1114c990fc606.rmeta --extern noprelude,nounused:compiler_builtins=/private/tmp/host-starryos-aligned-j8-target-20260530T164300-host-j8/aarch64-unknown-none-softfloat/release/deps/libcompiler_builtins-8141dd3b2ab3624f.rmeta --extern noprelude,nounused:core=/private/tmp/host-starryos-aligned-j8-target-20260530T164300-host-j8/aarch64-unknown-none-softfloat/release/deps/libcore-d9ef87706fa9a7f5.rmeta --extern log=/private/tmp/host-starryos-aligned-j8-target-20260530T164300-host-j8/aarch64-unknown-none-softfloat/release/deps/liblog-e248568497eacb08.rmeta --extern rsext4=/private/tmp/host-starryos-aligned-j8-target-20260530T164300-host-j8/aarch64-unknown-none-softfloat/release/deps/librsext4-94e4e958da9a1fa0.rmeta --extern spin=/private/tmp/host-starryos-aligned-j8-target-20260530T164300-host-j8/aarch64-unknown-none-softfloat/release/deps/libspin-e06dd8f5b9718690.rmeta -Z unstable-options -Clink-arg=-Tlinker.x -Clink-arg=-no-pie -Clink-arg=-znostart-stop-gc -L /private/tmp/host-starryos-aligned-j8-target-20260530T164300-host-j8/aarch64-unknown-none-softfloat/release/build/ax-hal-ec878cb016b16fc8/out"
1780130738.997,140.665,75.997,93031,0.00,0.00,0.00,5,1,1,0,0.00,bash /Users/txc/code/Auto-OS/showtime-2/scripts/run-host-aligned-starryos-oracle.sh
1780130740.070,141.738,77.070,93031,0.10,0.00,0.01,5,1,1,0,0.10,"/Users/txc/.rustup/toolchains/nightly-2026-04-27-aarch64-apple-darwin/bin/rustc --crate-name ax_net_ng --edition=2024 os/arceos/modules/axnet-ng/src/lib.rs --error-format=json --json=diagnostic-rendered-ansi,artifacts,future-incompat --crate-type lib --emit=dep-info,metadata,link -C embed-bitcode=no -C codegen-units=256 -C debug-assertions=off --cfg feature=""vsock"" --check-cfg cfg(docsrs,test) --check-cfg cfg(feature, values(""vsock"")) -C metadata=a81280742cddbdde -C extra-filename=-526029498ae01907 --out-dir /private/tmp/host-starryos-aligned-j8-target-20260530T164300-host-j8/aarch64-unknown-none-softfloat/release/deps --target aarch64-unknown-none-softfloat -C strip=debuginfo -L dependency=/private/tmp/host-starryos-aligned-j8-target-20260530T164300-host-j8/aarch64-unknown-none-softfloat/release/deps -L dependency=/private/tmp/host-starryos-aligned-j8-target-20260530T164300-host-j8/release/deps --extern noprelude,nounused:alloc=/private/tmp/host-starryos-aligned-j8-target-20260530T164300-host-j8/aarch64-unknown-none-softfloat/release/deps/liballoc-01ae3635ac91bcf4.rmeta --extern async_channel=/private/tmp/host-starryos-aligned-j8-target-20260530T164300-host-j8/aarch64-unknown-none-softfloat/release/deps/libasync_channel-9e90c9cd9b9a5d9f.rmeta --extern async_trait=/private/tmp/host-starryos-aligned-j8-target-20260530T164300-host-j8/release/deps/libasync_trait-6d2221cc0d38131e.dylib --extern ax_config=/private/tmp/host-starryos-aligned-j8-target-20260530T164300-host-j8/aarch64-unknown-none-softfloat/release/deps/libax_config-1b031f9893154f95.rmeta --extern ax_driver=/private/tmp/host-starryos-aligned-j8-target-20260530T164300-host-j8/aarch64-unknown-none-softfloat/release/deps/libax_driver-e98abc6c0317cad1.rmeta --extern ax_errno=/private/tmp/host-starryos-aligned-j8-target-20260530T164300-host-j8/aarch64-unknown-none-softfloat/release/deps/libax_errno-58fd8a41f3b0411e.rmeta --extern ax_fs_ng=/private/tmp/host-starryos-aligned-j8-target-20260530T164300-host-j8/aarch64-unknown-none-softfloat/release/deps/libax_fs_ng-b8ffb522732d2f17.rmeta --extern ax_hal=/private/tmp/host-starryos-aligned-j8-target-20260530T164300-host-j8/aarch64-unknown-none-softfloat/release/deps/libax_hal-a4f4b8677556c886.rmeta --extern ax_io=/private/tmp/host-starryos-aligned-j8-target-20260530T164300-host-j8/aarch64-unknown-none-softfloat/release/deps/libax_io-fbd6e1d5c23d4761.rmeta --extern ax_sync=/private/tmp/host-starryos-aligned-j8-target-20260530T164300-host-j8/aarch64-unknown-none-softfloat/release/deps/libax_sync-900fa8dd4fb090ad.rmeta --extern ax_task=/private/tmp/host-starryos-aligned-j8-target-20260530T164300-host-j8/aarch64-unknown-none-softfloat/release/deps/libax_task-60873769b6b153d3.rmeta --extern axfs_ng_vfs=/private/tmp/host-starryos-aligned-j8-target-20260530T164300-host-j8/aarch64-unknown-none-softfloat/release/deps/libaxfs_ng_vfs-7a54ad9203bb11d7.rmeta --extern axpoll=/private/tmp/host-starryos-aligned-j8-target-20260530T164300-host-j8/aarch64-unknown-none-softfloat/release/deps/libaxpoll-a6462894d4fe2132.rmeta --extern bitflags=/private/tmp/host-starryos-aligned-j8-target-20260530T164300-host-j8/aarch64-unknown-none-softfloat/release/deps/libbitflags-fb1569c4ca0b32a5.rmeta --extern cfg_if=/private/tmp/host-starryos-aligned-j8-target-20260530T164300-host-j8/aarch64-unknown-none-softfloat/release/deps/libcfg_if-e485dc88ca678962.rmeta --extern noprelude,nounused:compiler_builtins=/private/tmp/host-starryos-aligned-j8-target-20260530T164300-host-j8/aarch64-unknown-none-softfloat/release/deps/libcompiler_builtins-8141dd3b2ab3624f.rmeta --extern noprelude,nounused:core=/private/tmp/host-starryos-aligned-j8-target-20260530T164300-host-j8/aarch64-unknown-none-softfloat/release/deps/libcore-d9ef87706fa9a7f5.rmeta --extern enum_dispatch=/private/tmp/host-starryos-aligned-j8-target-20260530T164300-host-j8/release/deps/libenum_dispatch-23387cadf79794a9.dylib --extern event_listener=/private/tmp/host-starryos-aligned-j8-target-20260530T164300-host-j8/aarch64-unknown-none-softfloat/release/deps/libevent_listener-0bf5b34e8b8f829c.rmeta --extern hashbrown=/private/tmp/host-starryos-aligned-j8-target-20260530T164300-host-j8/aarch64-unknown-none-softfloat/release/deps/libhashbrown-7f2f728fc3927ee3.rmeta --extern lazy_static=/private/tmp/host-starryos-aligned-j8-target-20260530T164300-host-j8/aarch64-unknown-none-softfloat/release/deps/liblazy_static-2aaa86cde7fe2151.rmeta --extern log=/private/tmp/host-starryos-aligned-j8-target-20260530T164300-host-j8/aarch64-unknown-none-softfloat/release/deps/liblog-e248568497eacb08.rmeta --extern ringbuf=/private/tmp/host-starryos-aligned-j8-target-20260530T164300-host-j8/aarch64-unknown-none-softfloat/release/deps/libringbuf-f1a1408eea4027c3.rmeta --extern smoltcp=/private/tmp/host-starryos-aligned-j8-target-20260530T164300-host-j8/aarch64-unknown-none-softfloat/release/deps/libsmoltcp-9a52079add8e33b3.rmeta --extern spin=/private/tmp/host-starryos-aligned-j8-target-20260530T164300-host-j8/aarch64-unknown-none-softfloat/release/deps/libspin-e06dd8f5b9718690.rmeta -Z unstable-options -Clink-arg=-Tlinker.x -Clink-arg=-no-pie -Clink-arg=-znostart-stop-gc -L /private/tmp/host-starryos-aligned-j8-target-20260530T164300-host-j8/aarch64-unknown-none-softfloat/release/build/ax-hal-ec878cb016b16fc8/out"
1780130741.143,142.811,78.143,93031,92.80,0.93,11.60,5,1,1,0,92.80,"/Users/txc/.rustup/toolchains/nightly-2026-04-27-aarch64-apple-darwin/bin/rustc --crate-name ax_net_ng --edition=2024 os/arceos/modules/axnet-ng/src/lib.rs --error-format=json --json=diagnostic-rendered-ansi,artifacts,future-incompat --crate-type lib --emit=dep-info,metadata,link -C embed-bitcode=no -C codegen-units=256 -C debug-assertions=off --cfg feature=""vsock"" --check-cfg cfg(docsrs,test) --check-cfg cfg(feature, values(""vsock"")) -C metadata=a81280742cddbdde -C extra-filename=-526029498ae01907 --out-dir /private/tmp/host-starryos-aligned-j8-target-20260530T164300-host-j8/aarch64-unknown-none-softfloat/release/deps --target aarch64-unknown-none-softfloat -C strip=debuginfo -L dependency=/private/tmp/host-starryos-aligned-j8-target-20260530T164300-host-j8/aarch64-unknown-none-softfloat/release/deps -L dependency=/private/tmp/host-starryos-aligned-j8-target-20260530T164300-host-j8/release/deps --extern noprelude,nounused:alloc=/private/tmp/host-starryos-aligned-j8-target-20260530T164300-host-j8/aarch64-unknown-none-softfloat/release/deps/liballoc-01ae3635ac91bcf4.rmeta --extern async_channel=/private/tmp/host-starryos-aligned-j8-target-20260530T164300-host-j8/aarch64-unknown-none-softfloat/release/deps/libasync_channel-9e90c9cd9b9a5d9f.rmeta --extern async_trait=/private/tmp/host-starryos-aligned-j8-target-20260530T164300-host-j8/release/deps/libasync_trait-6d2221cc0d38131e.dylib --extern ax_config=/private/tmp/host-starryos-aligned-j8-target-20260530T164300-host-j8/aarch64-unknown-none-softfloat/release/deps/libax_config-1b031f9893154f95.rmeta --extern ax_driver=/private/tmp/host-starryos-aligned-j8-target-20260530T164300-host-j8/aarch64-unknown-none-softfloat/release/deps/libax_driver-e98abc6c0317cad1.rmeta --extern ax_errno=/private/tmp/host-starryos-aligned-j8-target-20260530T164300-host-j8/aarch64-unknown-none-softfloat/release/deps/libax_errno-58fd8a41f3b0411e.rmeta --extern ax_fs_ng=/private/tmp/host-starryos-aligned-j8-target-20260530T164300-host-j8/aarch64-unknown-none-softfloat/release/deps/libax_fs_ng-b8ffb522732d2f17.rmeta --extern ax_hal=/private/tmp/host-starryos-aligned-j8-target-20260530T164300-host-j8/aarch64-unknown-none-softfloat/release/deps/libax_hal-a4f4b8677556c886.rmeta --extern ax_io=/private/tmp/host-starryos-aligned-j8-target-20260530T164300-host-j8/aarch64-unknown-none-softfloat/release/deps/libax_io-fbd6e1d5c23d4761.rmeta --extern ax_sync=/private/tmp/host-starryos-aligned-j8-target-20260530T164300-host-j8/aarch64-unknown-none-softfloat/release/deps/libax_sync-900fa8dd4fb090ad.rmeta --extern ax_task=/private/tmp/host-starryos-aligned-j8-target-20260530T164300-host-j8/aarch64-unknown-none-softfloat/release/deps/libax_task-60873769b6b153d3.rmeta --extern axfs_ng_vfs=/private/tmp/host-starryos-aligned-j8-target-20260530T164300-host-j8/aarch64-unknown-none-softfloat/release/deps/libaxfs_ng_vfs-7a54ad9203bb11d7.rmeta --extern axpoll=/private/tmp/host-starryos-aligned-j8-target-20260530T164300-host-j8/aarch64-unknown-none-softfloat/release/deps/libaxpoll-a6462894d4fe2132.rmeta --extern bitflags=/private/tmp/host-starryos-aligned-j8-target-20260530T164300-host-j8/aarch64-unknown-none-softfloat/release/deps/libbitflags-fb1569c4ca0b32a5.rmeta --extern cfg_if=/private/tmp/host-starryos-aligned-j8-target-20260530T164300-host-j8/aarch64-unknown-none-softfloat/release/deps/libcfg_if-e485dc88ca678962.rmeta --extern noprelude,nounused:compiler_builtins=/private/tmp/host-starryos-aligned-j8-target-20260530T164300-host-j8/aarch64-unknown-none-softfloat/release/deps/libcompiler_builtins-8141dd3b2ab3624f.rmeta --extern noprelude,nounused:core=/private/tmp/host-starryos-aligned-j8-target-20260530T164300-host-j8/aarch64-unknown-none-softfloat/release/deps/libcore-d9ef87706fa9a7f5.rmeta --extern enum_dispatch=/private/tmp/host-starryos-aligned-j8-target-20260530T164300-host-j8/release/deps/libenum_dispatch-23387cadf79794a9.dylib --extern event_listener=/private/tmp/host-starryos-aligned-j8-target-20260530T164300-host-j8/aarch64-unknown-none-softfloat/release/deps/libevent_listener-0bf5b34e8b8f829c.rmeta --extern hashbrown=/private/tmp/host-starryos-aligned-j8-target-20260530T164300-host-j8/aarch64-unknown-none-softfloat/release/deps/libhashbrown-7f2f728fc3927ee3.rmeta --extern lazy_static=/private/tmp/host-starryos-aligned-j8-target-20260530T164300-host-j8/aarch64-unknown-none-softfloat/release/deps/liblazy_static-2aaa86cde7fe2151.rmeta --extern log=/private/tmp/host-starryos-aligned-j8-target-20260530T164300-host-j8/aarch64-unknown-none-softfloat/release/deps/liblog-e248568497eacb08.rmeta --extern ringbuf=/private/tmp/host-starryos-aligned-j8-target-20260530T164300-host-j8/aarch64-unknown-none-softfloat/release/deps/libringbuf-f1a1408eea4027c3.rmeta --extern smoltcp=/private/tmp/host-starryos-aligned-j8-target-20260530T164300-host-j8/aarch64-unknown-none-softfloat/release/deps/libsmoltcp-9a52079add8e33b3.rmeta --extern spin=/private/tmp/host-starryos-aligned-j8-target-20260530T164300-host-j8/aarch64-unknown-none-softfloat/release/deps/libspin-e06dd8f5b9718690.rmeta -Z unstable-options -Clink-arg=-Tlinker.x -Clink-arg=-no-pie -Clink-arg=-znostart-stop-gc -L /private/tmp/host-starryos-aligned-j8-target-20260530T164300-host-j8/aarch64-unknown-none-softfloat/release/build/ax-hal-ec878cb016b16fc8/out"
1780130742.218,143.886,79.218,93031,2.30,0.02,0.29,5,1,1,0,1.60,"/Users/txc/.rustup/toolchains/nightly-2026-04-27-aarch64-apple-darwin/bin/rustc --crate-name starry_kernel --edition=2024 os/StarryOS/kernel/src/lib.rs --error-format=json --json=diagnostic-rendered-ansi,artifacts,future-incompat --crate-type lib --emit=dep-info,metadata,link -C embed-bitcode=no -C codegen-units=256 -C debug-assertions=off --cfg feature=""dev-log"" --cfg feature=""ext4"" --cfg feature=""input"" --cfg feature=""vsock"" --check-cfg cfg(docsrs,test) --check-cfg cfg(feature, values(""default"", ""dev-log"", ""dynamic_debug"", ""ext4"", ""input"", ""kcov"", ""memtrack"", ""plat-dyn"", ""rknpu"", ""sg2002"", ""vsock"")) -C metadata=f706497d29473ee0 -C extra-filename=-f52fad9481f391e6 --out-dir /private/tmp/host-starryos-aligned-j8-target-20260530T164300-host-j8/aarch64-unknown-none-softfloat/release/deps --target aarch64-unknown-none-softfloat -C strip=debuginfo -L dependency=/private/tmp/host-starryos-aligned-j8-target-20260530T164300-host-j8/aarch64-unknown-none-softfloat/release/deps -L dependency=/private/tmp/host-starryos-aligned-j8-target-20260530T164300-host-j8/release/deps --extern noprelude,nounused:alloc=/private/tmp/host-starryos-aligned-j8-target-20260530T164300-host-j8/aarch64-unknown-none-softfloat/release/deps/liballoc-01ae3635ac91bcf4.rmeta --extern ax_alloc=/private/tmp/host-starryos-aligned-j8-target-20260530T164300-host-j8/aarch64-unknown-none-softfloat/release/deps/libax_alloc-cbd9c089f4864a5f.rmeta --extern ax_config=/private/tmp/host-starryos-aligned-j8-target-20260530T164300-host-j8/aarch64-unknown-none-softfloat/release/deps/libax_config-1b031f9893154f95.rmeta --extern ax_display=/private/tmp/host-starryos-aligned-j8-target-20260530T164300-host-j8/aarch64-unknown-none-softfloat/release/deps/libax_display-1faa3d86d18071b0.rmeta --extern ax_driver=/private/tmp/host-starryos-aligned-j8-target-20260530T164300-host-j8/aarch64-unknown-none-softfloat/release/deps/libax_driver-e98abc6c0317cad1.rmeta --extern ax_errno=/private/tmp/host-starryos-aligned-j8-target-20260530T164300-host-j8/aarch64-unknown-none-softfloat/release/deps/libax_errno-58fd8a41f3b0411e.rmeta --extern ax_feat=/private/tmp/host-starryos-aligned-j8-target-20260530T164300-host-j8/aarch64-unknown-none-softfloat/release/deps/libax_feat-6b8fb201e77d5255.rmeta --extern ax_fs=/private/tmp/host-starryos-aligned-j8-target-20260530T164300-host-j8/aarch64-unknown-none-softfloat/release/deps/libax_fs_ng-b8ffb522732d2f17.rmeta --extern ax_hal=/private/tmp/host-starryos-aligned-j8-target-20260530T164300-host-j8/aarch64-unknown-none-softfloat/release/deps/libax_hal-a4f4b8677556c886.rmeta --extern ax_input=/private/tmp/host-starryos-aligned-j8-target-20260530T164300-host-j8/aarch64-unknown-none-softfloat/release/deps/libax_input-988c404a71676555.rmeta --extern ax_io=/private/tmp/host-starryos-aligned-j8-target-20260530T164300-host-j8/aarch64-unknown-none-softfloat/release/deps/libax_io-fbd6e1d5c23d4761.rmeta --extern ax_ipi=/private/tmp/host-starryos-aligned-j8-target-20260530T164300-host-j8/aarch64-unknown-none-softfloat/release/deps/libax_ipi-0db9bb0a9e0ab2f0.rmeta --extern ax_kernel_guard=/private/tmp/host-starryos-aligned-j8-target-20260530T164300-host-j8/aarch64-unknown-none-softfloat/release/deps/libax_kernel_guard-7ce6ce0d2df20968.rmeta --extern ax_kspin=/private/tmp/host-starryos-aligned-j8-target-20260530T164300-host-j8/aarch64-unknown-none-softfloat/release/deps/libax_kspin-613c91303473ccc5.rmeta --extern ax_lazyinit=/private/tmp/host-starryos-aligned-j8-target-20260530T164300-host-j8/aarch64-unknown-none-softfloat/release/deps/libax_lazyinit-6076db9d6128ea9e.rmeta --extern ax_log=/private/tmp/host-starryos-aligned-j8-target-20260530T164300-host-j8/aarch64-unknown-none-softfloat/release/deps/libax_log-6c22bd1c999a0e5c.rmeta --extern ax_memory_addr=/private/tmp/host-starryos-aligned-j8-target-20260530T164300-host-j8/aarch64-unknown-none-softfloat/release/deps/libax_memory_addr-24df2c1a1eebfcd1.rmeta --extern ax_memory_set=/private/tmp/host-starryos-aligned-j8-target-20260530T164300-host-j8/aarch64-unknown-none-softfloat/release/deps/libax_memory_set-3aa4fd34a7b54b1d.rmeta --extern ax_mm=/private/tmp/host-starryos-aligned-j8-target-20260530T164300-host-j8/aarch64-unknown-none-softfloat/release/deps/libax_mm-b12fe347926de5b8.rmeta --extern axnet=/private/tmp/host-starryos-aligned-j8-target-20260530T164300-host-j8/aarch64-unknown-none-softfloat/release/deps/libax_net_ng-526029498ae01907.rmeta --extern ax_percpu=/private/tmp/host-starryos-aligned-j8-target-20260530T164300-host-j8/aarch64-unknown-none-softfloat/release/deps/libax_percpu-ea2100ddc958440f.rmeta --extern ax_runtime=/private/tmp/host-starryos-aligned-j8-target-20260530T164300-host-j8/aarch64-unknown-none-softfloat/release/deps/libax_runtime-27ff830827da0b9a.rmeta --extern ax_sync=/private/tmp/host-starryos-aligned-j8-target-20260530T164300-host-j8/aarch64-unknown-none-softfloat/release/deps/libax_sync-900fa8dd4fb090ad.rmeta --extern ax_task=/private/tmp/host-starryos-aligned-j8-target-20260530T164300-host-j8/aarch64-unknown-none-softfloat/release/deps/libax_task-60873769b6b153d3.rmeta --extern axbacktrace=/private/tmp/host-starryos-aligned-j8-target-20260530T164300-host-j8/aarch64-unknown-none-softfloat/release/deps/libaxbacktrace-4bd31ded2b3db88d.rmeta --extern axfs_ng_vfs=/private/tmp/host-starryos-aligned-j8-target-20260530T164300-host-j8/aarch64-unknown-none-softfloat/release/deps/libaxfs_ng_vfs-7a54ad9203bb11d7.rmeta --extern axpoll=/private/tmp/host-starryos-aligned-j8-target-20260530T164300-host-j8/aarch64-unknown-none-softfloat/release/deps/libaxpoll-a6462894d4fe2132.rmeta --extern bitflags=/private/tmp/host-starryos-aligned-j8-target-20260530T164300-host-j8/aarch64-unknown-none-softfloat/release/deps/libbitflags-fb1569c4ca0b32a5.rmeta --extern bitmaps=/private/tmp/host-starryos-aligned-j8-target-20260530T164300-host-j8/aarch64-unknown-none-softfloat/release/deps/libbitmaps-99f16ce33fd18e4c.rmeta --extern bytemuck=/private/tmp/host-starryos-aligned-j8-target-20260530T164300-host-j8/aarch64-unknown-none-softfloat/release/deps/libbytemuck-1e1a9f6ca5df5a4b.rmeta --extern cfg_if=/private/tmp/host-starryos-aligned-j8-target-20260530T164300-host-j8/aarch64-unknown-none-softfloat/release/deps/libcfg_if-e485dc88ca678962.rmeta --extern chrono=/private/tmp/host-starryos-aligned-j8-target-20260530T164300-host-j8/aarch64-unknown-none-softfloat/release/deps/libchrono-454cc5c61b9c93df.rmeta --extern noprelude,nounused:compiler_builtins=/private/tmp/host-starryos-aligned-j8-target-20260530T164300-host-j8/aarch64-unknown-none-softfloat/release/deps/libcompiler_builtins-8141dd3b2ab3624f.rmeta --extern noprelude,nounused:core=/private/tmp/host-starryos-aligned-j8-target-20260530T164300-host-j8/aarch64-unknown-none-softfloat/release/deps/libcore-d9ef87706fa9a7f5.rmeta --extern ddebug=/private/tmp/host-starryos-aligned-j8-target-20260530T164300-host-j8/aarch64-unknown-none-softfloat/release/deps/libddebug-ad18375a28a07e67.rmeta --extern downcast_rs=/private/tmp/host-starryos-aligned-j8-target-20260530T164300-host-j8/aarch64-unknown-none-softfloat/release/deps/libdowncast_rs-7f59514de7a0f703.rmeta --extern enum_dispatch=/private/tmp/host-starryos-aligned-j8-target-20260530T164300-host-j8/release/deps/libenum_dispatch-23387cadf79794a9.dylib --extern event_listener=/private/tmp/host-starryos-aligned-j8-target-20260530T164300-host-j8/aarch64-unknown-none-softfloat/release/deps/libevent_listener-0bf5b34e8b8f829c.rmeta --extern extern_trait=/private/tmp/host-starryos-aligned-j8-target-20260530T164300-host-j8/aarch64-unknown-none-softfloat/release/deps/libextern_trait-5fc1b7c345ddd3cd.rmeta --extern flatten_objects=/private/tmp/host-starryos-aligned-j8-target-20260530T164300-host-j8/aarch64-unknown-none-softfloat/release/deps/libflatten_objects-8645f11d91237dd6.rmeta --extern hashbrown=/private/tmp/host-starryos-aligned-j8-target-20260530T164300-host-j8/aarch64-unknown-none-softfloat/release/deps/libhashbrown-7f2f728fc3927ee3.rmeta --extern indoc=/private/tmp/host-starryos-aligned-j8-target-20260530T164300-host-j8/release/deps/libindoc-ffd4ca335691b8f0.dylib --extern inherit_methods_macro=/private/tmp/host-starryos-aligned-j8-target-20260530T164300-host-j8/release/deps/libinherit_methods_macro-e7d0702b46cbdbca.dylib --extern kernel_elf_parser=/private/tmp/host-starryos-aligned-j8-target-20260530T164300-host-j8/aarch64-unknown-none-softfloat/release/deps/libkernel_elf_parser-1d3e745854a36241.rmeta --extern ktracepoint=/private/tmp/host-starryos-aligned-j8-target-20260530T164300-host-j8/aarch64-unknown-none-softfloat/release/deps/libktracepoint-c6e606a7da0c7171.rmeta --extern lazy_static=/private/tmp/host-starryos-aligned-j8-target-20260530T164300-host-j8/aarch64-unknown-none-softfloat/release/deps/liblazy_static-2aaa86cde7fe2151.rmeta --extern linux_raw_sys=/private/tmp/host-starryos-aligned-j8-target-20260530T164300-host-j8/aarch64-unknown-none-softfloat/release/deps/liblinux_raw_sys-f4c3a7b0421ec5aa.rmeta --extern lock_api=/private/tmp/host-starryos-aligned-j8-target-20260530T164300-host-j8/aarch64-unknown-none-softfloat/release/deps/liblock_api-615938b80800e21d.rmeta --extern num_enum=/private/tmp/host-starryos-aligned-j8-target-20260530T164300-host-j8/aarch64-unknown-none-softfloat/release/deps/libnum_enum-21641627f36d97ed.rmeta --extern ouroboros=/private/tmp/host-starryos-aligned-j8-target-20260530T164300-host-j8/aarch64-unknown-none-softfloat/release/deps/libouroboros-c5dc2503ae06b2de.rmeta --extern rand=/private/tmp/host-starryos-aligned-j8-target-20260530T164300-host-j8/aarch64-unknown-none-softfloat/release/deps/librand-7846c05432425fee.rmeta --extern ringbuf=/private/tmp/host-starryos-aligned-j8-target-20260530T164300-host-j8/aarch64-unknown-none-softfloat/release/deps/libringbuf-f1a1408eea4027c3.rmeta --extern scope_local=/private/tmp/host-starryos-aligned-j8-target-20260530T164300-host-j8/aarch64-unknown-none-softfloat/release/deps/libscope_local-d3286753b6c148bf.rmeta --extern slab=/private/tmp/host-starryos-aligned-j8-target-20260530T164300-host-j8/aarch64-unknown-none-softfloat/release/deps/libslab-7494d6fe6d53ee85.rmeta --extern spin=/private/tmp/host-starryos-aligned-j8-target-20260530T164300-host-j8/aarch64-unknown-none-softfloat/release/deps/libspin-e06dd8f5b9718690.rmeta --extern starry_process=/private/tmp/host-starryos-aligned-j8-target-20260530T164300-host-j8/aarch64-unknown-none-softfloat/release/deps/libstarry_process-913d082732070e9d.rmeta --extern starry_signal=/private/tmp/host-starryos-aligned-j8-target-20260530T164300-host-j8/aarch64-unknown-none-softfloat/release/deps/libstarry_signal-6b27007007fd8bf7.rmeta --extern starry_vm=/private/tmp/host-starryos-aligned-j8-target-20260530T164300-host-j8/aarch64-unknown-none-softfloat/release/deps/libstarry_vm-229aac5cb8fb796a.rmeta --extern static_keys=/private/tmp/host-starryos-aligned-j8-target-20260530T164300-host-j8/aarch64-unknown-none-softfloat/release/deps/libstatic_keys-4f78f88e57f4d370.rmeta --extern strum=/private/tmp/host-starryos-aligned-j8-target-20260530T164300-host-j8/aarch64-unknown-none-softfloat/release/deps/libstrum-ea903aca7d169265.rmeta --extern syscalls=/private/tmp/host-starryos-aligned-j8-target-20260530T164300-host-j8/aarch64-unknown-none-softfloat/release/deps/libsyscalls-ae3ac744f6ef7061.rmeta --extern uluru=/private/tmp/host-starryos-aligned-j8-target-20260530T164300-host-j8/aarch64-unknown-none-softfloat/release/deps/libuluru-38637bb784b05a5f.rmeta --extern weak_map=/private/tmp/host-starryos-aligned-j8-target-20260530T164300-host-j8/aarch64-unknown-none-softfloat/release/deps/libweak_map-b95e5569d0a490d2.rmeta --extern xmas_elf=/private/tmp/host-starryos-aligned-j8-target-20260530T164300-host-j8/aarch64-unknown-none-softfloat/release/deps/libxmas_elf-4e9066f134f83577.rmeta --extern zerocopy=/private/tmp/host-starryos-aligned-j8-target-20260530T164300-host-j8/aarch64-unknown-none-softfloat/release/deps/libzerocopy-c4debaaa390324fb.rmeta -Z unstable-options -Clink-arg=-Tlinker.x -Clink-arg=-no-pie -Clink-arg=-znostart-stop-gc -L /private/tmp/host-starryos-aligned-j8-target-20260530T164300-host-j8/aarch64-unknown-none-softfloat/release/build/ax-hal-ec878cb016b16fc8/out"
1780130743.304,144.972,80.304,93031,89.90,0.90,11.24,5,1,1,0,89.90,"/Users/txc/.rustup/toolchains/nightly-2026-04-27-aarch64-apple-darwin/bin/rustc --crate-name starry_kernel --edition=2024 os/StarryOS/kernel/src/lib.rs --error-format=json --json=diagnostic-rendered-ansi,artifacts,future-incompat --crate-type lib --emit=dep-info,metadata,link -C embed-bitcode=no -C codegen-units=256 -C debug-assertions=off --cfg feature=""dev-log"" --cfg feature=""ext4"" --cfg feature=""input"" --cfg feature=""vsock"" --check-cfg cfg(docsrs,test) --check-cfg cfg(feature, values(""default"", ""dev-log"", ""dynamic_debug"", ""ext4"", ""input"", ""kcov"", ""memtrack"", ""plat-dyn"", ""rknpu"", ""sg2002"", ""vsock"")) -C metadata=f706497d29473ee0 -C extra-filename=-f52fad9481f391e6 --out-dir /private/tmp/host-starryos-aligned-j8-target-20260530T164300-host-j8/aarch64-unknown-none-softfloat/release/deps --target aarch64-unknown-none-softfloat -C strip=debuginfo -L dependency=/private/tmp/host-starryos-aligned-j8-target-20260530T164300-host-j8/aarch64-unknown-none-softfloat/release/deps -L dependency=/private/tmp/host-starryos-aligned-j8-target-20260530T164300-host-j8/release/deps --extern noprelude,nounused:alloc=/private/tmp/host-starryos-aligned-j8-target-20260530T164300-host-j8/aarch64-unknown-none-softfloat/release/deps/liballoc-01ae3635ac91bcf4.rmeta --extern ax_alloc=/private/tmp/host-starryos-aligned-j8-target-20260530T164300-host-j8/aarch64-unknown-none-softfloat/release/deps/libax_alloc-cbd9c089f4864a5f.rmeta --extern ax_config=/private/tmp/host-starryos-aligned-j8-target-20260530T164300-host-j8/aarch64-unknown-none-softfloat/release/deps/libax_config-1b031f9893154f95.rmeta --extern ax_display=/private/tmp/host-starryos-aligned-j8-target-20260530T164300-host-j8/aarch64-unknown-none-softfloat/release/deps/libax_display-1faa3d86d18071b0.rmeta --extern ax_driver=/private/tmp/host-starryos-aligned-j8-target-20260530T164300-host-j8/aarch64-unknown-none-softfloat/release/deps/libax_driver-e98abc6c0317cad1.rmeta --extern ax_errno=/private/tmp/host-starryos-aligned-j8-target-20260530T164300-host-j8/aarch64-unknown-none-softfloat/release/deps/libax_errno-58fd8a41f3b0411e.rmeta --extern ax_feat=/private/tmp/host-starryos-aligned-j8-target-20260530T164300-host-j8/aarch64-unknown-none-softfloat/release/deps/libax_feat-6b8fb201e77d5255.rmeta --extern ax_fs=/private/tmp/host-starryos-aligned-j8-target-20260530T164300-host-j8/aarch64-unknown-none-softfloat/release/deps/libax_fs_ng-b8ffb522732d2f17.rmeta --extern ax_hal=/private/tmp/host-starryos-aligned-j8-target-20260530T164300-host-j8/aarch64-unknown-none-softfloat/release/deps/libax_hal-a4f4b8677556c886.rmeta --extern ax_input=/private/tmp/host-starryos-aligned-j8-target-20260530T164300-host-j8/aarch64-unknown-none-softfloat/release/deps/libax_input-988c404a71676555.rmeta --extern ax_io=/private/tmp/host-starryos-aligned-j8-target-20260530T164300-host-j8/aarch64-unknown-none-softfloat/release/deps/libax_io-fbd6e1d5c23d4761.rmeta --extern ax_ipi=/private/tmp/host-starryos-aligned-j8-target-20260530T164300-host-j8/aarch64-unknown-none-softfloat/release/deps/libax_ipi-0db9bb0a9e0ab2f0.rmeta --extern ax_kernel_guard=/private/tmp/host-starryos-aligned-j8-target-20260530T164300-host-j8/aarch64-unknown-none-softfloat/release/deps/libax_kernel_guard-7ce6ce0d2df20968.rmeta --extern ax_kspin=/private/tmp/host-starryos-aligned-j8-target-20260530T164300-host-j8/aarch64-unknown-none-softfloat/release/deps/libax_kspin-613c91303473ccc5.rmeta --extern ax_lazyinit=/private/tmp/host-starryos-aligned-j8-target-20260530T164300-host-j8/aarch64-unknown-none-softfloat/release/deps/libax_lazyinit-6076db9d6128ea9e.rmeta --extern ax_log=/private/tmp/host-starryos-aligned-j8-target-20260530T164300-host-j8/aarch64-unknown-none-softfloat/release/deps/libax_log-6c22bd1c999a0e5c.rmeta --extern ax_memory_addr=/private/tmp/host-starryos-aligned-j8-target-20260530T164300-host-j8/aarch64-unknown-none-softfloat/release/deps/libax_memory_addr-24df2c1a1eebfcd1.rmeta --extern ax_memory_set=/private/tmp/host-starryos-aligned-j8-target-20260530T164300-host-j8/aarch64-unknown-none-softfloat/release/deps/libax_memory_set-3aa4fd34a7b54b1d.rmeta --extern ax_mm=/private/tmp/host-starryos-aligned-j8-target-20260530T164300-host-j8/aarch64-unknown-none-softfloat/release/deps/libax_mm-b12fe347926de5b8.rmeta --extern axnet=/private/tmp/host-starryos-aligned-j8-target-20260530T164300-host-j8/aarch64-unknown-none-softfloat/release/deps/libax_net_ng-526029498ae01907.rmeta --extern ax_percpu=/private/tmp/host-starryos-aligned-j8-target-20260530T164300-host-j8/aarch64-unknown-none-softfloat/release/deps/libax_percpu-ea2100ddc958440f.rmeta --extern ax_runtime=/private/tmp/host-starryos-aligned-j8-target-20260530T164300-host-j8/aarch64-unknown-none-softfloat/release/deps/libax_runtime-27ff830827da0b9a.rmeta --extern ax_sync=/private/tmp/host-starryos-aligned-j8-target-20260530T164300-host-j8/aarch64-unknown-none-softfloat/release/deps/libax_sync-900fa8dd4fb090ad.rmeta --extern ax_task=/private/tmp/host-starryos-aligned-j8-target-20260530T164300-host-j8/aarch64-unknown-none-softfloat/release/deps/libax_task-60873769b6b153d3.rmeta --extern axbacktrace=/private/tmp/host-starryos-aligned-j8-target-20260530T164300-host-j8/aarch64-unknown-none-softfloat/release/deps/libaxbacktrace-4bd31ded2b3db88d.rmeta --extern axfs_ng_vfs=/private/tmp/host-starryos-aligned-j8-target-20260530T164300-host-j8/aarch64-unknown-none-softfloat/release/deps/libaxfs_ng_vfs-7a54ad9203bb11d7.rmeta --extern axpoll=/private/tmp/host-starryos-aligned-j8-target-20260530T164300-host-j8/aarch64-unknown-none-softfloat/release/deps/libaxpoll-a6462894d4fe2132.rmeta --extern bitflags=/private/tmp/host-starryos-aligned-j8-target-20260530T164300-host-j8/aarch64-unknown-none-softfloat/release/deps/libbitflags-fb1569c4ca0b32a5.rmeta --extern bitmaps=/private/tmp/host-starryos-aligned-j8-target-20260530T164300-host-j8/aarch64-unknown-none-softfloat/release/deps/libbitmaps-99f16ce33fd18e4c.rmeta --extern bytemuck=/private/tmp/host-starryos-aligned-j8-target-20260530T164300-host-j8/aarch64-unknown-none-softfloat/release/deps/libbytemuck-1e1a9f6ca5df5a4b.rmeta --extern cfg_if=/private/tmp/host-starryos-aligned-j8-target-20260530T164300-host-j8/aarch64-unknown-none-softfloat/release/deps/libcfg_if-e485dc88ca678962.rmeta --extern chrono=/private/tmp/host-starryos-aligned-j8-target-20260530T164300-host-j8/aarch64-unknown-none-softfloat/release/deps/libchrono-454cc5c61b9c93df.rmeta --extern noprelude,nounused:compiler_builtins=/private/tmp/host-starryos-aligned-j8-target-20260530T164300-host-j8/aarch64-unknown-none-softfloat/release/deps/libcompiler_builtins-8141dd3b2ab3624f.rmeta --extern noprelude,nounused:core=/private/tmp/host-starryos-aligned-j8-target-20260530T164300-host-j8/aarch64-unknown-none-softfloat/release/deps/libcore-d9ef87706fa9a7f5.rmeta --extern ddebug=/private/tmp/host-starryos-aligned-j8-target-20260530T164300-host-j8/aarch64-unknown-none-softfloat/release/deps/libddebug-ad18375a28a07e67.rmeta --extern downcast_rs=/private/tmp/host-starryos-aligned-j8-target-20260530T164300-host-j8/aarch64-unknown-none-softfloat/release/deps/libdowncast_rs-7f59514de7a0f703.rmeta --extern enum_dispatch=/private/tmp/host-starryos-aligned-j8-target-20260530T164300-host-j8/release/deps/libenum_dispatch-23387cadf79794a9.dylib --extern event_listener=/private/tmp/host-starryos-aligned-j8-target-20260530T164300-host-j8/aarch64-unknown-none-softfloat/release/deps/libevent_listener-0bf5b34e8b8f829c.rmeta --extern extern_trait=/private/tmp/host-starryos-aligned-j8-target-20260530T164300-host-j8/aarch64-unknown-none-softfloat/release/deps/libextern_trait-5fc1b7c345ddd3cd.rmeta --extern flatten_objects=/private/tmp/host-starryos-aligned-j8-target-20260530T164300-host-j8/aarch64-unknown-none-softfloat/release/deps/libflatten_objects-8645f11d91237dd6.rmeta --extern hashbrown=/private/tmp/host-starryos-aligned-j8-target-20260530T164300-host-j8/aarch64-unknown-none-softfloat/release/deps/libhashbrown-7f2f728fc3927ee3.rmeta --extern indoc=/private/tmp/host-starryos-aligned-j8-target-20260530T164300-host-j8/release/deps/libindoc-ffd4ca335691b8f0.dylib --extern inherit_methods_macro=/private/tmp/host-starryos-aligned-j8-target-20260530T164300-host-j8/release/deps/libinherit_methods_macro-e7d0702b46cbdbca.dylib --extern kernel_elf_parser=/private/tmp/host-starryos-aligned-j8-target-20260530T164300-host-j8/aarch64-unknown-none-softfloat/release/deps/libkernel_elf_parser-1d3e745854a36241.rmeta --extern ktracepoint=/private/tmp/host-starryos-aligned-j8-target-20260530T164300-host-j8/aarch64-unknown-none-softfloat/release/deps/libktracepoint-c6e606a7da0c7171.rmeta --extern lazy_static=/private/tmp/host-starryos-aligned-j8-target-20260530T164300-host-j8/aarch64-unknown-none-softfloat/release/deps/liblazy_static-2aaa86cde7fe2151.rmeta --extern linux_raw_sys=/private/tmp/host-starryos-aligned-j8-target-20260530T164300-host-j8/aarch64-unknown-none-softfloat/release/deps/liblinux_raw_sys-f4c3a7b0421ec5aa.rmeta --extern lock_api=/private/tmp/host-starryos-aligned-j8-target-20260530T164300-host-j8/aarch64-unknown-none-softfloat/release/deps/liblock_api-615938b80800e21d.rmeta --extern num_enum=/private/tmp/host-starryos-aligned-j8-target-20260530T164300-host-j8/aarch64-unknown-none-softfloat/release/deps/libnum_enum-21641627f36d97ed.rmeta --extern ouroboros=/private/tmp/host-starryos-aligned-j8-target-20260530T164300-host-j8/aarch64-unknown-none-softfloat/release/deps/libouroboros-c5dc2503ae06b2de.rmeta --extern rand=/private/tmp/host-starryos-aligned-j8-target-20260530T164300-host-j8/aarch64-unknown-none-softfloat/release/deps/librand-7846c05432425fee.rmeta --extern ringbuf=/private/tmp/host-starryos-aligned-j8-target-20260530T164300-host-j8/aarch64-unknown-none-softfloat/release/deps/libringbuf-f1a1408eea4027c3.rmeta --extern scope_local=/private/tmp/host-starryos-aligned-j8-target-20260530T164300-host-j8/aarch64-unknown-none-softfloat/release/deps/libscope_local-d3286753b6c148bf.rmeta --extern slab=/private/tmp/host-starryos-aligned-j8-target-20260530T164300-host-j8/aarch64-unknown-none-softfloat/release/deps/libslab-7494d6fe6d53ee85.rmeta --extern spin=/private/tmp/host-starryos-aligned-j8-target-20260530T164300-host-j8/aarch64-unknown-none-softfloat/release/deps/libspin-e06dd8f5b9718690.rmeta --extern starry_process=/private/tmp/host-starryos-aligned-j8-target-20260530T164300-host-j8/aarch64-unknown-none-softfloat/release/deps/libstarry_process-913d082732070e9d.rmeta --extern starry_signal=/private/tmp/host-starryos-aligned-j8-target-20260530T164300-host-j8/aarch64-unknown-none-softfloat/release/deps/libstarry_signal-6b27007007fd8bf7.rmeta --extern starry_vm=/private/tmp/host-starryos-aligned-j8-target-20260530T164300-host-j8/aarch64-unknown-none-softfloat/release/deps/libstarry_vm-229aac5cb8fb796a.rmeta --extern static_keys=/private/tmp/host-starryos-aligned-j8-target-20260530T164300-host-j8/aarch64-unknown-none-softfloat/release/deps/libstatic_keys-4f78f88e57f4d370.rmeta --extern strum=/private/tmp/host-starryos-aligned-j8-target-20260530T164300-host-j8/aarch64-unknown-none-softfloat/release/deps/libstrum-ea903aca7d169265.rmeta --extern syscalls=/private/tmp/host-starryos-aligned-j8-target-20260530T164300-host-j8/aarch64-unknown-none-softfloat/release/deps/libsyscalls-ae3ac744f6ef7061.rmeta --extern uluru=/private/tmp/host-starryos-aligned-j8-target-20260530T164300-host-j8/aarch64-unknown-none-softfloat/release/deps/libuluru-38637bb784b05a5f.rmeta --extern weak_map=/private/tmp/host-starryos-aligned-j8-target-20260530T164300-host-j8/aarch64-unknown-none-softfloat/release/deps/libweak_map-b95e5569d0a490d2.rmeta --extern xmas_elf=/private/tmp/host-starryos-aligned-j8-target-20260530T164300-host-j8/aarch64-unknown-none-softfloat/release/deps/libxmas_elf-4e9066f134f83577.rmeta --extern zerocopy=/private/tmp/host-starryos-aligned-j8-target-20260530T164300-host-j8/aarch64-unknown-none-softfloat/release/deps/libzerocopy-c4debaaa390324fb.rmeta -Z unstable-options -Clink-arg=-Tlinker.x -Clink-arg=-no-pie -Clink-arg=-znostart-stop-gc -L /private/tmp/host-starryos-aligned-j8-target-20260530T164300-host-j8/aarch64-unknown-none-softfloat/release/build/ax-hal-ec878cb016b16fc8/out"
1780130744.388,146.056,81.388,93031,93.60,0.94,11.70,5,1,1,0,93.60,"/Users/txc/.rustup/toolchains/nightly-2026-04-27-aarch64-apple-darwin/bin/rustc --crate-name starry_kernel --edition=2024 os/StarryOS/kernel/src/lib.rs --error-format=json --json=diagnostic-rendered-ansi,artifacts,future-incompat --crate-type lib --emit=dep-info,metadata,link -C embed-bitcode=no -C codegen-units=256 -C debug-assertions=off --cfg feature=""dev-log"" --cfg feature=""ext4"" --cfg feature=""input"" --cfg feature=""vsock"" --check-cfg cfg(docsrs,test) --check-cfg cfg(feature, values(""default"", ""dev-log"", ""dynamic_debug"", ""ext4"", ""input"", ""kcov"", ""memtrack"", ""plat-dyn"", ""rknpu"", ""sg2002"", ""vsock"")) -C metadata=f706497d29473ee0 -C extra-filename=-f52fad9481f391e6 --out-dir /private/tmp/host-starryos-aligned-j8-target-20260530T164300-host-j8/aarch64-unknown-none-softfloat/release/deps --target aarch64-unknown-none-softfloat -C strip=debuginfo -L dependency=/private/tmp/host-starryos-aligned-j8-target-20260530T164300-host-j8/aarch64-unknown-none-softfloat/release/deps -L dependency=/private/tmp/host-starryos-aligned-j8-target-20260530T164300-host-j8/release/deps --extern noprelude,nounused:alloc=/private/tmp/host-starryos-aligned-j8-target-20260530T164300-host-j8/aarch64-unknown-none-softfloat/release/deps/liballoc-01ae3635ac91bcf4.rmeta --extern ax_alloc=/private/tmp/host-starryos-aligned-j8-target-20260530T164300-host-j8/aarch64-unknown-none-softfloat/release/deps/libax_alloc-cbd9c089f4864a5f.rmeta --extern ax_config=/private/tmp/host-starryos-aligned-j8-target-20260530T164300-host-j8/aarch64-unknown-none-softfloat/release/deps/libax_config-1b031f9893154f95.rmeta --extern ax_display=/private/tmp/host-starryos-aligned-j8-target-20260530T164300-host-j8/aarch64-unknown-none-softfloat/release/deps/libax_display-1faa3d86d18071b0.rmeta --extern ax_driver=/private/tmp/host-starryos-aligned-j8-target-20260530T164300-host-j8/aarch64-unknown-none-softfloat/release/deps/libax_driver-e98abc6c0317cad1.rmeta --extern ax_errno=/private/tmp/host-starryos-aligned-j8-target-20260530T164300-host-j8/aarch64-unknown-none-softfloat/release/deps/libax_errno-58fd8a41f3b0411e.rmeta --extern ax_feat=/private/tmp/host-starryos-aligned-j8-target-20260530T164300-host-j8/aarch64-unknown-none-softfloat/release/deps/libax_feat-6b8fb201e77d5255.rmeta --extern ax_fs=/private/tmp/host-starryos-aligned-j8-target-20260530T164300-host-j8/aarch64-unknown-none-softfloat/release/deps/libax_fs_ng-b8ffb522732d2f17.rmeta --extern ax_hal=/private/tmp/host-starryos-aligned-j8-target-20260530T164300-host-j8/aarch64-unknown-none-softfloat/release/deps/libax_hal-a4f4b8677556c886.rmeta --extern ax_input=/private/tmp/host-starryos-aligned-j8-target-20260530T164300-host-j8/aarch64-unknown-none-softfloat/release/deps/libax_input-988c404a71676555.rmeta --extern ax_io=/private/tmp/host-starryos-aligned-j8-target-20260530T164300-host-j8/aarch64-unknown-none-softfloat/release/deps/libax_io-fbd6e1d5c23d4761.rmeta --extern ax_ipi=/private/tmp/host-starryos-aligned-j8-target-20260530T164300-host-j8/aarch64-unknown-none-softfloat/release/deps/libax_ipi-0db9bb0a9e0ab2f0.rmeta --extern ax_kernel_guard=/private/tmp/host-starryos-aligned-j8-target-20260530T164300-host-j8/aarch64-unknown-none-softfloat/release/deps/libax_kernel_guard-7ce6ce0d2df20968.rmeta --extern ax_kspin=/private/tmp/host-starryos-aligned-j8-target-20260530T164300-host-j8/aarch64-unknown-none-softfloat/release/deps/libax_kspin-613c91303473ccc5.rmeta --extern ax_lazyinit=/private/tmp/host-starryos-aligned-j8-target-20260530T164300-host-j8/aarch64-unknown-none-softfloat/release/deps/libax_lazyinit-6076db9d6128ea9e.rmeta --extern ax_log=/private/tmp/host-starryos-aligned-j8-target-20260530T164300-host-j8/aarch64-unknown-none-softfloat/release/deps/libax_log-6c22bd1c999a0e5c.rmeta --extern ax_memory_addr=/private/tmp/host-starryos-aligned-j8-target-20260530T164300-host-j8/aarch64-unknown-none-softfloat/release/deps/libax_memory_addr-24df2c1a1eebfcd1.rmeta --extern ax_memory_set=/private/tmp/host-starryos-aligned-j8-target-20260530T164300-host-j8/aarch64-unknown-none-softfloat/release/deps/libax_memory_set-3aa4fd34a7b54b1d.rmeta --extern ax_mm=/private/tmp/host-starryos-aligned-j8-target-20260530T164300-host-j8/aarch64-unknown-none-softfloat/release/deps/libax_mm-b12fe347926de5b8.rmeta --extern axnet=/private/tmp/host-starryos-aligned-j8-target-20260530T164300-host-j8/aarch64-unknown-none-softfloat/release/deps/libax_net_ng-526029498ae01907.rmeta --extern ax_percpu=/private/tmp/host-starryos-aligned-j8-target-20260530T164300-host-j8/aarch64-unknown-none-softfloat/release/deps/libax_percpu-ea2100ddc958440f.rmeta --extern ax_runtime=/private/tmp/host-starryos-aligned-j8-target-20260530T164300-host-j8/aarch64-unknown-none-softfloat/release/deps/libax_runtime-27ff830827da0b9a.rmeta --extern ax_sync=/private/tmp/host-starryos-aligned-j8-target-20260530T164300-host-j8/aarch64-unknown-none-softfloat/release/deps/libax_sync-900fa8dd4fb090ad.rmeta --extern ax_task=/private/tmp/host-starryos-aligned-j8-target-20260530T164300-host-j8/aarch64-unknown-none-softfloat/release/deps/libax_task-60873769b6b153d3.rmeta --extern axbacktrace=/private/tmp/host-starryos-aligned-j8-target-20260530T164300-host-j8/aarch64-unknown-none-softfloat/release/deps/libaxbacktrace-4bd31ded2b3db88d.rmeta --extern axfs_ng_vfs=/private/tmp/host-starryos-aligned-j8-target-20260530T164300-host-j8/aarch64-unknown-none-softfloat/release/deps/libaxfs_ng_vfs-7a54ad9203bb11d7.rmeta --extern axpoll=/private/tmp/host-starryos-aligned-j8-target-20260530T164300-host-j8/aarch64-unknown-none-softfloat/release/deps/libaxpoll-a6462894d4fe2132.rmeta --extern bitflags=/private/tmp/host-starryos-aligned-j8-target-20260530T164300-host-j8/aarch64-unknown-none-softfloat/release/deps/libbitflags-fb1569c4ca0b32a5.rmeta --extern bitmaps=/private/tmp/host-starryos-aligned-j8-target-20260530T164300-host-j8/aarch64-unknown-none-softfloat/release/deps/libbitmaps-99f16ce33fd18e4c.rmeta --extern bytemuck=/private/tmp/host-starryos-aligned-j8-target-20260530T164300-host-j8/aarch64-unknown-none-softfloat/release/deps/libbytemuck-1e1a9f6ca5df5a4b.rmeta --extern cfg_if=/private/tmp/host-starryos-aligned-j8-target-20260530T164300-host-j8/aarch64-unknown-none-softfloat/release/deps/libcfg_if-e485dc88ca678962.rmeta --extern chrono=/private/tmp/host-starryos-aligned-j8-target-20260530T164300-host-j8/aarch64-unknown-none-softfloat/release/deps/libchrono-454cc5c61b9c93df.rmeta --extern noprelude,nounused:compiler_builtins=/private/tmp/host-starryos-aligned-j8-target-20260530T164300-host-j8/aarch64-unknown-none-softfloat/release/deps/libcompiler_builtins-8141dd3b2ab3624f.rmeta --extern noprelude,nounused:core=/private/tmp/host-starryos-aligned-j8-target-20260530T164300-host-j8/aarch64-unknown-none-softfloat/release/deps/libcore-d9ef87706fa9a7f5.rmeta --extern ddebug=/private/tmp/host-starryos-aligned-j8-target-20260530T164300-host-j8/aarch64-unknown-none-softfloat/release/deps/libddebug-ad18375a28a07e67.rmeta --extern downcast_rs=/private/tmp/host-starryos-aligned-j8-target-20260530T164300-host-j8/aarch64-unknown-none-softfloat/release/deps/libdowncast_rs-7f59514de7a0f703.rmeta --extern enum_dispatch=/private/tmp/host-starryos-aligned-j8-target-20260530T164300-host-j8/release/deps/libenum_dispatch-23387cadf79794a9.dylib --extern event_listener=/private/tmp/host-starryos-aligned-j8-target-20260530T164300-host-j8/aarch64-unknown-none-softfloat/release/deps/libevent_listener-0bf5b34e8b8f829c.rmeta --extern extern_trait=/private/tmp/host-starryos-aligned-j8-target-20260530T164300-host-j8/aarch64-unknown-none-softfloat/release/deps/libextern_trait-5fc1b7c345ddd3cd.rmeta --extern flatten_objects=/private/tmp/host-starryos-aligned-j8-target-20260530T164300-host-j8/aarch64-unknown-none-softfloat/release/deps/libflatten_objects-8645f11d91237dd6.rmeta --extern hashbrown=/private/tmp/host-starryos-aligned-j8-target-20260530T164300-host-j8/aarch64-unknown-none-softfloat/release/deps/libhashbrown-7f2f728fc3927ee3.rmeta --extern indoc=/private/tmp/host-starryos-aligned-j8-target-20260530T164300-host-j8/release/deps/libindoc-ffd4ca335691b8f0.dylib --extern inherit_methods_macro=/private/tmp/host-starryos-aligned-j8-target-20260530T164300-host-j8/release/deps/libinherit_methods_macro-e7d0702b46cbdbca.dylib --extern kernel_elf_parser=/private/tmp/host-starryos-aligned-j8-target-20260530T164300-host-j8/aarch64-unknown-none-softfloat/release/deps/libkernel_elf_parser-1d3e745854a36241.rmeta --extern ktracepoint=/private/tmp/host-starryos-aligned-j8-target-20260530T164300-host-j8/aarch64-unknown-none-softfloat/release/deps/libktracepoint-c6e606a7da0c7171.rmeta --extern lazy_static=/private/tmp/host-starryos-aligned-j8-target-20260530T164300-host-j8/aarch64-unknown-none-softfloat/release/deps/liblazy_static-2aaa86cde7fe2151.rmeta --extern linux_raw_sys=/private/tmp/host-starryos-aligned-j8-target-20260530T164300-host-j8/aarch64-unknown-none-softfloat/release/deps/liblinux_raw_sys-f4c3a7b0421ec5aa.rmeta --extern lock_api=/private/tmp/host-starryos-aligned-j8-target-20260530T164300-host-j8/aarch64-unknown-none-softfloat/release/deps/liblock_api-615938b80800e21d.rmeta --extern num_enum=/private/tmp/host-starryos-aligned-j8-target-20260530T164300-host-j8/aarch64-unknown-none-softfloat/release/deps/libnum_enum-21641627f36d97ed.rmeta --extern ouroboros=/private/tmp/host-starryos-aligned-j8-target-20260530T164300-host-j8/aarch64-unknown-none-softfloat/release/deps/libouroboros-c5dc2503ae06b2de.rmeta --extern rand=/private/tmp/host-starryos-aligned-j8-target-20260530T164300-host-j8/aarch64-unknown-none-softfloat/release/deps/librand-7846c05432425fee.rmeta --extern ringbuf=/private/tmp/host-starryos-aligned-j8-target-20260530T164300-host-j8/aarch64-unknown-none-softfloat/release/deps/libringbuf-f1a1408eea4027c3.rmeta --extern scope_local=/private/tmp/host-starryos-aligned-j8-target-20260530T164300-host-j8/aarch64-unknown-none-softfloat/release/deps/libscope_local-d3286753b6c148bf.rmeta --extern slab=/private/tmp/host-starryos-aligned-j8-target-20260530T164300-host-j8/aarch64-unknown-none-softfloat/release/deps/libslab-7494d6fe6d53ee85.rmeta --extern spin=/private/tmp/host-starryos-aligned-j8-target-20260530T164300-host-j8/aarch64-unknown-none-softfloat/release/deps/libspin-e06dd8f5b9718690.rmeta --extern starry_process=/private/tmp/host-starryos-aligned-j8-target-20260530T164300-host-j8/aarch64-unknown-none-softfloat/release/deps/libstarry_process-913d082732070e9d.rmeta --extern starry_signal=/private/tmp/host-starryos-aligned-j8-target-20260530T164300-host-j8/aarch64-unknown-none-softfloat/release/deps/libstarry_signal-6b27007007fd8bf7.rmeta --extern starry_vm=/private/tmp/host-starryos-aligned-j8-target-20260530T164300-host-j8/aarch64-unknown-none-softfloat/release/deps/libstarry_vm-229aac5cb8fb796a.rmeta --extern static_keys=/private/tmp/host-starryos-aligned-j8-target-20260530T164300-host-j8/aarch64-unknown-none-softfloat/release/deps/libstatic_keys-4f78f88e57f4d370.rmeta --extern strum=/private/tmp/host-starryos-aligned-j8-target-20260530T164300-host-j8/aarch64-unknown-none-softfloat/release/deps/libstrum-ea903aca7d169265.rmeta --extern syscalls=/private/tmp/host-starryos-aligned-j8-target-20260530T164300-host-j8/aarch64-unknown-none-softfloat/release/deps/libsyscalls-ae3ac744f6ef7061.rmeta --extern uluru=/private/tmp/host-starryos-aligned-j8-target-20260530T164300-host-j8/aarch64-unknown-none-softfloat/release/deps/libuluru-38637bb784b05a5f.rmeta --extern weak_map=/private/tmp/host-starryos-aligned-j8-target-20260530T164300-host-j8/aarch64-unknown-none-softfloat/release/deps/libweak_map-b95e5569d0a490d2.rmeta --extern xmas_elf=/private/tmp/host-starryos-aligned-j8-target-20260530T164300-host-j8/aarch64-unknown-none-softfloat/release/deps/libxmas_elf-4e9066f134f83577.rmeta --extern zerocopy=/private/tmp/host-starryos-aligned-j8-target-20260530T164300-host-j8/aarch64-unknown-none-softfloat/release/deps/libzerocopy-c4debaaa390324fb.rmeta -Z unstable-options -Clink-arg=-Tlinker.x -Clink-arg=-no-pie -Clink-arg=-znostart-stop-gc -L /private/tmp/host-starryos-aligned-j8-target-20260530T164300-host-j8/aarch64-unknown-none-softfloat/release/build/ax-hal-ec878cb016b16fc8/out"
1780130745.472,147.140,82.472,93031,92.10,0.92,11.51,5,1,1,0,92.10,"/Users/txc/.rustup/toolchains/nightly-2026-04-27-aarch64-apple-darwin/bin/rustc --crate-name starry_kernel --edition=2024 os/StarryOS/kernel/src/lib.rs --error-format=json --json=diagnostic-rendered-ansi,artifacts,future-incompat --crate-type lib --emit=dep-info,metadata,link -C embed-bitcode=no -C codegen-units=256 -C debug-assertions=off --cfg feature=""dev-log"" --cfg feature=""ext4"" --cfg feature=""input"" --cfg feature=""vsock"" --check-cfg cfg(docsrs,test) --check-cfg cfg(feature, values(""default"", ""dev-log"", ""dynamic_debug"", ""ext4"", ""input"", ""kcov"", ""memtrack"", ""plat-dyn"", ""rknpu"", ""sg2002"", ""vsock"")) -C metadata=f706497d29473ee0 -C extra-filename=-f52fad9481f391e6 --out-dir /private/tmp/host-starryos-aligned-j8-target-20260530T164300-host-j8/aarch64-unknown-none-softfloat/release/deps --target aarch64-unknown-none-softfloat -C strip=debuginfo -L dependency=/private/tmp/host-starryos-aligned-j8-target-20260530T164300-host-j8/aarch64-unknown-none-softfloat/release/deps -L dependency=/private/tmp/host-starryos-aligned-j8-target-20260530T164300-host-j8/release/deps --extern noprelude,nounused:alloc=/private/tmp/host-starryos-aligned-j8-target-20260530T164300-host-j8/aarch64-unknown-none-softfloat/release/deps/liballoc-01ae3635ac91bcf4.rmeta --extern ax_alloc=/private/tmp/host-starryos-aligned-j8-target-20260530T164300-host-j8/aarch64-unknown-none-softfloat/release/deps/libax_alloc-cbd9c089f4864a5f.rmeta --extern ax_config=/private/tmp/host-starryos-aligned-j8-target-20260530T164300-host-j8/aarch64-unknown-none-softfloat/release/deps/libax_config-1b031f9893154f95.rmeta --extern ax_display=/private/tmp/host-starryos-aligned-j8-target-20260530T164300-host-j8/aarch64-unknown-none-softfloat/release/deps/libax_display-1faa3d86d18071b0.rmeta --extern ax_driver=/private/tmp/host-starryos-aligned-j8-target-20260530T164300-host-j8/aarch64-unknown-none-softfloat/release/deps/libax_driver-e98abc6c0317cad1.rmeta --extern ax_errno=/private/tmp/host-starryos-aligned-j8-target-20260530T164300-host-j8/aarch64-unknown-none-softfloat/release/deps/libax_errno-58fd8a41f3b0411e.rmeta --extern ax_feat=/private/tmp/host-starryos-aligned-j8-target-20260530T164300-host-j8/aarch64-unknown-none-softfloat/release/deps/libax_feat-6b8fb201e77d5255.rmeta --extern ax_fs=/private/tmp/host-starryos-aligned-j8-target-20260530T164300-host-j8/aarch64-unknown-none-softfloat/release/deps/libax_fs_ng-b8ffb522732d2f17.rmeta --extern ax_hal=/private/tmp/host-starryos-aligned-j8-target-20260530T164300-host-j8/aarch64-unknown-none-softfloat/release/deps/libax_hal-a4f4b8677556c886.rmeta --extern ax_input=/private/tmp/host-starryos-aligned-j8-target-20260530T164300-host-j8/aarch64-unknown-none-softfloat/release/deps/libax_input-988c404a71676555.rmeta --extern ax_io=/private/tmp/host-starryos-aligned-j8-target-20260530T164300-host-j8/aarch64-unknown-none-softfloat/release/deps/libax_io-fbd6e1d5c23d4761.rmeta --extern ax_ipi=/private/tmp/host-starryos-aligned-j8-target-20260530T164300-host-j8/aarch64-unknown-none-softfloat/release/deps/libax_ipi-0db9bb0a9e0ab2f0.rmeta --extern ax_kernel_guard=/private/tmp/host-starryos-aligned-j8-target-20260530T164300-host-j8/aarch64-unknown-none-softfloat/release/deps/libax_kernel_guard-7ce6ce0d2df20968.rmeta --extern ax_kspin=/private/tmp/host-starryos-aligned-j8-target-20260530T164300-host-j8/aarch64-unknown-none-softfloat/release/deps/libax_kspin-613c91303473ccc5.rmeta --extern ax_lazyinit=/private/tmp/host-starryos-aligned-j8-target-20260530T164300-host-j8/aarch64-unknown-none-softfloat/release/deps/libax_lazyinit-6076db9d6128ea9e.rmeta --extern ax_log=/private/tmp/host-starryos-aligned-j8-target-20260530T164300-host-j8/aarch64-unknown-none-softfloat/release/deps/libax_log-6c22bd1c999a0e5c.rmeta --extern ax_memory_addr=/private/tmp/host-starryos-aligned-j8-target-20260530T164300-host-j8/aarch64-unknown-none-softfloat/release/deps/libax_memory_addr-24df2c1a1eebfcd1.rmeta --extern ax_memory_set=/private/tmp/host-starryos-aligned-j8-target-20260530T164300-host-j8/aarch64-unknown-none-softfloat/release/deps/libax_memory_set-3aa4fd34a7b54b1d.rmeta --extern ax_mm=/private/tmp/host-starryos-aligned-j8-target-20260530T164300-host-j8/aarch64-unknown-none-softfloat/release/deps/libax_mm-b12fe347926de5b8.rmeta --extern axnet=/private/tmp/host-starryos-aligned-j8-target-20260530T164300-host-j8/aarch64-unknown-none-softfloat/release/deps/libax_net_ng-526029498ae01907.rmeta --extern ax_percpu=/private/tmp/host-starryos-aligned-j8-target-20260530T164300-host-j8/aarch64-unknown-none-softfloat/release/deps/libax_percpu-ea2100ddc958440f.rmeta --extern ax_runtime=/private/tmp/host-starryos-aligned-j8-target-20260530T164300-host-j8/aarch64-unknown-none-softfloat/release/deps/libax_runtime-27ff830827da0b9a.rmeta --extern ax_sync=/private/tmp/host-starryos-aligned-j8-target-20260530T164300-host-j8/aarch64-unknown-none-softfloat/release/deps/libax_sync-900fa8dd4fb090ad.rmeta --extern ax_task=/private/tmp/host-starryos-aligned-j8-target-20260530T164300-host-j8/aarch64-unknown-none-softfloat/release/deps/libax_task-60873769b6b153d3.rmeta --extern axbacktrace=/private/tmp/host-starryos-aligned-j8-target-20260530T164300-host-j8/aarch64-unknown-none-softfloat/release/deps/libaxbacktrace-4bd31ded2b3db88d.rmeta --extern axfs_ng_vfs=/private/tmp/host-starryos-aligned-j8-target-20260530T164300-host-j8/aarch64-unknown-none-softfloat/release/deps/libaxfs_ng_vfs-7a54ad9203bb11d7.rmeta --extern axpoll=/private/tmp/host-starryos-aligned-j8-target-20260530T164300-host-j8/aarch64-unknown-none-softfloat/release/deps/libaxpoll-a6462894d4fe2132.rmeta --extern bitflags=/private/tmp/host-starryos-aligned-j8-target-20260530T164300-host-j8/aarch64-unknown-none-softfloat/release/deps/libbitflags-fb1569c4ca0b32a5.rmeta --extern bitmaps=/private/tmp/host-starryos-aligned-j8-target-20260530T164300-host-j8/aarch64-unknown-none-softfloat/release/deps/libbitmaps-99f16ce33fd18e4c.rmeta --extern bytemuck=/private/tmp/host-starryos-aligned-j8-target-20260530T164300-host-j8/aarch64-unknown-none-softfloat/release/deps/libbytemuck-1e1a9f6ca5df5a4b.rmeta --extern cfg_if=/private/tmp/host-starryos-aligned-j8-target-20260530T164300-host-j8/aarch64-unknown-none-softfloat/release/deps/libcfg_if-e485dc88ca678962.rmeta --extern chrono=/private/tmp/host-starryos-aligned-j8-target-20260530T164300-host-j8/aarch64-unknown-none-softfloat/release/deps/libchrono-454cc5c61b9c93df.rmeta --extern noprelude,nounused:compiler_builtins=/private/tmp/host-starryos-aligned-j8-target-20260530T164300-host-j8/aarch64-unknown-none-softfloat/release/deps/libcompiler_builtins-8141dd3b2ab3624f.rmeta --extern noprelude,nounused:core=/private/tmp/host-starryos-aligned-j8-target-20260530T164300-host-j8/aarch64-unknown-none-softfloat/release/deps/libcore-d9ef87706fa9a7f5.rmeta --extern ddebug=/private/tmp/host-starryos-aligned-j8-target-20260530T164300-host-j8/aarch64-unknown-none-softfloat/release/deps/libddebug-ad18375a28a07e67.rmeta --extern downcast_rs=/private/tmp/host-starryos-aligned-j8-target-20260530T164300-host-j8/aarch64-unknown-none-softfloat/release/deps/libdowncast_rs-7f59514de7a0f703.rmeta --extern enum_dispatch=/private/tmp/host-starryos-aligned-j8-target-20260530T164300-host-j8/release/deps/libenum_dispatch-23387cadf79794a9.dylib --extern event_listener=/private/tmp/host-starryos-aligned-j8-target-20260530T164300-host-j8/aarch64-unknown-none-softfloat/release/deps/libevent_listener-0bf5b34e8b8f829c.rmeta --extern extern_trait=/private/tmp/host-starryos-aligned-j8-target-20260530T164300-host-j8/aarch64-unknown-none-softfloat/release/deps/libextern_trait-5fc1b7c345ddd3cd.rmeta --extern flatten_objects=/private/tmp/host-starryos-aligned-j8-target-20260530T164300-host-j8/aarch64-unknown-none-softfloat/release/deps/libflatten_objects-8645f11d91237dd6.rmeta --extern hashbrown=/private/tmp/host-starryos-aligned-j8-target-20260530T164300-host-j8/aarch64-unknown-none-softfloat/release/deps/libhashbrown-7f2f728fc3927ee3.rmeta --extern indoc=/private/tmp/host-starryos-aligned-j8-target-20260530T164300-host-j8/release/deps/libindoc-ffd4ca335691b8f0.dylib --extern inherit_methods_macro=/private/tmp/host-starryos-aligned-j8-target-20260530T164300-host-j8/release/deps/libinherit_methods_macro-e7d0702b46cbdbca.dylib --extern kernel_elf_parser=/private/tmp/host-starryos-aligned-j8-target-20260530T164300-host-j8/aarch64-unknown-none-softfloat/release/deps/libkernel_elf_parser-1d3e745854a36241.rmeta --extern ktracepoint=/private/tmp/host-starryos-aligned-j8-target-20260530T164300-host-j8/aarch64-unknown-none-softfloat/release/deps/libktracepoint-c6e606a7da0c7171.rmeta --extern lazy_static=/private/tmp/host-starryos-aligned-j8-target-20260530T164300-host-j8/aarch64-unknown-none-softfloat/release/deps/liblazy_static-2aaa86cde7fe2151.rmeta --extern linux_raw_sys=/private/tmp/host-starryos-aligned-j8-target-20260530T164300-host-j8/aarch64-unknown-none-softfloat/release/deps/liblinux_raw_sys-f4c3a7b0421ec5aa.rmeta --extern lock_api=/private/tmp/host-starryos-aligned-j8-target-20260530T164300-host-j8/aarch64-unknown-none-softfloat/release/deps/liblock_api-615938b80800e21d.rmeta --extern num_enum=/private/tmp/host-starryos-aligned-j8-target-20260530T164300-host-j8/aarch64-unknown-none-softfloat/release/deps/libnum_enum-21641627f36d97ed.rmeta --extern ouroboros=/private/tmp/host-starryos-aligned-j8-target-20260530T164300-host-j8/aarch64-unknown-none-softfloat/release/deps/libouroboros-c5dc2503ae06b2de.rmeta --extern rand=/private/tmp/host-starryos-aligned-j8-target-20260530T164300-host-j8/aarch64-unknown-none-softfloat/release/deps/librand-7846c05432425fee.rmeta --extern ringbuf=/private/tmp/host-starryos-aligned-j8-target-20260530T164300-host-j8/aarch64-unknown-none-softfloat/release/deps/libringbuf-f1a1408eea4027c3.rmeta --extern scope_local=/private/tmp/host-starryos-aligned-j8-target-20260530T164300-host-j8/aarch64-unknown-none-softfloat/release/deps/libscope_local-d3286753b6c148bf.rmeta --extern slab=/private/tmp/host-starryos-aligned-j8-target-20260530T164300-host-j8/aarch64-unknown-none-softfloat/release/deps/libslab-7494d6fe6d53ee85.rmeta --extern spin=/private/tmp/host-starryos-aligned-j8-target-20260530T164300-host-j8/aarch64-unknown-none-softfloat/release/deps/libspin-e06dd8f5b9718690.rmeta --extern starry_process=/private/tmp/host-starryos-aligned-j8-target-20260530T164300-host-j8/aarch64-unknown-none-softfloat/release/deps/libstarry_process-913d082732070e9d.rmeta --extern starry_signal=/private/tmp/host-starryos-aligned-j8-target-20260530T164300-host-j8/aarch64-unknown-none-softfloat/release/deps/libstarry_signal-6b27007007fd8bf7.rmeta --extern starry_vm=/private/tmp/host-starryos-aligned-j8-target-20260530T164300-host-j8/aarch64-unknown-none-softfloat/release/deps/libstarry_vm-229aac5cb8fb796a.rmeta --extern static_keys=/private/tmp/host-starryos-aligned-j8-target-20260530T164300-host-j8/aarch64-unknown-none-softfloat/release/deps/libstatic_keys-4f78f88e57f4d370.rmeta --extern strum=/private/tmp/host-starryos-aligned-j8-target-20260530T164300-host-j8/aarch64-unknown-none-softfloat/release/deps/libstrum-ea903aca7d169265.rmeta --extern syscalls=/private/tmp/host-starryos-aligned-j8-target-20260530T164300-host-j8/aarch64-unknown-none-softfloat/release/deps/libsyscalls-ae3ac744f6ef7061.rmeta --extern uluru=/private/tmp/host-starryos-aligned-j8-target-20260530T164300-host-j8/aarch64-unknown-none-softfloat/release/deps/libuluru-38637bb784b05a5f.rmeta --extern weak_map=/private/tmp/host-starryos-aligned-j8-target-20260530T164300-host-j8/aarch64-unknown-none-softfloat/release/deps/libweak_map-b95e5569d0a490d2.rmeta --extern xmas_elf=/private/tmp/host-starryos-aligned-j8-target-20260530T164300-host-j8/aarch64-unknown-none-softfloat/release/deps/libxmas_elf-4e9066f134f83577.rmeta --extern zerocopy=/private/tmp/host-starryos-aligned-j8-target-20260530T164300-host-j8/aarch64-unknown-none-softfloat/release/deps/libzerocopy-c4debaaa390324fb.rmeta -Z unstable-options -Clink-arg=-Tlinker.x -Clink-arg=-no-pie -Clink-arg=-znostart-stop-gc -L /private/tmp/host-starryos-aligned-j8-target-20260530T164300-host-j8/aarch64-unknown-none-softfloat/release/build/ax-hal-ec878cb016b16fc8/out"
1780130746.556,148.224,83.556,93031,93.00,0.93,11.62,5,1,1,0,93.00,"/Users/txc/.rustup/toolchains/nightly-2026-04-27-aarch64-apple-darwin/bin/rustc --crate-name starry_kernel --edition=2024 os/StarryOS/kernel/src/lib.rs --error-format=json --json=diagnostic-rendered-ansi,artifacts,future-incompat --crate-type lib --emit=dep-info,metadata,link -C embed-bitcode=no -C codegen-units=256 -C debug-assertions=off --cfg feature=""dev-log"" --cfg feature=""ext4"" --cfg feature=""input"" --cfg feature=""vsock"" --check-cfg cfg(docsrs,test) --check-cfg cfg(feature, values(""default"", ""dev-log"", ""dynamic_debug"", ""ext4"", ""input"", ""kcov"", ""memtrack"", ""plat-dyn"", ""rknpu"", ""sg2002"", ""vsock"")) -C metadata=f706497d29473ee0 -C extra-filename=-f52fad9481f391e6 --out-dir /private/tmp/host-starryos-aligned-j8-target-20260530T164300-host-j8/aarch64-unknown-none-softfloat/release/deps --target aarch64-unknown-none-softfloat -C strip=debuginfo -L dependency=/private/tmp/host-starryos-aligned-j8-target-20260530T164300-host-j8/aarch64-unknown-none-softfloat/release/deps -L dependency=/private/tmp/host-starryos-aligned-j8-target-20260530T164300-host-j8/release/deps --extern noprelude,nounused:alloc=/private/tmp/host-starryos-aligned-j8-target-20260530T164300-host-j8/aarch64-unknown-none-softfloat/release/deps/liballoc-01ae3635ac91bcf4.rmeta --extern ax_alloc=/private/tmp/host-starryos-aligned-j8-target-20260530T164300-host-j8/aarch64-unknown-none-softfloat/release/deps/libax_alloc-cbd9c089f4864a5f.rmeta --extern ax_config=/private/tmp/host-starryos-aligned-j8-target-20260530T164300-host-j8/aarch64-unknown-none-softfloat/release/deps/libax_config-1b031f9893154f95.rmeta --extern ax_display=/private/tmp/host-starryos-aligned-j8-target-20260530T164300-host-j8/aarch64-unknown-none-softfloat/release/deps/libax_display-1faa3d86d18071b0.rmeta --extern ax_driver=/private/tmp/host-starryos-aligned-j8-target-20260530T164300-host-j8/aarch64-unknown-none-softfloat/release/deps/libax_driver-e98abc6c0317cad1.rmeta --extern ax_errno=/private/tmp/host-starryos-aligned-j8-target-20260530T164300-host-j8/aarch64-unknown-none-softfloat/release/deps/libax_errno-58fd8a41f3b0411e.rmeta --extern ax_feat=/private/tmp/host-starryos-aligned-j8-target-20260530T164300-host-j8/aarch64-unknown-none-softfloat/release/deps/libax_feat-6b8fb201e77d5255.rmeta --extern ax_fs=/private/tmp/host-starryos-aligned-j8-target-20260530T164300-host-j8/aarch64-unknown-none-softfloat/release/deps/libax_fs_ng-b8ffb522732d2f17.rmeta --extern ax_hal=/private/tmp/host-starryos-aligned-j8-target-20260530T164300-host-j8/aarch64-unknown-none-softfloat/release/deps/libax_hal-a4f4b8677556c886.rmeta --extern ax_input=/private/tmp/host-starryos-aligned-j8-target-20260530T164300-host-j8/aarch64-unknown-none-softfloat/release/deps/libax_input-988c404a71676555.rmeta --extern ax_io=/private/tmp/host-starryos-aligned-j8-target-20260530T164300-host-j8/aarch64-unknown-none-softfloat/release/deps/libax_io-fbd6e1d5c23d4761.rmeta --extern ax_ipi=/private/tmp/host-starryos-aligned-j8-target-20260530T164300-host-j8/aarch64-unknown-none-softfloat/release/deps/libax_ipi-0db9bb0a9e0ab2f0.rmeta --extern ax_kernel_guard=/private/tmp/host-starryos-aligned-j8-target-20260530T164300-host-j8/aarch64-unknown-none-softfloat/release/deps/libax_kernel_guard-7ce6ce0d2df20968.rmeta --extern ax_kspin=/private/tmp/host-starryos-aligned-j8-target-20260530T164300-host-j8/aarch64-unknown-none-softfloat/release/deps/libax_kspin-613c91303473ccc5.rmeta --extern ax_lazyinit=/private/tmp/host-starryos-aligned-j8-target-20260530T164300-host-j8/aarch64-unknown-none-softfloat/release/deps/libax_lazyinit-6076db9d6128ea9e.rmeta --extern ax_log=/private/tmp/host-starryos-aligned-j8-target-20260530T164300-host-j8/aarch64-unknown-none-softfloat/release/deps/libax_log-6c22bd1c999a0e5c.rmeta --extern ax_memory_addr=/private/tmp/host-starryos-aligned-j8-target-20260530T164300-host-j8/aarch64-unknown-none-softfloat/release/deps/libax_memory_addr-24df2c1a1eebfcd1.rmeta --extern ax_memory_set=/private/tmp/host-starryos-aligned-j8-target-20260530T164300-host-j8/aarch64-unknown-none-softfloat/release/deps/libax_memory_set-3aa4fd34a7b54b1d.rmeta --extern ax_mm=/private/tmp/host-starryos-aligned-j8-target-20260530T164300-host-j8/aarch64-unknown-none-softfloat/release/deps/libax_mm-b12fe347926de5b8.rmeta --extern axnet=/private/tmp/host-starryos-aligned-j8-target-20260530T164300-host-j8/aarch64-unknown-none-softfloat/release/deps/libax_net_ng-526029498ae01907.rmeta --extern ax_percpu=/private/tmp/host-starryos-aligned-j8-target-20260530T164300-host-j8/aarch64-unknown-none-softfloat/release/deps/libax_percpu-ea2100ddc958440f.rmeta --extern ax_runtime=/private/tmp/host-starryos-aligned-j8-target-20260530T164300-host-j8/aarch64-unknown-none-softfloat/release/deps/libax_runtime-27ff830827da0b9a.rmeta --extern ax_sync=/private/tmp/host-starryos-aligned-j8-target-20260530T164300-host-j8/aarch64-unknown-none-softfloat/release/deps/libax_sync-900fa8dd4fb090ad.rmeta --extern ax_task=/private/tmp/host-starryos-aligned-j8-target-20260530T164300-host-j8/aarch64-unknown-none-softfloat/release/deps/libax_task-60873769b6b153d3.rmeta --extern axbacktrace=/private/tmp/host-starryos-aligned-j8-target-20260530T164300-host-j8/aarch64-unknown-none-softfloat/release/deps/libaxbacktrace-4bd31ded2b3db88d.rmeta --extern axfs_ng_vfs=/private/tmp/host-starryos-aligned-j8-target-20260530T164300-host-j8/aarch64-unknown-none-softfloat/release/deps/libaxfs_ng_vfs-7a54ad9203bb11d7.rmeta --extern axpoll=/private/tmp/host-starryos-aligned-j8-target-20260530T164300-host-j8/aarch64-unknown-none-softfloat/release/deps/libaxpoll-a6462894d4fe2132.rmeta --extern bitflags=/private/tmp/host-starryos-aligned-j8-target-20260530T164300-host-j8/aarch64-unknown-none-softfloat/release/deps/libbitflags-fb1569c4ca0b32a5.rmeta --extern bitmaps=/private/tmp/host-starryos-aligned-j8-target-20260530T164300-host-j8/aarch64-unknown-none-softfloat/release/deps/libbitmaps-99f16ce33fd18e4c.rmeta --extern bytemuck=/private/tmp/host-starryos-aligned-j8-target-20260530T164300-host-j8/aarch64-unknown-none-softfloat/release/deps/libbytemuck-1e1a9f6ca5df5a4b.rmeta --extern cfg_if=/private/tmp/host-starryos-aligned-j8-target-20260530T164300-host-j8/aarch64-unknown-none-softfloat/release/deps/libcfg_if-e485dc88ca678962.rmeta --extern chrono=/private/tmp/host-starryos-aligned-j8-target-20260530T164300-host-j8/aarch64-unknown-none-softfloat/release/deps/libchrono-454cc5c61b9c93df.rmeta --extern noprelude,nounused:compiler_builtins=/private/tmp/host-starryos-aligned-j8-target-20260530T164300-host-j8/aarch64-unknown-none-softfloat/release/deps/libcompiler_builtins-8141dd3b2ab3624f.rmeta --extern noprelude,nounused:core=/private/tmp/host-starryos-aligned-j8-target-20260530T164300-host-j8/aarch64-unknown-none-softfloat/release/deps/libcore-d9ef87706fa9a7f5.rmeta --extern ddebug=/private/tmp/host-starryos-aligned-j8-target-20260530T164300-host-j8/aarch64-unknown-none-softfloat/release/deps/libddebug-ad18375a28a07e67.rmeta --extern downcast_rs=/private/tmp/host-starryos-aligned-j8-target-20260530T164300-host-j8/aarch64-unknown-none-softfloat/release/deps/libdowncast_rs-7f59514de7a0f703.rmeta --extern enum_dispatch=/private/tmp/host-starryos-aligned-j8-target-20260530T164300-host-j8/release/deps/libenum_dispatch-23387cadf79794a9.dylib --extern event_listener=/private/tmp/host-starryos-aligned-j8-target-20260530T164300-host-j8/aarch64-unknown-none-softfloat/release/deps/libevent_listener-0bf5b34e8b8f829c.rmeta --extern extern_trait=/private/tmp/host-starryos-aligned-j8-target-20260530T164300-host-j8/aarch64-unknown-none-softfloat/release/deps/libextern_trait-5fc1b7c345ddd3cd.rmeta --extern flatten_objects=/private/tmp/host-starryos-aligned-j8-target-20260530T164300-host-j8/aarch64-unknown-none-softfloat/release/deps/libflatten_objects-8645f11d91237dd6.rmeta --extern hashbrown=/private/tmp/host-starryos-aligned-j8-target-20260530T164300-host-j8/aarch64-unknown-none-softfloat/release/deps/libhashbrown-7f2f728fc3927ee3.rmeta --extern indoc=/private/tmp/host-starryos-aligned-j8-target-20260530T164300-host-j8/release/deps/libindoc-ffd4ca335691b8f0.dylib --extern inherit_methods_macro=/private/tmp/host-starryos-aligned-j8-target-20260530T164300-host-j8/release/deps/libinherit_methods_macro-e7d0702b46cbdbca.dylib --extern kernel_elf_parser=/private/tmp/host-starryos-aligned-j8-target-20260530T164300-host-j8/aarch64-unknown-none-softfloat/release/deps/libkernel_elf_parser-1d3e745854a36241.rmeta --extern ktracepoint=/private/tmp/host-starryos-aligned-j8-target-20260530T164300-host-j8/aarch64-unknown-none-softfloat/release/deps/libktracepoint-c6e606a7da0c7171.rmeta --extern lazy_static=/private/tmp/host-starryos-aligned-j8-target-20260530T164300-host-j8/aarch64-unknown-none-softfloat/release/deps/liblazy_static-2aaa86cde7fe2151.rmeta --extern linux_raw_sys=/private/tmp/host-starryos-aligned-j8-target-20260530T164300-host-j8/aarch64-unknown-none-softfloat/release/deps/liblinux_raw_sys-f4c3a7b0421ec5aa.rmeta --extern lock_api=/private/tmp/host-starryos-aligned-j8-target-20260530T164300-host-j8/aarch64-unknown-none-softfloat/release/deps/liblock_api-615938b80800e21d.rmeta --extern num_enum=/private/tmp/host-starryos-aligned-j8-target-20260530T164300-host-j8/aarch64-unknown-none-softfloat/release/deps/libnum_enum-21641627f36d97ed.rmeta --extern ouroboros=/private/tmp/host-starryos-aligned-j8-target-20260530T164300-host-j8/aarch64-unknown-none-softfloat/release/deps/libouroboros-c5dc2503ae06b2de.rmeta --extern rand=/private/tmp/host-starryos-aligned-j8-target-20260530T164300-host-j8/aarch64-unknown-none-softfloat/release/deps/librand-7846c05432425fee.rmeta --extern ringbuf=/private/tmp/host-starryos-aligned-j8-target-20260530T164300-host-j8/aarch64-unknown-none-softfloat/release/deps/libringbuf-f1a1408eea4027c3.rmeta --extern scope_local=/private/tmp/host-starryos-aligned-j8-target-20260530T164300-host-j8/aarch64-unknown-none-softfloat/release/deps/libscope_local-d3286753b6c148bf.rmeta --extern slab=/private/tmp/host-starryos-aligned-j8-target-20260530T164300-host-j8/aarch64-unknown-none-softfloat/release/deps/libslab-7494d6fe6d53ee85.rmeta --extern spin=/private/tmp/host-starryos-aligned-j8-target-20260530T164300-host-j8/aarch64-unknown-none-softfloat/release/deps/libspin-e06dd8f5b9718690.rmeta --extern starry_process=/private/tmp/host-starryos-aligned-j8-target-20260530T164300-host-j8/aarch64-unknown-none-softfloat/release/deps/libstarry_process-913d082732070e9d.rmeta --extern starry_signal=/private/tmp/host-starryos-aligned-j8-target-20260530T164300-host-j8/aarch64-unknown-none-softfloat/release/deps/libstarry_signal-6b27007007fd8bf7.rmeta --extern starry_vm=/private/tmp/host-starryos-aligned-j8-target-20260530T164300-host-j8/aarch64-unknown-none-softfloat/release/deps/libstarry_vm-229aac5cb8fb796a.rmeta --extern static_keys=/private/tmp/host-starryos-aligned-j8-target-20260530T164300-host-j8/aarch64-unknown-none-softfloat/release/deps/libstatic_keys-4f78f88e57f4d370.rmeta --extern strum=/private/tmp/host-starryos-aligned-j8-target-20260530T164300-host-j8/aarch64-unknown-none-softfloat/release/deps/libstrum-ea903aca7d169265.rmeta --extern syscalls=/private/tmp/host-starryos-aligned-j8-target-20260530T164300-host-j8/aarch64-unknown-none-softfloat/release/deps/libsyscalls-ae3ac744f6ef7061.rmeta --extern uluru=/private/tmp/host-starryos-aligned-j8-target-20260530T164300-host-j8/aarch64-unknown-none-softfloat/release/deps/libuluru-38637bb784b05a5f.rmeta --extern weak_map=/private/tmp/host-starryos-aligned-j8-target-20260530T164300-host-j8/aarch64-unknown-none-softfloat/release/deps/libweak_map-b95e5569d0a490d2.rmeta --extern xmas_elf=/private/tmp/host-starryos-aligned-j8-target-20260530T164300-host-j8/aarch64-unknown-none-softfloat/release/deps/libxmas_elf-4e9066f134f83577.rmeta --extern zerocopy=/private/tmp/host-starryos-aligned-j8-target-20260530T164300-host-j8/aarch64-unknown-none-softfloat/release/deps/libzerocopy-c4debaaa390324fb.rmeta -Z unstable-options -Clink-arg=-Tlinker.x -Clink-arg=-no-pie -Clink-arg=-znostart-stop-gc -L /private/tmp/host-starryos-aligned-j8-target-20260530T164300-host-j8/aarch64-unknown-none-softfloat/release/build/ax-hal-ec878cb016b16fc8/out"
1780130747.645,149.313,84.645,93031,93.90,0.94,11.74,5,1,1,0,93.90,"/Users/txc/.rustup/toolchains/nightly-2026-04-27-aarch64-apple-darwin/bin/rustc --crate-name starry_kernel --edition=2024 os/StarryOS/kernel/src/lib.rs --error-format=json --json=diagnostic-rendered-ansi,artifacts,future-incompat --crate-type lib --emit=dep-info,metadata,link -C embed-bitcode=no -C codegen-units=256 -C debug-assertions=off --cfg feature=""dev-log"" --cfg feature=""ext4"" --cfg feature=""input"" --cfg feature=""vsock"" --check-cfg cfg(docsrs,test) --check-cfg cfg(feature, values(""default"", ""dev-log"", ""dynamic_debug"", ""ext4"", ""input"", ""kcov"", ""memtrack"", ""plat-dyn"", ""rknpu"", ""sg2002"", ""vsock"")) -C metadata=f706497d29473ee0 -C extra-filename=-f52fad9481f391e6 --out-dir /private/tmp/host-starryos-aligned-j8-target-20260530T164300-host-j8/aarch64-unknown-none-softfloat/release/deps --target aarch64-unknown-none-softfloat -C strip=debuginfo -L dependency=/private/tmp/host-starryos-aligned-j8-target-20260530T164300-host-j8/aarch64-unknown-none-softfloat/release/deps -L dependency=/private/tmp/host-starryos-aligned-j8-target-20260530T164300-host-j8/release/deps --extern noprelude,nounused:alloc=/private/tmp/host-starryos-aligned-j8-target-20260530T164300-host-j8/aarch64-unknown-none-softfloat/release/deps/liballoc-01ae3635ac91bcf4.rmeta --extern ax_alloc=/private/tmp/host-starryos-aligned-j8-target-20260530T164300-host-j8/aarch64-unknown-none-softfloat/release/deps/libax_alloc-cbd9c089f4864a5f.rmeta --extern ax_config=/private/tmp/host-starryos-aligned-j8-target-20260530T164300-host-j8/aarch64-unknown-none-softfloat/release/deps/libax_config-1b031f9893154f95.rmeta --extern ax_display=/private/tmp/host-starryos-aligned-j8-target-20260530T164300-host-j8/aarch64-unknown-none-softfloat/release/deps/libax_display-1faa3d86d18071b0.rmeta --extern ax_driver=/private/tmp/host-starryos-aligned-j8-target-20260530T164300-host-j8/aarch64-unknown-none-softfloat/release/deps/libax_driver-e98abc6c0317cad1.rmeta --extern ax_errno=/private/tmp/host-starryos-aligned-j8-target-20260530T164300-host-j8/aarch64-unknown-none-softfloat/release/deps/libax_errno-58fd8a41f3b0411e.rmeta --extern ax_feat=/private/tmp/host-starryos-aligned-j8-target-20260530T164300-host-j8/aarch64-unknown-none-softfloat/release/deps/libax_feat-6b8fb201e77d5255.rmeta --extern ax_fs=/private/tmp/host-starryos-aligned-j8-target-20260530T164300-host-j8/aarch64-unknown-none-softfloat/release/deps/libax_fs_ng-b8ffb522732d2f17.rmeta --extern ax_hal=/private/tmp/host-starryos-aligned-j8-target-20260530T164300-host-j8/aarch64-unknown-none-softfloat/release/deps/libax_hal-a4f4b8677556c886.rmeta --extern ax_input=/private/tmp/host-starryos-aligned-j8-target-20260530T164300-host-j8/aarch64-unknown-none-softfloat/release/deps/libax_input-988c404a71676555.rmeta --extern ax_io=/private/tmp/host-starryos-aligned-j8-target-20260530T164300-host-j8/aarch64-unknown-none-softfloat/release/deps/libax_io-fbd6e1d5c23d4761.rmeta --extern ax_ipi=/private/tmp/host-starryos-aligned-j8-target-20260530T164300-host-j8/aarch64-unknown-none-softfloat/release/deps/libax_ipi-0db9bb0a9e0ab2f0.rmeta --extern ax_kernel_guard=/private/tmp/host-starryos-aligned-j8-target-20260530T164300-host-j8/aarch64-unknown-none-softfloat/release/deps/libax_kernel_guard-7ce6ce0d2df20968.rmeta --extern ax_kspin=/private/tmp/host-starryos-aligned-j8-target-20260530T164300-host-j8/aarch64-unknown-none-softfloat/release/deps/libax_kspin-613c91303473ccc5.rmeta --extern ax_lazyinit=/private/tmp/host-starryos-aligned-j8-target-20260530T164300-host-j8/aarch64-unknown-none-softfloat/release/deps/libax_lazyinit-6076db9d6128ea9e.rmeta --extern ax_log=/private/tmp/host-starryos-aligned-j8-target-20260530T164300-host-j8/aarch64-unknown-none-softfloat/release/deps/libax_log-6c22bd1c999a0e5c.rmeta --extern ax_memory_addr=/private/tmp/host-starryos-aligned-j8-target-20260530T164300-host-j8/aarch64-unknown-none-softfloat/release/deps/libax_memory_addr-24df2c1a1eebfcd1.rmeta --extern ax_memory_set=/private/tmp/host-starryos-aligned-j8-target-20260530T164300-host-j8/aarch64-unknown-none-softfloat/release/deps/libax_memory_set-3aa4fd34a7b54b1d.rmeta --extern ax_mm=/private/tmp/host-starryos-aligned-j8-target-20260530T164300-host-j8/aarch64-unknown-none-softfloat/release/deps/libax_mm-b12fe347926de5b8.rmeta --extern axnet=/private/tmp/host-starryos-aligned-j8-target-20260530T164300-host-j8/aarch64-unknown-none-softfloat/release/deps/libax_net_ng-526029498ae01907.rmeta --extern ax_percpu=/private/tmp/host-starryos-aligned-j8-target-20260530T164300-host-j8/aarch64-unknown-none-softfloat/release/deps/libax_percpu-ea2100ddc958440f.rmeta --extern ax_runtime=/private/tmp/host-starryos-aligned-j8-target-20260530T164300-host-j8/aarch64-unknown-none-softfloat/release/deps/libax_runtime-27ff830827da0b9a.rmeta --extern ax_sync=/private/tmp/host-starryos-aligned-j8-target-20260530T164300-host-j8/aarch64-unknown-none-softfloat/release/deps/libax_sync-900fa8dd4fb090ad.rmeta --extern ax_task=/private/tmp/host-starryos-aligned-j8-target-20260530T164300-host-j8/aarch64-unknown-none-softfloat/release/deps/libax_task-60873769b6b153d3.rmeta --extern axbacktrace=/private/tmp/host-starryos-aligned-j8-target-20260530T164300-host-j8/aarch64-unknown-none-softfloat/release/deps/libaxbacktrace-4bd31ded2b3db88d.rmeta --extern axfs_ng_vfs=/private/tmp/host-starryos-aligned-j8-target-20260530T164300-host-j8/aarch64-unknown-none-softfloat/release/deps/libaxfs_ng_vfs-7a54ad9203bb11d7.rmeta --extern axpoll=/private/tmp/host-starryos-aligned-j8-target-20260530T164300-host-j8/aarch64-unknown-none-softfloat/release/deps/libaxpoll-a6462894d4fe2132.rmeta --extern bitflags=/private/tmp/host-starryos-aligned-j8-target-20260530T164300-host-j8/aarch64-unknown-none-softfloat/release/deps/libbitflags-fb1569c4ca0b32a5.rmeta --extern bitmaps=/private/tmp/host-starryos-aligned-j8-target-20260530T164300-host-j8/aarch64-unknown-none-softfloat/release/deps/libbitmaps-99f16ce33fd18e4c.rmeta --extern bytemuck=/private/tmp/host-starryos-aligned-j8-target-20260530T164300-host-j8/aarch64-unknown-none-softfloat/release/deps/libbytemuck-1e1a9f6ca5df5a4b.rmeta --extern cfg_if=/private/tmp/host-starryos-aligned-j8-target-20260530T164300-host-j8/aarch64-unknown-none-softfloat/release/deps/libcfg_if-e485dc88ca678962.rmeta --extern chrono=/private/tmp/host-starryos-aligned-j8-target-20260530T164300-host-j8/aarch64-unknown-none-softfloat/release/deps/libchrono-454cc5c61b9c93df.rmeta --extern noprelude,nounused:compiler_builtins=/private/tmp/host-starryos-aligned-j8-target-20260530T164300-host-j8/aarch64-unknown-none-softfloat/release/deps/libcompiler_builtins-8141dd3b2ab3624f.rmeta --extern noprelude,nounused:core=/private/tmp/host-starryos-aligned-j8-target-20260530T164300-host-j8/aarch64-unknown-none-softfloat/release/deps/libcore-d9ef87706fa9a7f5.rmeta --extern ddebug=/private/tmp/host-starryos-aligned-j8-target-20260530T164300-host-j8/aarch64-unknown-none-softfloat/release/deps/libddebug-ad18375a28a07e67.rmeta --extern downcast_rs=/private/tmp/host-starryos-aligned-j8-target-20260530T164300-host-j8/aarch64-unknown-none-softfloat/release/deps/libdowncast_rs-7f59514de7a0f703.rmeta --extern enum_dispatch=/private/tmp/host-starryos-aligned-j8-target-20260530T164300-host-j8/release/deps/libenum_dispatch-23387cadf79794a9.dylib --extern event_listener=/private/tmp/host-starryos-aligned-j8-target-20260530T164300-host-j8/aarch64-unknown-none-softfloat/release/deps/libevent_listener-0bf5b34e8b8f829c.rmeta --extern extern_trait=/private/tmp/host-starryos-aligned-j8-target-20260530T164300-host-j8/aarch64-unknown-none-softfloat/release/deps/libextern_trait-5fc1b7c345ddd3cd.rmeta --extern flatten_objects=/private/tmp/host-starryos-aligned-j8-target-20260530T164300-host-j8/aarch64-unknown-none-softfloat/release/deps/libflatten_objects-8645f11d91237dd6.rmeta --extern hashbrown=/private/tmp/host-starryos-aligned-j8-target-20260530T164300-host-j8/aarch64-unknown-none-softfloat/release/deps/libhashbrown-7f2f728fc3927ee3.rmeta --extern indoc=/private/tmp/host-starryos-aligned-j8-target-20260530T164300-host-j8/release/deps/libindoc-ffd4ca335691b8f0.dylib --extern inherit_methods_macro=/private/tmp/host-starryos-aligned-j8-target-20260530T164300-host-j8/release/deps/libinherit_methods_macro-e7d0702b46cbdbca.dylib --extern kernel_elf_parser=/private/tmp/host-starryos-aligned-j8-target-20260530T164300-host-j8/aarch64-unknown-none-softfloat/release/deps/libkernel_elf_parser-1d3e745854a36241.rmeta --extern ktracepoint=/private/tmp/host-starryos-aligned-j8-target-20260530T164300-host-j8/aarch64-unknown-none-softfloat/release/deps/libktracepoint-c6e606a7da0c7171.rmeta --extern lazy_static=/private/tmp/host-starryos-aligned-j8-target-20260530T164300-host-j8/aarch64-unknown-none-softfloat/release/deps/liblazy_static-2aaa86cde7fe2151.rmeta --extern linux_raw_sys=/private/tmp/host-starryos-aligned-j8-target-20260530T164300-host-j8/aarch64-unknown-none-softfloat/release/deps/liblinux_raw_sys-f4c3a7b0421ec5aa.rmeta --extern lock_api=/private/tmp/host-starryos-aligned-j8-target-20260530T164300-host-j8/aarch64-unknown-none-softfloat/release/deps/liblock_api-615938b80800e21d.rmeta --extern num_enum=/private/tmp/host-starryos-aligned-j8-target-20260530T164300-host-j8/aarch64-unknown-none-softfloat/release/deps/libnum_enum-21641627f36d97ed.rmeta --extern ouroboros=/private/tmp/host-starryos-aligned-j8-target-20260530T164300-host-j8/aarch64-unknown-none-softfloat/release/deps/libouroboros-c5dc2503ae06b2de.rmeta --extern rand=/private/tmp/host-starryos-aligned-j8-target-20260530T164300-host-j8/aarch64-unknown-none-softfloat/release/deps/librand-7846c05432425fee.rmeta --extern ringbuf=/private/tmp/host-starryos-aligned-j8-target-20260530T164300-host-j8/aarch64-unknown-none-softfloat/release/deps/libringbuf-f1a1408eea4027c3.rmeta --extern scope_local=/private/tmp/host-starryos-aligned-j8-target-20260530T164300-host-j8/aarch64-unknown-none-softfloat/release/deps/libscope_local-d3286753b6c148bf.rmeta --extern slab=/private/tmp/host-starryos-aligned-j8-target-20260530T164300-host-j8/aarch64-unknown-none-softfloat/release/deps/libslab-7494d6fe6d53ee85.rmeta --extern spin=/private/tmp/host-starryos-aligned-j8-target-20260530T164300-host-j8/aarch64-unknown-none-softfloat/release/deps/libspin-e06dd8f5b9718690.rmeta --extern starry_process=/private/tmp/host-starryos-aligned-j8-target-20260530T164300-host-j8/aarch64-unknown-none-softfloat/release/deps/libstarry_process-913d082732070e9d.rmeta --extern starry_signal=/private/tmp/host-starryos-aligned-j8-target-20260530T164300-host-j8/aarch64-unknown-none-softfloat/release/deps/libstarry_signal-6b27007007fd8bf7.rmeta --extern starry_vm=/private/tmp/host-starryos-aligned-j8-target-20260530T164300-host-j8/aarch64-unknown-none-softfloat/release/deps/libstarry_vm-229aac5cb8fb796a.rmeta --extern static_keys=/private/tmp/host-starryos-aligned-j8-target-20260530T164300-host-j8/aarch64-unknown-none-softfloat/release/deps/libstatic_keys-4f78f88e57f4d370.rmeta --extern strum=/private/tmp/host-starryos-aligned-j8-target-20260530T164300-host-j8/aarch64-unknown-none-softfloat/release/deps/libstrum-ea903aca7d169265.rmeta --extern syscalls=/private/tmp/host-starryos-aligned-j8-target-20260530T164300-host-j8/aarch64-unknown-none-softfloat/release/deps/libsyscalls-ae3ac744f6ef7061.rmeta --extern uluru=/private/tmp/host-starryos-aligned-j8-target-20260530T164300-host-j8/aarch64-unknown-none-softfloat/release/deps/libuluru-38637bb784b05a5f.rmeta --extern weak_map=/private/tmp/host-starryos-aligned-j8-target-20260530T164300-host-j8/aarch64-unknown-none-softfloat/release/deps/libweak_map-b95e5569d0a490d2.rmeta --extern xmas_elf=/private/tmp/host-starryos-aligned-j8-target-20260530T164300-host-j8/aarch64-unknown-none-softfloat/release/deps/libxmas_elf-4e9066f134f83577.rmeta --extern zerocopy=/private/tmp/host-starryos-aligned-j8-target-20260530T164300-host-j8/aarch64-unknown-none-softfloat/release/deps/libzerocopy-c4debaaa390324fb.rmeta -Z unstable-options -Clink-arg=-Tlinker.x -Clink-arg=-no-pie -Clink-arg=-znostart-stop-gc -L /private/tmp/host-starryos-aligned-j8-target-20260530T164300-host-j8/aarch64-unknown-none-softfloat/release/build/ax-hal-ec878cb016b16fc8/out"
1780130748.786,150.454,85.786,93031,231.40,2.31,28.93,5,1,1,0,231.40,"/Users/txc/.rustup/toolchains/nightly-2026-04-27-aarch64-apple-darwin/bin/rustc --crate-name starry_kernel --edition=2024 os/StarryOS/kernel/src/lib.rs --error-format=json --json=diagnostic-rendered-ansi,artifacts,future-incompat --crate-type lib --emit=dep-info,metadata,link -C embed-bitcode=no -C codegen-units=256 -C debug-assertions=off --cfg feature=""dev-log"" --cfg feature=""ext4"" --cfg feature=""input"" --cfg feature=""vsock"" --check-cfg cfg(docsrs,test) --check-cfg cfg(feature, values(""default"", ""dev-log"", ""dynamic_debug"", ""ext4"", ""input"", ""kcov"", ""memtrack"", ""plat-dyn"", ""rknpu"", ""sg2002"", ""vsock"")) -C metadata=f706497d29473ee0 -C extra-filename=-f52fad9481f391e6 --out-dir /private/tmp/host-starryos-aligned-j8-target-20260530T164300-host-j8/aarch64-unknown-none-softfloat/release/deps --target aarch64-unknown-none-softfloat -C strip=debuginfo -L dependency=/private/tmp/host-starryos-aligned-j8-target-20260530T164300-host-j8/aarch64-unknown-none-softfloat/release/deps -L dependency=/private/tmp/host-starryos-aligned-j8-target-20260530T164300-host-j8/release/deps --extern noprelude,nounused:alloc=/private/tmp/host-starryos-aligned-j8-target-20260530T164300-host-j8/aarch64-unknown-none-softfloat/release/deps/liballoc-01ae3635ac91bcf4.rmeta --extern ax_alloc=/private/tmp/host-starryos-aligned-j8-target-20260530T164300-host-j8/aarch64-unknown-none-softfloat/release/deps/libax_alloc-cbd9c089f4864a5f.rmeta --extern ax_config=/private/tmp/host-starryos-aligned-j8-target-20260530T164300-host-j8/aarch64-unknown-none-softfloat/release/deps/libax_config-1b031f9893154f95.rmeta --extern ax_display=/private/tmp/host-starryos-aligned-j8-target-20260530T164300-host-j8/aarch64-unknown-none-softfloat/release/deps/libax_display-1faa3d86d18071b0.rmeta --extern ax_driver=/private/tmp/host-starryos-aligned-j8-target-20260530T164300-host-j8/aarch64-unknown-none-softfloat/release/deps/libax_driver-e98abc6c0317cad1.rmeta --extern ax_errno=/private/tmp/host-starryos-aligned-j8-target-20260530T164300-host-j8/aarch64-unknown-none-softfloat/release/deps/libax_errno-58fd8a41f3b0411e.rmeta --extern ax_feat=/private/tmp/host-starryos-aligned-j8-target-20260530T164300-host-j8/aarch64-unknown-none-softfloat/release/deps/libax_feat-6b8fb201e77d5255.rmeta --extern ax_fs=/private/tmp/host-starryos-aligned-j8-target-20260530T164300-host-j8/aarch64-unknown-none-softfloat/release/deps/libax_fs_ng-b8ffb522732d2f17.rmeta --extern ax_hal=/private/tmp/host-starryos-aligned-j8-target-20260530T164300-host-j8/aarch64-unknown-none-softfloat/release/deps/libax_hal-a4f4b8677556c886.rmeta --extern ax_input=/private/tmp/host-starryos-aligned-j8-target-20260530T164300-host-j8/aarch64-unknown-none-softfloat/release/deps/libax_input-988c404a71676555.rmeta --extern ax_io=/private/tmp/host-starryos-aligned-j8-target-20260530T164300-host-j8/aarch64-unknown-none-softfloat/release/deps/libax_io-fbd6e1d5c23d4761.rmeta --extern ax_ipi=/private/tmp/host-starryos-aligned-j8-target-20260530T164300-host-j8/aarch64-unknown-none-softfloat/release/deps/libax_ipi-0db9bb0a9e0ab2f0.rmeta --extern ax_kernel_guard=/private/tmp/host-starryos-aligned-j8-target-20260530T164300-host-j8/aarch64-unknown-none-softfloat/release/deps/libax_kernel_guard-7ce6ce0d2df20968.rmeta --extern ax_kspin=/private/tmp/host-starryos-aligned-j8-target-20260530T164300-host-j8/aarch64-unknown-none-softfloat/release/deps/libax_kspin-613c91303473ccc5.rmeta --extern ax_lazyinit=/private/tmp/host-starryos-aligned-j8-target-20260530T164300-host-j8/aarch64-unknown-none-softfloat/release/deps/libax_lazyinit-6076db9d6128ea9e.rmeta --extern ax_log=/private/tmp/host-starryos-aligned-j8-target-20260530T164300-host-j8/aarch64-unknown-none-softfloat/release/deps/libax_log-6c22bd1c999a0e5c.rmeta --extern ax_memory_addr=/private/tmp/host-starryos-aligned-j8-target-20260530T164300-host-j8/aarch64-unknown-none-softfloat/release/deps/libax_memory_addr-24df2c1a1eebfcd1.rmeta --extern ax_memory_set=/private/tmp/host-starryos-aligned-j8-target-20260530T164300-host-j8/aarch64-unknown-none-softfloat/release/deps/libax_memory_set-3aa4fd34a7b54b1d.rmeta --extern ax_mm=/private/tmp/host-starryos-aligned-j8-target-20260530T164300-host-j8/aarch64-unknown-none-softfloat/release/deps/libax_mm-b12fe347926de5b8.rmeta --extern axnet=/private/tmp/host-starryos-aligned-j8-target-20260530T164300-host-j8/aarch64-unknown-none-softfloat/release/deps/libax_net_ng-526029498ae01907.rmeta --extern ax_percpu=/private/tmp/host-starryos-aligned-j8-target-20260530T164300-host-j8/aarch64-unknown-none-softfloat/release/deps/libax_percpu-ea2100ddc958440f.rmeta --extern ax_runtime=/private/tmp/host-starryos-aligned-j8-target-20260530T164300-host-j8/aarch64-unknown-none-softfloat/release/deps/libax_runtime-27ff830827da0b9a.rmeta --extern ax_sync=/private/tmp/host-starryos-aligned-j8-target-20260530T164300-host-j8/aarch64-unknown-none-softfloat/release/deps/libax_sync-900fa8dd4fb090ad.rmeta --extern ax_task=/private/tmp/host-starryos-aligned-j8-target-20260530T164300-host-j8/aarch64-unknown-none-softfloat/release/deps/libax_task-60873769b6b153d3.rmeta --extern axbacktrace=/private/tmp/host-starryos-aligned-j8-target-20260530T164300-host-j8/aarch64-unknown-none-softfloat/release/deps/libaxbacktrace-4bd31ded2b3db88d.rmeta --extern axfs_ng_vfs=/private/tmp/host-starryos-aligned-j8-target-20260530T164300-host-j8/aarch64-unknown-none-softfloat/release/deps/libaxfs_ng_vfs-7a54ad9203bb11d7.rmeta --extern axpoll=/private/tmp/host-starryos-aligned-j8-target-20260530T164300-host-j8/aarch64-unknown-none-softfloat/release/deps/libaxpoll-a6462894d4fe2132.rmeta --extern bitflags=/private/tmp/host-starryos-aligned-j8-target-20260530T164300-host-j8/aarch64-unknown-none-softfloat/release/deps/libbitflags-fb1569c4ca0b32a5.rmeta --extern bitmaps=/private/tmp/host-starryos-aligned-j8-target-20260530T164300-host-j8/aarch64-unknown-none-softfloat/release/deps/libbitmaps-99f16ce33fd18e4c.rmeta --extern bytemuck=/private/tmp/host-starryos-aligned-j8-target-20260530T164300-host-j8/aarch64-unknown-none-softfloat/release/deps/libbytemuck-1e1a9f6ca5df5a4b.rmeta --extern cfg_if=/private/tmp/host-starryos-aligned-j8-target-20260530T164300-host-j8/aarch64-unknown-none-softfloat/release/deps/libcfg_if-e485dc88ca678962.rmeta --extern chrono=/private/tmp/host-starryos-aligned-j8-target-20260530T164300-host-j8/aarch64-unknown-none-softfloat/release/deps/libchrono-454cc5c61b9c93df.rmeta --extern noprelude,nounused:compiler_builtins=/private/tmp/host-starryos-aligned-j8-target-20260530T164300-host-j8/aarch64-unknown-none-softfloat/release/deps/libcompiler_builtins-8141dd3b2ab3624f.rmeta --extern noprelude,nounused:core=/private/tmp/host-starryos-aligned-j8-target-20260530T164300-host-j8/aarch64-unknown-none-softfloat/release/deps/libcore-d9ef87706fa9a7f5.rmeta --extern ddebug=/private/tmp/host-starryos-aligned-j8-target-20260530T164300-host-j8/aarch64-unknown-none-softfloat/release/deps/libddebug-ad18375a28a07e67.rmeta --extern downcast_rs=/private/tmp/host-starryos-aligned-j8-target-20260530T164300-host-j8/aarch64-unknown-none-softfloat/release/deps/libdowncast_rs-7f59514de7a0f703.rmeta --extern enum_dispatch=/private/tmp/host-starryos-aligned-j8-target-20260530T164300-host-j8/release/deps/libenum_dispatch-23387cadf79794a9.dylib --extern event_listener=/private/tmp/host-starryos-aligned-j8-target-20260530T164300-host-j8/aarch64-unknown-none-softfloat/release/deps/libevent_listener-0bf5b34e8b8f829c.rmeta --extern extern_trait=/private/tmp/host-starryos-aligned-j8-target-20260530T164300-host-j8/aarch64-unknown-none-softfloat/release/deps/libextern_trait-5fc1b7c345ddd3cd.rmeta --extern flatten_objects=/private/tmp/host-starryos-aligned-j8-target-20260530T164300-host-j8/aarch64-unknown-none-softfloat/release/deps/libflatten_objects-8645f11d91237dd6.rmeta --extern hashbrown=/private/tmp/host-starryos-aligned-j8-target-20260530T164300-host-j8/aarch64-unknown-none-softfloat/release/deps/libhashbrown-7f2f728fc3927ee3.rmeta --extern indoc=/private/tmp/host-starryos-aligned-j8-target-20260530T164300-host-j8/release/deps/libindoc-ffd4ca335691b8f0.dylib --extern inherit_methods_macro=/private/tmp/host-starryos-aligned-j8-target-20260530T164300-host-j8/release/deps/libinherit_methods_macro-e7d0702b46cbdbca.dylib --extern kernel_elf_parser=/private/tmp/host-starryos-aligned-j8-target-20260530T164300-host-j8/aarch64-unknown-none-softfloat/release/deps/libkernel_elf_parser-1d3e745854a36241.rmeta --extern ktracepoint=/private/tmp/host-starryos-aligned-j8-target-20260530T164300-host-j8/aarch64-unknown-none-softfloat/release/deps/libktracepoint-c6e606a7da0c7171.rmeta --extern lazy_static=/private/tmp/host-starryos-aligned-j8-target-20260530T164300-host-j8/aarch64-unknown-none-softfloat/release/deps/liblazy_static-2aaa86cde7fe2151.rmeta --extern linux_raw_sys=/private/tmp/host-starryos-aligned-j8-target-20260530T164300-host-j8/aarch64-unknown-none-softfloat/release/deps/liblinux_raw_sys-f4c3a7b0421ec5aa.rmeta --extern lock_api=/private/tmp/host-starryos-aligned-j8-target-20260530T164300-host-j8/aarch64-unknown-none-softfloat/release/deps/liblock_api-615938b80800e21d.rmeta --extern num_enum=/private/tmp/host-starryos-aligned-j8-target-20260530T164300-host-j8/aarch64-unknown-none-softfloat/release/deps/libnum_enum-21641627f36d97ed.rmeta --extern ouroboros=/private/tmp/host-starryos-aligned-j8-target-20260530T164300-host-j8/aarch64-unknown-none-softfloat/release/deps/libouroboros-c5dc2503ae06b2de.rmeta --extern rand=/private/tmp/host-starryos-aligned-j8-target-20260530T164300-host-j8/aarch64-unknown-none-softfloat/release/deps/librand-7846c05432425fee.rmeta --extern ringbuf=/private/tmp/host-starryos-aligned-j8-target-20260530T164300-host-j8/aarch64-unknown-none-softfloat/release/deps/libringbuf-f1a1408eea4027c3.rmeta --extern scope_local=/private/tmp/host-starryos-aligned-j8-target-20260530T164300-host-j8/aarch64-unknown-none-softfloat/release/deps/libscope_local-d3286753b6c148bf.rmeta --extern slab=/private/tmp/host-starryos-aligned-j8-target-20260530T164300-host-j8/aarch64-unknown-none-softfloat/release/deps/libslab-7494d6fe6d53ee85.rmeta --extern spin=/private/tmp/host-starryos-aligned-j8-target-20260530T164300-host-j8/aarch64-unknown-none-softfloat/release/deps/libspin-e06dd8f5b9718690.rmeta --extern starry_process=/private/tmp/host-starryos-aligned-j8-target-20260530T164300-host-j8/aarch64-unknown-none-softfloat/release/deps/libstarry_process-913d082732070e9d.rmeta --extern starry_signal=/private/tmp/host-starryos-aligned-j8-target-20260530T164300-host-j8/aarch64-unknown-none-softfloat/release/deps/libstarry_signal-6b27007007fd8bf7.rmeta --extern starry_vm=/private/tmp/host-starryos-aligned-j8-target-20260530T164300-host-j8/aarch64-unknown-none-softfloat/release/deps/libstarry_vm-229aac5cb8fb796a.rmeta --extern static_keys=/private/tmp/host-starryos-aligned-j8-target-20260530T164300-host-j8/aarch64-unknown-none-softfloat/release/deps/libstatic_keys-4f78f88e57f4d370.rmeta --extern strum=/private/tmp/host-starryos-aligned-j8-target-20260530T164300-host-j8/aarch64-unknown-none-softfloat/release/deps/libstrum-ea903aca7d169265.rmeta --extern syscalls=/private/tmp/host-starryos-aligned-j8-target-20260530T164300-host-j8/aarch64-unknown-none-softfloat/release/deps/libsyscalls-ae3ac744f6ef7061.rmeta --extern uluru=/private/tmp/host-starryos-aligned-j8-target-20260530T164300-host-j8/aarch64-unknown-none-softfloat/release/deps/libuluru-38637bb784b05a5f.rmeta --extern weak_map=/private/tmp/host-starryos-aligned-j8-target-20260530T164300-host-j8/aarch64-unknown-none-softfloat/release/deps/libweak_map-b95e5569d0a490d2.rmeta --extern xmas_elf=/private/tmp/host-starryos-aligned-j8-target-20260530T164300-host-j8/aarch64-unknown-none-softfloat/release/deps/libxmas_elf-4e9066f134f83577.rmeta --extern zerocopy=/private/tmp/host-starryos-aligned-j8-target-20260530T164300-host-j8/aarch64-unknown-none-softfloat/release/deps/libzerocopy-c4debaaa390324fb.rmeta -Z unstable-options -Clink-arg=-Tlinker.x -Clink-arg=-no-pie -Clink-arg=-znostart-stop-gc -L /private/tmp/host-starryos-aligned-j8-target-20260530T164300-host-j8/aarch64-unknown-none-softfloat/release/build/ax-hal-ec878cb016b16fc8/out"
1780130749.990,151.658,86.990,93031,107.20,1.07,13.40,5,1,1,0,107.20,"/Users/txc/.rustup/toolchains/nightly-2026-04-27-aarch64-apple-darwin/bin/rustc --crate-name starry_kernel --edition=2024 os/StarryOS/kernel/src/lib.rs --error-format=json --json=diagnostic-rendered-ansi,artifacts,future-incompat --crate-type lib --emit=dep-info,metadata,link -C embed-bitcode=no -C codegen-units=256 -C debug-assertions=off --cfg feature=""dev-log"" --cfg feature=""ext4"" --cfg feature=""input"" --cfg feature=""vsock"" --check-cfg cfg(docsrs,test) --check-cfg cfg(feature, values(""default"", ""dev-log"", ""dynamic_debug"", ""ext4"", ""input"", ""kcov"", ""memtrack"", ""plat-dyn"", ""rknpu"", ""sg2002"", ""vsock"")) -C metadata=f706497d29473ee0 -C extra-filename=-f52fad9481f391e6 --out-dir /private/tmp/host-starryos-aligned-j8-target-20260530T164300-host-j8/aarch64-unknown-none-softfloat/release/deps --target aarch64-unknown-none-softfloat -C strip=debuginfo -L dependency=/private/tmp/host-starryos-aligned-j8-target-20260530T164300-host-j8/aarch64-unknown-none-softfloat/release/deps -L dependency=/private/tmp/host-starryos-aligned-j8-target-20260530T164300-host-j8/release/deps --extern noprelude,nounused:alloc=/private/tmp/host-starryos-aligned-j8-target-20260530T164300-host-j8/aarch64-unknown-none-softfloat/release/deps/liballoc-01ae3635ac91bcf4.rmeta --extern ax_alloc=/private/tmp/host-starryos-aligned-j8-target-20260530T164300-host-j8/aarch64-unknown-none-softfloat/release/deps/libax_alloc-cbd9c089f4864a5f.rmeta --extern ax_config=/private/tmp/host-starryos-aligned-j8-target-20260530T164300-host-j8/aarch64-unknown-none-softfloat/release/deps/libax_config-1b031f9893154f95.rmeta --extern ax_display=/private/tmp/host-starryos-aligned-j8-target-20260530T164300-host-j8/aarch64-unknown-none-softfloat/release/deps/libax_display-1faa3d86d18071b0.rmeta --extern ax_driver=/private/tmp/host-starryos-aligned-j8-target-20260530T164300-host-j8/aarch64-unknown-none-softfloat/release/deps/libax_driver-e98abc6c0317cad1.rmeta --extern ax_errno=/private/tmp/host-starryos-aligned-j8-target-20260530T164300-host-j8/aarch64-unknown-none-softfloat/release/deps/libax_errno-58fd8a41f3b0411e.rmeta --extern ax_feat=/private/tmp/host-starryos-aligned-j8-target-20260530T164300-host-j8/aarch64-unknown-none-softfloat/release/deps/libax_feat-6b8fb201e77d5255.rmeta --extern ax_fs=/private/tmp/host-starryos-aligned-j8-target-20260530T164300-host-j8/aarch64-unknown-none-softfloat/release/deps/libax_fs_ng-b8ffb522732d2f17.rmeta --extern ax_hal=/private/tmp/host-starryos-aligned-j8-target-20260530T164300-host-j8/aarch64-unknown-none-softfloat/release/deps/libax_hal-a4f4b8677556c886.rmeta --extern ax_input=/private/tmp/host-starryos-aligned-j8-target-20260530T164300-host-j8/aarch64-unknown-none-softfloat/release/deps/libax_input-988c404a71676555.rmeta --extern ax_io=/private/tmp/host-starryos-aligned-j8-target-20260530T164300-host-j8/aarch64-unknown-none-softfloat/release/deps/libax_io-fbd6e1d5c23d4761.rmeta --extern ax_ipi=/private/tmp/host-starryos-aligned-j8-target-20260530T164300-host-j8/aarch64-unknown-none-softfloat/release/deps/libax_ipi-0db9bb0a9e0ab2f0.rmeta --extern ax_kernel_guard=/private/tmp/host-starryos-aligned-j8-target-20260530T164300-host-j8/aarch64-unknown-none-softfloat/release/deps/libax_kernel_guard-7ce6ce0d2df20968.rmeta --extern ax_kspin=/private/tmp/host-starryos-aligned-j8-target-20260530T164300-host-j8/aarch64-unknown-none-softfloat/release/deps/libax_kspin-613c91303473ccc5.rmeta --extern ax_lazyinit=/private/tmp/host-starryos-aligned-j8-target-20260530T164300-host-j8/aarch64-unknown-none-softfloat/release/deps/libax_lazyinit-6076db9d6128ea9e.rmeta --extern ax_log=/private/tmp/host-starryos-aligned-j8-target-20260530T164300-host-j8/aarch64-unknown-none-softfloat/release/deps/libax_log-6c22bd1c999a0e5c.rmeta --extern ax_memory_addr=/private/tmp/host-starryos-aligned-j8-target-20260530T164300-host-j8/aarch64-unknown-none-softfloat/release/deps/libax_memory_addr-24df2c1a1eebfcd1.rmeta --extern ax_memory_set=/private/tmp/host-starryos-aligned-j8-target-20260530T164300-host-j8/aarch64-unknown-none-softfloat/release/deps/libax_memory_set-3aa4fd34a7b54b1d.rmeta --extern ax_mm=/private/tmp/host-starryos-aligned-j8-target-20260530T164300-host-j8/aarch64-unknown-none-softfloat/release/deps/libax_mm-b12fe347926de5b8.rmeta --extern axnet=/private/tmp/host-starryos-aligned-j8-target-20260530T164300-host-j8/aarch64-unknown-none-softfloat/release/deps/libax_net_ng-526029498ae01907.rmeta --extern ax_percpu=/private/tmp/host-starryos-aligned-j8-target-20260530T164300-host-j8/aarch64-unknown-none-softfloat/release/deps/libax_percpu-ea2100ddc958440f.rmeta --extern ax_runtime=/private/tmp/host-starryos-aligned-j8-target-20260530T164300-host-j8/aarch64-unknown-none-softfloat/release/deps/libax_runtime-27ff830827da0b9a.rmeta --extern ax_sync=/private/tmp/host-starryos-aligned-j8-target-20260530T164300-host-j8/aarch64-unknown-none-softfloat/release/deps/libax_sync-900fa8dd4fb090ad.rmeta --extern ax_task=/private/tmp/host-starryos-aligned-j8-target-20260530T164300-host-j8/aarch64-unknown-none-softfloat/release/deps/libax_task-60873769b6b153d3.rmeta --extern axbacktrace=/private/tmp/host-starryos-aligned-j8-target-20260530T164300-host-j8/aarch64-unknown-none-softfloat/release/deps/libaxbacktrace-4bd31ded2b3db88d.rmeta --extern axfs_ng_vfs=/private/tmp/host-starryos-aligned-j8-target-20260530T164300-host-j8/aarch64-unknown-none-softfloat/release/deps/libaxfs_ng_vfs-7a54ad9203bb11d7.rmeta --extern axpoll=/private/tmp/host-starryos-aligned-j8-target-20260530T164300-host-j8/aarch64-unknown-none-softfloat/release/deps/libaxpoll-a6462894d4fe2132.rmeta --extern bitflags=/private/tmp/host-starryos-aligned-j8-target-20260530T164300-host-j8/aarch64-unknown-none-softfloat/release/deps/libbitflags-fb1569c4ca0b32a5.rmeta --extern bitmaps=/private/tmp/host-starryos-aligned-j8-target-20260530T164300-host-j8/aarch64-unknown-none-softfloat/release/deps/libbitmaps-99f16ce33fd18e4c.rmeta --extern bytemuck=/private/tmp/host-starryos-aligned-j8-target-20260530T164300-host-j8/aarch64-unknown-none-softfloat/release/deps/libbytemuck-1e1a9f6ca5df5a4b.rmeta --extern cfg_if=/private/tmp/host-starryos-aligned-j8-target-20260530T164300-host-j8/aarch64-unknown-none-softfloat/release/deps/libcfg_if-e485dc88ca678962.rmeta --extern chrono=/private/tmp/host-starryos-aligned-j8-target-20260530T164300-host-j8/aarch64-unknown-none-softfloat/release/deps/libchrono-454cc5c61b9c93df.rmeta --extern noprelude,nounused:compiler_builtins=/private/tmp/host-starryos-aligned-j8-target-20260530T164300-host-j8/aarch64-unknown-none-softfloat/release/deps/libcompiler_builtins-8141dd3b2ab3624f.rmeta --extern noprelude,nounused:core=/private/tmp/host-starryos-aligned-j8-target-20260530T164300-host-j8/aarch64-unknown-none-softfloat/release/deps/libcore-d9ef87706fa9a7f5.rmeta --extern ddebug=/private/tmp/host-starryos-aligned-j8-target-20260530T164300-host-j8/aarch64-unknown-none-softfloat/release/deps/libddebug-ad18375a28a07e67.rmeta --extern downcast_rs=/private/tmp/host-starryos-aligned-j8-target-20260530T164300-host-j8/aarch64-unknown-none-softfloat/release/deps/libdowncast_rs-7f59514de7a0f703.rmeta --extern enum_dispatch=/private/tmp/host-starryos-aligned-j8-target-20260530T164300-host-j8/release/deps/libenum_dispatch-23387cadf79794a9.dylib --extern event_listener=/private/tmp/host-starryos-aligned-j8-target-20260530T164300-host-j8/aarch64-unknown-none-softfloat/release/deps/libevent_listener-0bf5b34e8b8f829c.rmeta --extern extern_trait=/private/tmp/host-starryos-aligned-j8-target-20260530T164300-host-j8/aarch64-unknown-none-softfloat/release/deps/libextern_trait-5fc1b7c345ddd3cd.rmeta --extern flatten_objects=/private/tmp/host-starryos-aligned-j8-target-20260530T164300-host-j8/aarch64-unknown-none-softfloat/release/deps/libflatten_objects-8645f11d91237dd6.rmeta --extern hashbrown=/private/tmp/host-starryos-aligned-j8-target-20260530T164300-host-j8/aarch64-unknown-none-softfloat/release/deps/libhashbrown-7f2f728fc3927ee3.rmeta --extern indoc=/private/tmp/host-starryos-aligned-j8-target-20260530T164300-host-j8/release/deps/libindoc-ffd4ca335691b8f0.dylib --extern inherit_methods_macro=/private/tmp/host-starryos-aligned-j8-target-20260530T164300-host-j8/release/deps/libinherit_methods_macro-e7d0702b46cbdbca.dylib --extern kernel_elf_parser=/private/tmp/host-starryos-aligned-j8-target-20260530T164300-host-j8/aarch64-unknown-none-softfloat/release/deps/libkernel_elf_parser-1d3e745854a36241.rmeta --extern ktracepoint=/private/tmp/host-starryos-aligned-j8-target-20260530T164300-host-j8/aarch64-unknown-none-softfloat/release/deps/libktracepoint-c6e606a7da0c7171.rmeta --extern lazy_static=/private/tmp/host-starryos-aligned-j8-target-20260530T164300-host-j8/aarch64-unknown-none-softfloat/release/deps/liblazy_static-2aaa86cde7fe2151.rmeta --extern linux_raw_sys=/private/tmp/host-starryos-aligned-j8-target-20260530T164300-host-j8/aarch64-unknown-none-softfloat/release/deps/liblinux_raw_sys-f4c3a7b0421ec5aa.rmeta --extern lock_api=/private/tmp/host-starryos-aligned-j8-target-20260530T164300-host-j8/aarch64-unknown-none-softfloat/release/deps/liblock_api-615938b80800e21d.rmeta --extern num_enum=/private/tmp/host-starryos-aligned-j8-target-20260530T164300-host-j8/aarch64-unknown-none-softfloat/release/deps/libnum_enum-21641627f36d97ed.rmeta --extern ouroboros=/private/tmp/host-starryos-aligned-j8-target-20260530T164300-host-j8/aarch64-unknown-none-softfloat/release/deps/libouroboros-c5dc2503ae06b2de.rmeta --extern rand=/private/tmp/host-starryos-aligned-j8-target-20260530T164300-host-j8/aarch64-unknown-none-softfloat/release/deps/librand-7846c05432425fee.rmeta --extern ringbuf=/private/tmp/host-starryos-aligned-j8-target-20260530T164300-host-j8/aarch64-unknown-none-softfloat/release/deps/libringbuf-f1a1408eea4027c3.rmeta --extern scope_local=/private/tmp/host-starryos-aligned-j8-target-20260530T164300-host-j8/aarch64-unknown-none-softfloat/release/deps/libscope_local-d3286753b6c148bf.rmeta --extern slab=/private/tmp/host-starryos-aligned-j8-target-20260530T164300-host-j8/aarch64-unknown-none-softfloat/release/deps/libslab-7494d6fe6d53ee85.rmeta --extern spin=/private/tmp/host-starryos-aligned-j8-target-20260530T164300-host-j8/aarch64-unknown-none-softfloat/release/deps/libspin-e06dd8f5b9718690.rmeta --extern starry_process=/private/tmp/host-starryos-aligned-j8-target-20260530T164300-host-j8/aarch64-unknown-none-softfloat/release/deps/libstarry_process-913d082732070e9d.rmeta --extern starry_signal=/private/tmp/host-starryos-aligned-j8-target-20260530T164300-host-j8/aarch64-unknown-none-softfloat/release/deps/libstarry_signal-6b27007007fd8bf7.rmeta --extern starry_vm=/private/tmp/host-starryos-aligned-j8-target-20260530T164300-host-j8/aarch64-unknown-none-softfloat/release/deps/libstarry_vm-229aac5cb8fb796a.rmeta --extern static_keys=/private/tmp/host-starryos-aligned-j8-target-20260530T164300-host-j8/aarch64-unknown-none-softfloat/release/deps/libstatic_keys-4f78f88e57f4d370.rmeta --extern strum=/private/tmp/host-starryos-aligned-j8-target-20260530T164300-host-j8/aarch64-unknown-none-softfloat/release/deps/libstrum-ea903aca7d169265.rmeta --extern syscalls=/private/tmp/host-starryos-aligned-j8-target-20260530T164300-host-j8/aarch64-unknown-none-softfloat/release/deps/libsyscalls-ae3ac744f6ef7061.rmeta --extern uluru=/private/tmp/host-starryos-aligned-j8-target-20260530T164300-host-j8/aarch64-unknown-none-softfloat/release/deps/libuluru-38637bb784b05a5f.rmeta --extern weak_map=/private/tmp/host-starryos-aligned-j8-target-20260530T164300-host-j8/aarch64-unknown-none-softfloat/release/deps/libweak_map-b95e5569d0a490d2.rmeta --extern xmas_elf=/private/tmp/host-starryos-aligned-j8-target-20260530T164300-host-j8/aarch64-unknown-none-softfloat/release/deps/libxmas_elf-4e9066f134f83577.rmeta --extern zerocopy=/private/tmp/host-starryos-aligned-j8-target-20260530T164300-host-j8/aarch64-unknown-none-softfloat/release/deps/libzerocopy-c4debaaa390324fb.rmeta -Z unstable-options -Clink-arg=-Tlinker.x -Clink-arg=-no-pie -Clink-arg=-znostart-stop-gc -L /private/tmp/host-starryos-aligned-j8-target-20260530T164300-host-j8/aarch64-unknown-none-softfloat/release/build/ax-hal-ec878cb016b16fc8/out"
1780130751.090,152.758,88.090,93031,35.20,0.35,4.40,5,0,1,0,35.20,(rustc)
1780130752.156,153.824,89.156,93031,0.00,0.00,0.00,4,0,1,0,0.00,bash /Users/txc/code/Auto-OS/showtime-2/scripts/run-host-aligned-starryos-oracle.sh
