epoch,runner_t_s,build_t_s,root_pid,tree_cpu_pct_sum,busy_core_equiv,normalized_8core_pct,process_count,rustc_count,cargo_count,build_script_count,max_process_cpu_pct,top_command
1780132120.519,14.465,0.519,63955,0.00,0.00,0.00,4,1,0,0,0.00,bash /Users/txc/code/Auto-OS/showtime-2/scripts/run-host-aligned-starryos-oracle.sh
1780132121.579,15.525,1.579,63955,168.80,1.69,21.10,15,7,1,0,39.00,"/Users/txc/.rustup/toolchains/nightly-2026-04-27-aarch64-apple-darwin/bin/rustc --crate-name core --edition=2024 /Users/txc/.rustup/toolchains/nightly-2026-04-27-aarch64-apple-darwin/lib/rustlib/src/rust/library/core/src/lib.rs --error-format=json --json=diagnostic-rendered-ansi,artifacts,future-incompat --crate-type lib --emit=dep-info,metadata,link -C opt-level=3 -C linker-plugin-lto --warn=unexpected_cfgs --check-cfg cfg(no_fp_fmt_parse) --check-cfg cfg(feature, values(any())) --check-cfg cfg(target_has_reliable_f16) --check-cfg cfg(target_has_reliable_f16_math) --check-cfg cfg(target_has_reliable_f128) --check-cfg cfg(target_has_reliable_f128_math) --check-cfg cfg(llvm_enzyme) --check-cfg cfg(docsrs,test) --check-cfg cfg(feature, values(""debug_refcell"", ""llvm_enzyme"", ""optimize_for_size"", ""panic_immediate_abort"")) -C metadata=8514cc1fb2c882d8 -C extra-filename=-24028a52cfebc9af --out-dir /private/tmp/host-starryos-aligned-j8-target-20260530T170100-native-j8/aarch64-unknown-none-softfloat/release/deps --target aarch64-unknown-none-softfloat -C strip=debuginfo -Z force-unstable-if-unmarked -L dependency=/private/tmp/host-starryos-aligned-j8-target-20260530T170100-native-j8/aarch64-unknown-none-softfloat/release/deps -L dependency=/private/tmp/host-starryos-aligned-j8-target-20260530T170100-native-j8/release/deps --cap-lints allow -Clink-arg=-Tlinker.x -Clink-arg=-no-pie -Clink-arg=-znostart-stop-gc"
1780132122.623,16.569,2.623,63955,271.40,2.71,33.92,11,3,1,4,95.10,"/Users/txc/.rustup/toolchains/nightly-2026-04-27-aarch64-apple-darwin/bin/rustc --crate-name core --edition=2024 /Users/txc/.rustup/toolchains/nightly-2026-04-27-aarch64-apple-darwin/lib/rustlib/src/rust/library/core/src/lib.rs --error-format=json --json=diagnostic-rendered-ansi,artifacts,future-incompat --crate-type lib --emit=dep-info,metadata,link -C opt-level=3 -C linker-plugin-lto --warn=unexpected_cfgs --check-cfg cfg(no_fp_fmt_parse) --check-cfg cfg(feature, values(any())) --check-cfg cfg(target_has_reliable_f16) --check-cfg cfg(target_has_reliable_f16_math) --check-cfg cfg(target_has_reliable_f128) --check-cfg cfg(target_has_reliable_f128_math) --check-cfg cfg(llvm_enzyme) --check-cfg cfg(docsrs,test) --check-cfg cfg(feature, values(""debug_refcell"", ""llvm_enzyme"", ""optimize_for_size"", ""panic_immediate_abort"")) -C metadata=8514cc1fb2c882d8 -C extra-filename=-24028a52cfebc9af --out-dir /private/tmp/host-starryos-aligned-j8-target-20260530T170100-native-j8/aarch64-unknown-none-softfloat/release/deps --target aarch64-unknown-none-softfloat -C strip=debuginfo -Z force-unstable-if-unmarked -L dependency=/private/tmp/host-starryos-aligned-j8-target-20260530T170100-native-j8/aarch64-unknown-none-softfloat/release/deps -L dependency=/private/tmp/host-starryos-aligned-j8-target-20260530T170100-native-j8/release/deps --cap-lints allow -Clink-arg=-Tlinker.x -Clink-arg=-no-pie -Clink-arg=-znostart-stop-gc"
1780132123.655,17.601,3.655,63955,176.20,1.76,22.03,12,2,1,5,97.40,"/Users/txc/.rustup/toolchains/nightly-2026-04-27-aarch64-apple-darwin/bin/rustc --crate-name core --edition=2024 /Users/txc/.rustup/toolchains/nightly-2026-04-27-aarch64-apple-darwin/lib/rustlib/src/rust/library/core/src/lib.rs --error-format=json --json=diagnostic-rendered-ansi,artifacts,future-incompat --crate-type lib --emit=dep-info,metadata,link -C opt-level=3 -C linker-plugin-lto --warn=unexpected_cfgs --check-cfg cfg(no_fp_fmt_parse) --check-cfg cfg(feature, values(any())) --check-cfg cfg(target_has_reliable_f16) --check-cfg cfg(target_has_reliable_f16_math) --check-cfg cfg(target_has_reliable_f128) --check-cfg cfg(target_has_reliable_f128_math) --check-cfg cfg(llvm_enzyme) --check-cfg cfg(docsrs,test) --check-cfg cfg(feature, values(""debug_refcell"", ""llvm_enzyme"", ""optimize_for_size"", ""panic_immediate_abort"")) -C metadata=8514cc1fb2c882d8 -C extra-filename=-24028a52cfebc9af --out-dir /private/tmp/host-starryos-aligned-j8-target-20260530T170100-native-j8/aarch64-unknown-none-softfloat/release/deps --target aarch64-unknown-none-softfloat -C strip=debuginfo -Z force-unstable-if-unmarked -L dependency=/private/tmp/host-starryos-aligned-j8-target-20260530T170100-native-j8/aarch64-unknown-none-softfloat/release/deps -L dependency=/private/tmp/host-starryos-aligned-j8-target-20260530T170100-native-j8/release/deps --cap-lints allow -Clink-arg=-Tlinker.x -Clink-arg=-no-pie -Clink-arg=-znostart-stop-gc"
1780132124.701,18.647,4.701,63955,299.80,3.00,37.48,12,3,1,4,97.70,"/Users/txc/.rustup/toolchains/nightly-2026-04-27-aarch64-apple-darwin/bin/rustc --crate-name core --edition=2024 /Users/txc/.rustup/toolchains/nightly-2026-04-27-aarch64-apple-darwin/lib/rustlib/src/rust/library/core/src/lib.rs --error-format=json --json=diagnostic-rendered-ansi,artifacts,future-incompat --crate-type lib --emit=dep-info,metadata,link -C opt-level=3 -C linker-plugin-lto --warn=unexpected_cfgs --check-cfg cfg(no_fp_fmt_parse) --check-cfg cfg(feature, values(any())) --check-cfg cfg(target_has_reliable_f16) --check-cfg cfg(target_has_reliable_f16_math) --check-cfg cfg(target_has_reliable_f128) --check-cfg cfg(target_has_reliable_f128_math) --check-cfg cfg(llvm_enzyme) --check-cfg cfg(docsrs,test) --check-cfg cfg(feature, values(""debug_refcell"", ""llvm_enzyme"", ""optimize_for_size"", ""panic_immediate_abort"")) -C metadata=8514cc1fb2c882d8 -C extra-filename=-24028a52cfebc9af --out-dir /private/tmp/host-starryos-aligned-j8-target-20260530T170100-native-j8/aarch64-unknown-none-softfloat/release/deps --target aarch64-unknown-none-softfloat -C strip=debuginfo -Z force-unstable-if-unmarked -L dependency=/private/tmp/host-starryos-aligned-j8-target-20260530T170100-native-j8/aarch64-unknown-none-softfloat/release/deps -L dependency=/private/tmp/host-starryos-aligned-j8-target-20260530T170100-native-j8/release/deps --cap-lints allow -Clink-arg=-Tlinker.x -Clink-arg=-no-pie -Clink-arg=-znostart-stop-gc"
1780132125.736,19.682,5.736,63955,127.20,1.27,15.90,13,3,1,5,97.60,"/Users/txc/.rustup/toolchains/nightly-2026-04-27-aarch64-apple-darwin/bin/rustc --crate-name core --edition=2024 /Users/txc/.rustup/toolchains/nightly-2026-04-27-aarch64-apple-darwin/lib/rustlib/src/rust/library/core/src/lib.rs --error-format=json --json=diagnostic-rendered-ansi,artifacts,future-incompat --crate-type lib --emit=dep-info,metadata,link -C opt-level=3 -C linker-plugin-lto --warn=unexpected_cfgs --check-cfg cfg(no_fp_fmt_parse) --check-cfg cfg(feature, values(any())) --check-cfg cfg(target_has_reliable_f16) --check-cfg cfg(target_has_reliable_f16_math) --check-cfg cfg(target_has_reliable_f128) --check-cfg cfg(target_has_reliable_f128_math) --check-cfg cfg(llvm_enzyme) --check-cfg cfg(docsrs,test) --check-cfg cfg(feature, values(""debug_refcell"", ""llvm_enzyme"", ""optimize_for_size"", ""panic_immediate_abort"")) -C metadata=8514cc1fb2c882d8 -C extra-filename=-24028a52cfebc9af --out-dir /private/tmp/host-starryos-aligned-j8-target-20260530T170100-native-j8/aarch64-unknown-none-softfloat/release/deps --target aarch64-unknown-none-softfloat -C strip=debuginfo -Z force-unstable-if-unmarked -L dependency=/private/tmp/host-starryos-aligned-j8-target-20260530T170100-native-j8/aarch64-unknown-none-softfloat/release/deps -L dependency=/private/tmp/host-starryos-aligned-j8-target-20260530T170100-native-j8/release/deps --cap-lints allow -Clink-arg=-Tlinker.x -Clink-arg=-no-pie -Clink-arg=-znostart-stop-gc"
1780132126.791,20.737,6.791,63955,182.90,1.83,22.86,13,6,1,2,95.50,"/Users/txc/.rustup/toolchains/nightly-2026-04-27-aarch64-apple-darwin/bin/rustc --crate-name core --edition=2024 /Users/txc/.rustup/toolchains/nightly-2026-04-27-aarch64-apple-darwin/lib/rustlib/src/rust/library/core/src/lib.rs --error-format=json --json=diagnostic-rendered-ansi,artifacts,future-incompat --crate-type lib --emit=dep-info,metadata,link -C opt-level=3 -C linker-plugin-lto --warn=unexpected_cfgs --check-cfg cfg(no_fp_fmt_parse) --check-cfg cfg(feature, values(any())) --check-cfg cfg(target_has_reliable_f16) --check-cfg cfg(target_has_reliable_f16_math) --check-cfg cfg(target_has_reliable_f128) --check-cfg cfg(target_has_reliable_f128_math) --check-cfg cfg(llvm_enzyme) --check-cfg cfg(docsrs,test) --check-cfg cfg(feature, values(""debug_refcell"", ""llvm_enzyme"", ""optimize_for_size"", ""panic_immediate_abort"")) -C metadata=8514cc1fb2c882d8 -C extra-filename=-24028a52cfebc9af --out-dir /private/tmp/host-starryos-aligned-j8-target-20260530T170100-native-j8/aarch64-unknown-none-softfloat/release/deps --target aarch64-unknown-none-softfloat -C strip=debuginfo -Z force-unstable-if-unmarked -L dependency=/private/tmp/host-starryos-aligned-j8-target-20260530T170100-native-j8/aarch64-unknown-none-softfloat/release/deps -L dependency=/private/tmp/host-starryos-aligned-j8-target-20260530T170100-native-j8/release/deps --cap-lints allow -Clink-arg=-Tlinker.x -Clink-arg=-no-pie -Clink-arg=-znostart-stop-gc"
1780132127.840,21.786,7.840,63955,109.30,1.09,13.66,14,3,1,4,96.10,"/Users/txc/.rustup/toolchains/nightly-2026-04-27-aarch64-apple-darwin/bin/rustc --crate-name core --edition=2024 /Users/txc/.rustup/toolchains/nightly-2026-04-27-aarch64-apple-darwin/lib/rustlib/src/rust/library/core/src/lib.rs --error-format=json --json=diagnostic-rendered-ansi,artifacts,future-incompat --crate-type lib --emit=dep-info,metadata,link -C opt-level=3 -C linker-plugin-lto --warn=unexpected_cfgs --check-cfg cfg(no_fp_fmt_parse) --check-cfg cfg(feature, values(any())) --check-cfg cfg(target_has_reliable_f16) --check-cfg cfg(target_has_reliable_f16_math) --check-cfg cfg(target_has_reliable_f128) --check-cfg cfg(target_has_reliable_f128_math) --check-cfg cfg(llvm_enzyme) --check-cfg cfg(docsrs,test) --check-cfg cfg(feature, values(""debug_refcell"", ""llvm_enzyme"", ""optimize_for_size"", ""panic_immediate_abort"")) -C metadata=8514cc1fb2c882d8 -C extra-filename=-24028a52cfebc9af --out-dir /private/tmp/host-starryos-aligned-j8-target-20260530T170100-native-j8/aarch64-unknown-none-softfloat/release/deps --target aarch64-unknown-none-softfloat -C strip=debuginfo -Z force-unstable-if-unmarked -L dependency=/private/tmp/host-starryos-aligned-j8-target-20260530T170100-native-j8/aarch64-unknown-none-softfloat/release/deps -L dependency=/private/tmp/host-starryos-aligned-j8-target-20260530T170100-native-j8/release/deps --cap-lints allow -Clink-arg=-Tlinker.x -Clink-arg=-no-pie -Clink-arg=-znostart-stop-gc"
1780132128.882,22.828,8.882,63955,156.80,1.57,19.60,14,3,1,4,71.20,"/Users/txc/.rustup/toolchains/nightly-2026-04-27-aarch64-apple-darwin/bin/rustc --crate-name core --edition=2024 /Users/txc/.rustup/toolchains/nightly-2026-04-27-aarch64-apple-darwin/lib/rustlib/src/rust/library/core/src/lib.rs --error-format=json --json=diagnostic-rendered-ansi,artifacts,future-incompat --crate-type lib --emit=dep-info,metadata,link -C opt-level=3 -C linker-plugin-lto --warn=unexpected_cfgs --check-cfg cfg(no_fp_fmt_parse) --check-cfg cfg(feature, values(any())) --check-cfg cfg(target_has_reliable_f16) --check-cfg cfg(target_has_reliable_f16_math) --check-cfg cfg(target_has_reliable_f128) --check-cfg cfg(target_has_reliable_f128_math) --check-cfg cfg(llvm_enzyme) --check-cfg cfg(docsrs,test) --check-cfg cfg(feature, values(""debug_refcell"", ""llvm_enzyme"", ""optimize_for_size"", ""panic_immediate_abort"")) -C metadata=8514cc1fb2c882d8 -C extra-filename=-24028a52cfebc9af --out-dir /private/tmp/host-starryos-aligned-j8-target-20260530T170100-native-j8/aarch64-unknown-none-softfloat/release/deps --target aarch64-unknown-none-softfloat -C strip=debuginfo -Z force-unstable-if-unmarked -L dependency=/private/tmp/host-starryos-aligned-j8-target-20260530T170100-native-j8/aarch64-unknown-none-softfloat/release/deps -L dependency=/private/tmp/host-starryos-aligned-j8-target-20260530T170100-native-j8/release/deps --cap-lints allow -Clink-arg=-Tlinker.x -Clink-arg=-no-pie -Clink-arg=-znostart-stop-gc"
1780132129.917,23.863,9.917,63955,89.20,0.89,11.15,12,3,1,3,89.00,"/Users/txc/.rustup/toolchains/nightly-2026-04-27-aarch64-apple-darwin/bin/rustc --crate-name syn --edition=2018 /Users/txc/.cargo/registry/src/index.crates.io-1949cf8c6b5b557f/syn-1.0.109/src/lib.rs --error-format=json --json=diagnostic-rendered-ansi,artifacts,future-incompat --crate-type lib --emit=dep-info,metadata,link -C embed-bitcode=no -C debug-assertions=off --cfg feature=""clone-impls"" --cfg feature=""default"" --cfg feature=""derive"" --cfg feature=""extra-traits"" --cfg feature=""full"" --cfg feature=""parsing"" --cfg feature=""printing"" --cfg feature=""proc-macro"" --cfg feature=""quote"" --check-cfg cfg(docsrs,test) --check-cfg cfg(feature, values(""clone-impls"", ""default"", ""derive"", ""extra-traits"", ""fold"", ""full"", ""parsing"", ""printing"", ""proc-macro"", ""quote"", ""test"", ""visit"", ""visit-mut"")) -C metadata=17c27c617ecb8225 -C extra-filename=-ea950625ad5d88e8 --out-dir /private/tmp/host-starryos-aligned-j8-target-20260530T170100-native-j8/release/deps -C strip=debuginfo -L dependency=/private/tmp/host-starryos-aligned-j8-target-20260530T170100-native-j8/release/deps --extern proc_macro2=/private/tmp/host-starryos-aligned-j8-target-20260530T170100-native-j8/release/deps/libproc_macro2-db7bb0f61d75eb4e.rmeta --extern quote=/private/tmp/host-starryos-aligned-j8-target-20260530T170100-native-j8/release/deps/libquote-cec908a394b3b7dc.rmeta --extern unicode_ident=/private/tmp/host-starryos-aligned-j8-target-20260530T170100-native-j8/release/deps/libunicode_ident-12f5667cc058b72b.rmeta --cap-lints allow"
1780132130.968,24.914,10.968,63955,166.10,1.66,20.76,12,6,1,2,89.10,"/Users/txc/.rustup/toolchains/nightly-2026-04-27-aarch64-apple-darwin/bin/rustc --crate-name aarch64_cpu --edition=2018 /Users/txc/.cargo/registry/src/index.crates.io-1949cf8c6b5b557f/aarch64-cpu-11.2.0/src/lib.rs --error-format=json --json=diagnostic-rendered-ansi,artifacts,future-incompat --crate-type lib --emit=dep-info,metadata,link -C opt-level=3 -C linker-plugin-lto --check-cfg cfg(docsrs,test) --check-cfg cfg(feature, values()) -C metadata=ab0b049b46e98163 -C extra-filename=-4fe84e24cf839704 --out-dir /private/tmp/host-starryos-aligned-j8-target-20260530T170100-native-j8/aarch64-unknown-none-softfloat/release/deps --target aarch64-unknown-none-softfloat -C strip=debuginfo -L dependency=/private/tmp/host-starryos-aligned-j8-target-20260530T170100-native-j8/aarch64-unknown-none-softfloat/release/deps -L dependency=/private/tmp/host-starryos-aligned-j8-target-20260530T170100-native-j8/release/deps --extern noprelude,nounused:alloc=/private/tmp/host-starryos-aligned-j8-target-20260530T170100-native-j8/aarch64-unknown-none-softfloat/release/deps/liballoc-c68a4ab3c84776d3.rmeta --extern noprelude,nounused:compiler_builtins=/private/tmp/host-starryos-aligned-j8-target-20260530T170100-native-j8/aarch64-unknown-none-softfloat/release/deps/libcompiler_builtins-fadd5bc9339268c7.rmeta --extern noprelude,nounused:core=/private/tmp/host-starryos-aligned-j8-target-20260530T170100-native-j8/aarch64-unknown-none-softfloat/release/deps/libcore-24028a52cfebc9af.rmeta --extern tock_registers=/private/tmp/host-starryos-aligned-j8-target-20260530T170100-native-j8/aarch64-unknown-none-softfloat/release/deps/libtock_registers-9f2626d76b818b6b.rmeta -Z unstable-options --cap-lints allow -Clink-arg=-Tlinker.x -Clink-arg=-no-pie -Clink-arg=-znostart-stop-gc"
1780132132.005,25.950,12.005,63955,35.00,0.35,4.38,12,6,1,1,24.60,"/Users/txc/.rustup/toolchains/nightly-2026-04-27-aarch64-apple-darwin/bin/rustc --crate-name linux_raw_sys --edition=2021 /Users/txc/.cargo/registry/src/index.crates.io-1949cf8c6b5b557f/linux-raw-sys-0.12.1/src/lib.rs --error-format=json --json=diagnostic-rendered-ansi,artifacts,future-incompat --crate-type lib --emit=dep-info,metadata,link -C opt-level=3 -C linker-plugin-lto --warn=unexpected_cfgs --check-cfg cfg(target_arch, values(""xtensa"")) --cfg feature=""general"" --cfg feature=""ioctl"" --cfg feature=""loop_device"" --cfg feature=""net"" --cfg feature=""netlink"" --cfg feature=""no_std"" --cfg feature=""prctl"" --cfg feature=""system"" --check-cfg cfg(docsrs,test) --check-cfg cfg(feature, values(""auxvec"", ""bootparam"", ""btrfs"", ""core"", ""default"", ""elf"", ""elf_uapi"", ""errno"", ""general"", ""if_arp"", ""if_ether"", ""if_packet"", ""if_tun"", ""image"", ""io_uring"", ""ioctl"", ""landlock"", ""loop_device"", ""mempolicy"", ""net"", ""netlink"", ""no_std"", ""prctl"", ""ptrace"", ""rustc-dep-of-std"", ""std"", ""system"", ""vm_sockets"", ""xdp"")) -C metadata=6048ebe3de12fb31 -C extra-filename=-ef2aab38e568e6d8 --out-dir /private/tmp/host-starryos-aligned-j8-target-20260530T170100-native-j8/aarch64-unknown-none-softfloat/release/deps --target aarch64-unknown-none-softfloat -C strip=debuginfo -L dependency=/private/tmp/host-starryos-aligned-j8-target-20260530T170100-native-j8/aarch64-unknown-none-softfloat/release/deps -L dependency=/private/tmp/host-starryos-aligned-j8-target-20260530T170100-native-j8/release/deps --extern noprelude,nounused:alloc=/private/tmp/host-starryos-aligned-j8-target-20260530T170100-native-j8/aarch64-unknown-none-softfloat/release/deps/liballoc-c68a4ab3c84776d3.rmeta --extern noprelude,nounused:compiler_builtins=/private/tmp/host-starryos-aligned-j8-target-20260530T170100-native-j8/aarch64-unknown-none-softfloat/release/deps/libcompiler_builtins-fadd5bc9339268c7.rmeta --extern noprelude,nounused:core=/private/tmp/host-starryos-aligned-j8-target-20260530T170100-native-j8/aarch64-unknown-none-softfloat/release/deps/libcore-24028a52cfebc9af.rmeta -Z unstable-options --cap-lints allow -Clink-arg=-Tlinker.x -Clink-arg=-no-pie -Clink-arg=-znostart-stop-gc"
1780132133.040,26.985,13.040,63955,0.80,0.01,0.10,12,6,1,1,0.50,"/Users/txc/.rustup/toolchains/nightly-2026-04-27-aarch64-apple-darwin/bin/rustc --crate-name ax_percpu --edition=2024 components/percpu/percpu/src/lib.rs --error-format=json --json=diagnostic-rendered-ansi,artifacts,future-incompat --crate-type lib --emit=dep-info,metadata,link -C opt-level=3 -C linker-plugin-lto --cfg feature=""default"" --cfg feature=""non-zero-vma"" --cfg feature=""preempt"" --check-cfg cfg(docsrs,test) --check-cfg cfg(feature, values(""arm-el2"", ""custom-base"", ""default"", ""non-zero-vma"", ""preempt"", ""sp-naive"")) -C metadata=8843a4e9d236713d -C extra-filename=-e92e29125c3fa843 --out-dir /private/tmp/host-starryos-aligned-j8-target-20260530T170100-native-j8/aarch64-unknown-none-softfloat/release/deps --target aarch64-unknown-none-softfloat -C strip=debuginfo -L dependency=/private/tmp/host-starryos-aligned-j8-target-20260530T170100-native-j8/aarch64-unknown-none-softfloat/release/deps -L dependency=/private/tmp/host-starryos-aligned-j8-target-20260530T170100-native-j8/release/deps --extern noprelude,nounused:alloc=/private/tmp/host-starryos-aligned-j8-target-20260530T170100-native-j8/aarch64-unknown-none-softfloat/release/deps/liballoc-c68a4ab3c84776d3.rmeta --extern ax_kernel_guard=/private/tmp/host-starryos-aligned-j8-target-20260530T170100-native-j8/aarch64-unknown-none-softfloat/release/deps/libax_kernel_guard-48110f9d37c92e0d.rmeta --extern ax_percpu_macros=/private/tmp/host-starryos-aligned-j8-target-20260530T170100-native-j8/release/deps/libax_percpu_macros-0865fb3280caea87.dylib --extern cfg_if=/private/tmp/host-starryos-aligned-j8-target-20260530T170100-native-j8/aarch64-unknown-none-softfloat/release/deps/libcfg_if-70e29000d574299d.rmeta --extern noprelude,nounused:compiler_builtins=/private/tmp/host-starryos-aligned-j8-target-20260530T170100-native-j8/aarch64-unknown-none-softfloat/release/deps/libcompiler_builtins-fadd5bc9339268c7.rmeta --extern noprelude,nounused:core=/private/tmp/host-starryos-aligned-j8-target-20260530T170100-native-j8/aarch64-unknown-none-softfloat/release/deps/libcore-24028a52cfebc9af.rmeta -Z unstable-options -Clink-arg=-Tlinker.x -Clink-arg=-no-pie -Clink-arg=-znostart-stop-gc"
1780132134.076,28.022,14.076,63955,160.80,1.61,20.10,12,8,1,0,83.20,"/Users/txc/.rustup/toolchains/nightly-2026-04-27-aarch64-apple-darwin/bin/rustc --crate-name zerocopy --edition=2021 /Users/txc/.cargo/registry/src/index.crates.io-1949cf8c6b5b557f/zerocopy-0.8.48/src/lib.rs --error-format=json --json=diagnostic-rendered-ansi,artifacts,future-incompat --crate-type lib --emit=dep-info,metadata,link -C opt-level=3 -C linker-plugin-lto --cfg feature=""alloc"" --cfg feature=""derive"" --cfg feature=""zerocopy-derive"" --check-cfg cfg(docsrs,test) --check-cfg cfg(feature, values(""__internal_use_only_features_that_work_on_stable"", ""alloc"", ""derive"", ""float-nightly"", ""simd"", ""simd-nightly"", ""std"", ""zerocopy-derive"")) -C metadata=c3b59b0e3908ab17 -C extra-filename=-f0465a348003893d --out-dir /private/tmp/host-starryos-aligned-j8-target-20260530T170100-native-j8/aarch64-unknown-none-softfloat/release/deps --target aarch64-unknown-none-softfloat -C strip=debuginfo -L dependency=/private/tmp/host-starryos-aligned-j8-target-20260530T170100-native-j8/aarch64-unknown-none-softfloat/release/deps -L dependency=/private/tmp/host-starryos-aligned-j8-target-20260530T170100-native-j8/release/deps --extern noprelude,nounused:alloc=/private/tmp/host-starryos-aligned-j8-target-20260530T170100-native-j8/aarch64-unknown-none-softfloat/release/deps/liballoc-c68a4ab3c84776d3.rmeta --extern noprelude,nounused:compiler_builtins=/private/tmp/host-starryos-aligned-j8-target-20260530T170100-native-j8/aarch64-unknown-none-softfloat/release/deps/libcompiler_builtins-fadd5bc9339268c7.rmeta --extern noprelude,nounused:core=/private/tmp/host-starryos-aligned-j8-target-20260530T170100-native-j8/aarch64-unknown-none-softfloat/release/deps/libcore-24028a52cfebc9af.rmeta --extern zerocopy_derive=/private/tmp/host-starryos-aligned-j8-target-20260530T170100-native-j8/release/deps/libzerocopy_derive-3dfd3c1af9caab1e.dylib -Z unstable-options --cap-lints allow -Clink-arg=-Tlinker.x -Clink-arg=-no-pie -Clink-arg=-znostart-stop-gc --check-cfg cfg(no_zerocopy_simd_x86_avx12_1_89_0) --check-cfg cfg(rust, values(""1.89.0"")) --check-cfg cfg(no_zerocopy_core_error_1_81_0) --check-cfg cfg(rust, values(""1.81.0"")) --check-cfg cfg(no_zerocopy_diagnostic_on_unimplemented_1_78_0) --check-cfg cfg(rust, values(""1.78.0"")) --check-cfg cfg(no_zerocopy_generic_bounds_in_const_fn_1_61_0) --check-cfg cfg(rust, values(""1.61.0"")) --check-cfg cfg(no_zerocopy_target_has_atomics_1_60_0) --check-cfg cfg(rust, values(""1.60.0"")) --check-cfg cfg(no_zerocopy_aarch64_simd_1_59_0) --check-cfg cfg(rust, values(""1.59.0"")) --check-cfg cfg(no_zerocopy_aarch64_simd_be_1_87_0) --check-cfg cfg(rust, values(""1.87.0"")) --check-cfg cfg(no_zerocopy_panic_in_const_and_vec_try_reserve_1_57_0) --check-cfg cfg(rust, values(""1.57.0"")) --check-cfg cfg(doc_cfg) --check-cfg cfg(kani) --check-cfg cfg(__ZEROCOPY_INTERNAL_USE_ONLY_NIGHTLY_FEATURES_IN_TESTS) --check-cfg cfg(__ZEROCOPY_INTERNAL_USE_ONLY_DEV_MODE) --check-cfg cfg(coverage_nightly) --check-cfg cfg(zerocopy_inline_always)"
1780132135.126,29.072,15.126,63955,61.00,0.61,7.62,12,8,1,0,59.50,"/Users/txc/.rustup/toolchains/nightly-2026-04-27-aarch64-apple-darwin/bin/rustc --crate-name rsext4 --edition=2024 components/rsext4/src/lib.rs --error-format=json --json=diagnostic-rendered-ansi,artifacts,future-incompat --crate-type lib --emit=dep-info,metadata,link -C opt-level=3 -C linker-plugin-lto --cfg feature=""USE_MULTILEVEL_CACHE"" --cfg feature=""default"" --check-cfg cfg(docsrs,test) --check-cfg cfg(feature, values(""USE_MULTILEVEL_CACHE"", ""default"")) -C metadata=91a63b383c43beef -C extra-filename=-b14a43d41f09b790 --out-dir /private/tmp/host-starryos-aligned-j8-target-20260530T170100-native-j8/aarch64-unknown-none-softfloat/release/deps --target aarch64-unknown-none-softfloat -C strip=debuginfo -L dependency=/private/tmp/host-starryos-aligned-j8-target-20260530T170100-native-j8/aarch64-unknown-none-softfloat/release/deps -L dependency=/private/tmp/host-starryos-aligned-j8-target-20260530T170100-native-j8/release/deps --extern noprelude,nounused:alloc=/private/tmp/host-starryos-aligned-j8-target-20260530T170100-native-j8/aarch64-unknown-none-softfloat/release/deps/liballoc-c68a4ab3c84776d3.rmeta --extern bitflags=/private/tmp/host-starryos-aligned-j8-target-20260530T170100-native-j8/aarch64-unknown-none-softfloat/release/deps/libbitflags-b40d3a41ae981966.rmeta --extern noprelude,nounused:compiler_builtins=/private/tmp/host-starryos-aligned-j8-target-20260530T170100-native-j8/aarch64-unknown-none-softfloat/release/deps/libcompiler_builtins-fadd5bc9339268c7.rmeta --extern noprelude,nounused:core=/private/tmp/host-starryos-aligned-j8-target-20260530T170100-native-j8/aarch64-unknown-none-softfloat/release/deps/libcore-24028a52cfebc9af.rmeta --extern lazy_static=/private/tmp/host-starryos-aligned-j8-target-20260530T170100-native-j8/aarch64-unknown-none-softfloat/release/deps/liblazy_static-08b103175664ddc2.rmeta --extern log=/private/tmp/host-starryos-aligned-j8-target-20260530T170100-native-j8/aarch64-unknown-none-softfloat/release/deps/liblog-46941cba8dbfbda7.rmeta -Z unstable-options -Clink-arg=-Tlinker.x -Clink-arg=-no-pie -Clink-arg=-znostart-stop-gc"
1780132136.176,30.122,16.176,63955,185.70,1.86,23.21,12,7,1,1,92.40,"/Users/txc/.rustup/toolchains/nightly-2026-04-27-aarch64-apple-darwin/bin/rustc --crate-name smoltcp --edition=2024 /Users/txc/.cargo/registry/src/index.crates.io-1949cf8c6b5b557f/smoltcp-0.13.1/src/lib.rs --error-format=json --json=diagnostic-rendered-ansi,artifacts,future-incompat --crate-type lib --emit=dep-info,metadata,link -C opt-level=3 -C linker-plugin-lto --warn=unexpected_cfgs --check-cfg cfg(fuzzing) --cfg feature=""alloc"" --cfg feature=""async"" --cfg feature=""log"" --cfg feature=""medium-ethernet"" --cfg feature=""medium-ip"" --cfg feature=""proto-dhcpv4"" --cfg feature=""proto-dns"" --cfg feature=""proto-ipv4"" --cfg feature=""proto-ipv6"" --cfg feature=""socket"" --cfg feature=""socket-dhcpv4"" --cfg feature=""socket-dns"" --cfg feature=""socket-icmp"" --cfg feature=""socket-raw"" --cfg feature=""socket-tcp"" --cfg feature=""socket-udp"" --check-cfg cfg(docsrs,test) --check-cfg cfg(feature, values(""_netsim"", ""_proto-fragmentation"", ""alloc"", ""assembler-max-segment-count-1"", ""assembler-max-segment-count-16"", ""assembler-max-segment-count-2"", ""assembler-max-segment-count-3"", ""assembler-max-segment-count-32"", ""assembler-max-segment-count-4"", ""assembler-max-segment-count-8"", ""async"", ""auto-icmp-echo-reply"", ""default"", ""defmt"", ""dns-max-name-size-128"", ""dns-max-name-size-255"", ""dns-max-name-size-64"", ""dns-max-result-count-1"", ""dns-max-result-count-16"", ""dns-max-result-count-2"", ""dns-max-result-count-3"", ""dns-max-result-count-32"", ""dns-max-result-count-4"", ""dns-max-result-count-8"", ""dns-max-server-count-1"", ""dns-max-server-count-16"", ""dns-max-server-count-2"", ""dns-max-server-count-3"", ""dns-max-server-count-32"", ""dns-max-server-count-4"", ""dns-max-server-count-8"", ""fragmentation-buffer-size-1024"", ""fragmentation-buffer-size-1500"", ""fragmentation-buffer-size-16384"", ""fragmentation-buffer-size-2048"", ""fragmentation-buffer-size-256"", ""fragmentation-buffer-size-32768"", ""fragmentation-buffer-size-4096"", ""fragmentation-buffer-size-512"", ""fragmentation-buffer-size-65536"", ""fragmentation-buffer-size-8192"", ""iface-max-addr-count-1"", ""iface-max-addr-count-2"", ""iface-max-addr-count-3"", ""iface-max-addr-count-4"", ""iface-max-addr-count-5"", ""iface-max-addr-count-6"", ""iface-max-addr-count-7"", ""iface-max-addr-count-8"", ""iface-max-multicast-group-count-1"", ""iface-max-multicast-group-count-1024"", ""iface-max-multicast-group-count-128"", ""iface-max-multicast-group-count-16"", ""iface-max-multicast-group-count-2"", ""iface-max-multicast-group-count-256"", ""iface-max-multicast-group-count-3"", ""iface-max-multicast-group-count-32"", ""iface-max-multicast-group-count-4"", ""iface-max-multicast-group-count-5"", ""iface-max-multicast-group-count-512"", ""iface-max-multicast-group-count-6"", ""iface-max-multicast-group-count-64"", ""iface-max-multicast-group-count-7"", ""iface-max-multicast-group-count-8"", ""iface-max-prefix-count-1"", ""iface-max-prefix-count-2"", ""iface-max-prefix-count-3"", ""iface-max-prefix-count-4"", ""iface-max-prefix-count-5"", ""iface-max-prefix-count-6"", ""iface-max-prefix-count-7"", ""iface-max-prefix-count-8"", ""iface-max-route-count-0"", ""iface-max-route-count-1"", ""iface-max-route-count-1024"", ""iface-max-route-count-128"", ""iface-max-route-count-16"", ""iface-max-route-count-2"", ""iface-max-route-count-256"", ""iface-max-route-count-3"", ""iface-max-route-count-32"", ""iface-max-route-count-4"", ""iface-max-route-count-5"", ""iface-max-route-count-512"", ""iface-max-route-count-6"", ""iface-max-route-count-64"", ""iface-max-route-count-7"", ""iface-max-route-count-8"", ""iface-max-sixlowpan-address-context-count-1"", ""iface-max-sixlowpan-address-context-count-1024"", ""iface-max-sixlowpan-address-context-count-128"", ""iface-max-sixlowpan-address-context-count-16"", ""iface-max-sixlowpan-address-context-count-2"", ""iface-max-sixlowpan-address-context-count-256"", ""iface-max-sixlowpan-address-context-count-3"", ""iface-max-sixlowpan-address-context-count-32"", ""iface-max-sixlowpan-address-context-count-4"", ""iface-max-sixlowpan-address-context-count-5"", ""iface-max-sixlowpan-address-context-count-512"", ""iface-max-sixlowpan-address-context-count-6"", ""iface-max-sixlowpan-address-context-count-64"", ""iface-max-sixlowpan-address-context-count-7"", ""iface-max-sixlowpan-address-context-count-8"", ""iface-neighbor-cache-count-1"", ""iface-neighbor-cache-count-1024"", ""iface-neighbor-cache-count-128"", ""iface-neighbor-cache-count-16"", ""iface-neighbor-cache-count-2"", ""iface-neighbor-cache-count-256"", ""iface-neighbor-cache-count-3"", ""iface-neighbor-cache-count-32"", ""iface-neighbor-cache-count-4"", ""iface-neighbor-cache-count-5"", ""iface-neighbor-cache-count-512"", ""iface-neighbor-cache-count-6"", ""iface-neighbor-cache-count-64"", ""iface-neighbor-cache-count-7"", ""iface-neighbor-cache-count-8"", ""ipv6-hbh-max-options-1"", ""ipv6-hbh-max-options-16"", ""ipv6-hbh-max-options-2"", ""ipv6-hbh-max-options-3"", ""ipv6-hbh-max-options-32"", ""ipv6-hbh-max-options-4"", ""ipv6-hbh-max-options-8"", ""libc"", ""log"", ""medium-ethernet"", ""medium-ieee802154"", ""medium-ip"", ""multicast"", ""packetmeta-id"", ""phy-raw_socket"", ""phy-tuntap_interface"", ""proto-dhcpv4"", ""proto-dns"", ""proto-ipsec"", ""proto-ipsec-ah"", ""proto-ipsec-esp"", ""proto-ipv4"", ""proto-ipv4-fragmentation"", ""proto-ipv6"", ""proto-ipv6-fragmentation"", ""proto-ipv6-hbh"", ""proto-ipv6-routing"", ""proto-ipv6-slaac"", ""proto-rpl"", ""proto-sixlowpan"", ""proto-sixlowpan-fragmentation"", ""reassembly-buffer-count-1"", ""reassembly-buffer-count-16"", ""reassembly-buffer-count-2"", ""reassembly-buffer-count-3"", ""reassembly-buffer-count-32"", ""reassembly-buffer-count-4"", ""reassembly-buffer-count-8"", ""reassembly-buffer-size-1024"", ""reassembly-buffer-size-1500"", ""reassembly-buffer-size-16384"", ""reassembly-buffer-size-2048"", ""reassembly-buffer-size-256"", ""reassembly-buffer-size-32768"", ""reassembly-buffer-size-4096"", ""reassembly-buffer-size-512"", ""reassembly-buffer-size-65536"", ""reassembly-buffer-size-8192"", ""rpl-parents-buffer-count-16"", ""rpl-parents-buffer-count-2"", ""rpl-parents-buffer-count-32"", ""rpl-parents-buffer-count-4"", ""rpl-parents-buffer-count-8"", ""rpl-relations-buffer-count-1"", ""rpl-relations-buffer-count-128"", ""rpl-relations-buffer-count-16"", ""rpl-relations-buffer-count-2"", ""rpl-relations-buffer-count-32"", ""rpl-relations-buffer-count-4"", ""rpl-relations-buffer-count-64"", ""rpl-relations-buffer-count-8"", ""socket"", ""socket-dhcpv4"", ""socket-dns"", ""socket-icmp"", ""socket-mdns"", ""socket-raw"", ""socket-tcp"", ""socket-tcp-cubic"", ""socket-tcp-pause-synack"", ""socket-tcp-reno"", ""socket-udp"", ""std"", ""verbose"")) -C metadata=5c015a19c9b61897 -C extra-filename=-b6a62d915dd0f096 --out-dir /private/tmp/host-starryos-aligned-j8-target-20260530T170100-native-j8/aarch64-unknown-none-softfloat/release/deps --target aarch64-unknown-none-softfloat -C strip=debuginfo -L dependency=/private/tmp/host-starryos-aligned-j8-target-20260530T170100-native-j8/aarch64-unknown-none-softfloat/release/deps -L dependency=/private/tmp/host-starryos-aligned-j8-target-20260530T170100-native-j8/release/deps --extern noprelude,nounused:alloc=/private/tmp/host-starryos-aligned-j8-target-20260530T170100-native-j8/aarch64-unknown-none-softfloat/release/deps/liballoc-c68a4ab3c84776d3.rmeta --extern bitflags=/private/tmp/host-starryos-aligned-j8-target-20260530T170100-native-j8/aarch64-unknown-none-softfloat/release/deps/libbitflags-7095accb96806394.rmeta --extern byteorder=/private/tmp/host-starryos-aligned-j8-target-20260530T170100-native-j8/aarch64-unknown-none-softfloat/release/deps/libbyteorder-5a772b1c2c93f0d9.rmeta --extern cfg_if=/private/tmp/host-starryos-aligned-j8-target-20260530T170100-native-j8/aarch64-unknown-none-softfloat/release/deps/libcfg_if-70e29000d574299d.rmeta --extern noprelude,nounused:compiler_builtins=/private/tmp/host-starryos-aligned-j8-target-20260530T170100-native-j8/aarch64-unknown-none-softfloat/release/deps/libcompiler_builtins-fadd5bc9339268c7.rmeta --extern noprelude,nounused:core=/private/tmp/host-starryos-aligned-j8-target-20260530T170100-native-j8/aarch64-unknown-none-softfloat/release/deps/libcore-24028a52cfebc9af.rmeta --extern heapless=/private/tmp/host-starryos-aligned-j8-target-20260530T170100-native-j8/aarch64-unknown-none-softfloat/release/deps/libheapless-0c735012b2e1176f.rmeta --extern log=/private/tmp/host-starryos-aligned-j8-target-20260530T170100-native-j8/aarch64-unknown-none-softfloat/release/deps/liblog-46941cba8dbfbda7.rmeta --extern managed=/private/tmp/host-starryos-aligned-j8-target-20260530T170100-native-j8/aarch64-unknown-none-softfloat/release/deps/libmanaged-e77ac1bc048e6f59.rmeta -Z unstable-options --cap-lints allow -Clink-arg=-Tlinker.x -Clink-arg=-no-pie -Clink-arg=-znostart-stop-gc"
1780132137.223,31.168,17.223,63955,163.60,1.64,20.45,12,6,1,2,75.20,"/Users/txc/.rustup/toolchains/nightly-2026-04-27-aarch64-apple-darwin/bin/rustc --crate-name virtio_drivers --edition=2024 /Users/txc/.cargo/registry/src/index.crates.io-1949cf8c6b5b557f/virtio-drivers-0.13.0/src/lib.rs --error-format=json --json=diagnostic-rendered-ansi,artifacts,future-incompat --crate-type lib --emit=dep-info,metadata,link -C opt-level=3 -C linker-plugin-lto --cfg feature=""alloc"" --check-cfg cfg(docsrs,test) --check-cfg cfg(feature, values(""alloc"", ""default"", ""embedded-io"")) -C metadata=95947261bba3424f -C extra-filename=-6179c7b2c729c37e --out-dir /private/tmp/host-starryos-aligned-j8-target-20260530T170100-native-j8/aarch64-unknown-none-softfloat/release/deps --target aarch64-unknown-none-softfloat -C strip=debuginfo -L dependency=/private/tmp/host-starryos-aligned-j8-target-20260530T170100-native-j8/aarch64-unknown-none-softfloat/release/deps -L dependency=/private/tmp/host-starryos-aligned-j8-target-20260530T170100-native-j8/release/deps --extern noprelude,nounused:alloc=/private/tmp/host-starryos-aligned-j8-target-20260530T170100-native-j8/aarch64-unknown-none-softfloat/release/deps/liballoc-c68a4ab3c84776d3.rmeta --extern bitflags=/private/tmp/host-starryos-aligned-j8-target-20260530T170100-native-j8/aarch64-unknown-none-softfloat/release/deps/libbitflags-b40d3a41ae981966.rmeta --extern noprelude,nounused:compiler_builtins=/private/tmp/host-starryos-aligned-j8-target-20260530T170100-native-j8/aarch64-unknown-none-softfloat/release/deps/libcompiler_builtins-fadd5bc9339268c7.rmeta --extern noprelude,nounused:core=/private/tmp/host-starryos-aligned-j8-target-20260530T170100-native-j8/aarch64-unknown-none-softfloat/release/deps/libcore-24028a52cfebc9af.rmeta --extern enumn=/private/tmp/host-starryos-aligned-j8-target-20260530T170100-native-j8/release/deps/libenumn-5207a548092dfb47.dylib --extern log=/private/tmp/host-starryos-aligned-j8-target-20260530T170100-native-j8/aarch64-unknown-none-softfloat/release/deps/liblog-46941cba8dbfbda7.rmeta --extern safe_mmio=/private/tmp/host-starryos-aligned-j8-target-20260530T170100-native-j8/aarch64-unknown-none-softfloat/release/deps/libsafe_mmio-50aad0d93236e9d7.rmeta --extern thiserror=/private/tmp/host-starryos-aligned-j8-target-20260530T170100-native-j8/aarch64-unknown-none-softfloat/release/deps/libthiserror-ae8fdce2ac0b5875.rmeta --extern zerocopy=/private/tmp/host-starryos-aligned-j8-target-20260530T170100-native-j8/aarch64-unknown-none-softfloat/release/deps/libzerocopy-f0465a348003893d.rmeta -Z unstable-options --cap-lints allow -Clink-arg=-Tlinker.x -Clink-arg=-no-pie -Clink-arg=-znostart-stop-gc"
1780132138.271,32.217,18.271,63955,109.90,1.10,13.74,12,6,1,1,56.20,"/Users/txc/.rustup/toolchains/nightly-2026-04-27-aarch64-apple-darwin/bin/rustc --crate-name derive_more_impl --edition=2021 /Users/txc/.cargo/registry/src/index.crates.io-1949cf8c6b5b557f/derive_more-impl-2.1.1/src/lib.rs --error-format=json --json=diagnostic-rendered-ansi,artifacts,future-incompat --crate-type proc-macro --emit=dep-info,link -C prefer-dynamic -C embed-bitcode=no --warn=unexpected_cfgs --check-cfg cfg(ci) --check-cfg cfg(error_generic_member_access) --check-cfg cfg(nightly) -C debug-assertions=off --cfg feature=""add"" --cfg feature=""add_assign"" --cfg feature=""as_ref"" --cfg feature=""constructor"" --cfg feature=""debug"" --cfg feature=""default"" --cfg feature=""deref"" --cfg feature=""deref_mut"" --cfg feature=""display"" --cfg feature=""eq"" --cfg feature=""error"" --cfg feature=""from"" --cfg feature=""from_str"" --cfg feature=""index"" --cfg feature=""index_mut"" --cfg feature=""into"" --cfg feature=""into_iterator"" --cfg feature=""is_variant"" --cfg feature=""mul"" --cfg feature=""mul_assign"" --cfg feature=""not"" --cfg feature=""sum"" --cfg feature=""try_from"" --cfg feature=""try_into"" --cfg feature=""try_unwrap"" --cfg feature=""unwrap"" --check-cfg cfg(docsrs,test) --check-cfg cfg(feature, values(""add"", ""add_assign"", ""as_ref"", ""constructor"", ""debug"", ""default"", ""deref"", ""deref_mut"", ""display"", ""eq"", ""error"", ""from"", ""from_str"", ""full"", ""index"", ""index_mut"", ""into"", ""into_iterator"", ""is_variant"", ""mul"", ""mul_assign"", ""not"", ""sum"", ""testing-helpers"", ""try_from"", ""try_into"", ""try_unwrap"", ""unwrap"")) -C metadata=ca164a5069998a34 -C extra-filename=-43643e263f188e74 --out-dir /private/tmp/host-starryos-aligned-j8-target-20260530T170100-native-j8/release/deps -C strip=debuginfo -L dependency=/private/tmp/host-starryos-aligned-j8-target-20260530T170100-native-j8/release/deps --extern convert_case=/private/tmp/host-starryos-aligned-j8-target-20260530T170100-native-j8/release/deps/libconvert_case-497b2be19c24db02.rlib --extern proc_macro2=/private/tmp/host-starryos-aligned-j8-target-20260530T170100-native-j8/release/deps/libproc_macro2-db7bb0f61d75eb4e.rlib --extern quote=/private/tmp/host-starryos-aligned-j8-target-20260530T170100-native-j8/release/deps/libquote-cec908a394b3b7dc.rlib --extern syn=/private/tmp/host-starryos-aligned-j8-target-20260530T170100-native-j8/release/deps/libsyn-2898b63a571bd6bb.rlib --extern unicode_xid=/private/tmp/host-starryos-aligned-j8-target-20260530T170100-native-j8/release/deps/libunicode_xid-3ad476388faf7c72.rlib --extern proc_macro --cap-lints allow"
1780132139.323,33.269,19.323,63955,201.20,2.01,25.15,14,7,1,1,86.40,"/Users/txc/.rustup/toolchains/nightly-2026-04-27-aarch64-apple-darwin/bin/rustc --crate-name ax_fs --edition=2024 os/arceos/modules/axfs/src/lib.rs --error-format=json --json=diagnostic-rendered-ansi,artifacts,future-incompat --crate-type lib --emit=dep-info,metadata,link -C opt-level=3 -C linker-plugin-lto --cfg feature=""default"" --check-cfg cfg(docsrs,test) --check-cfg cfg(feature, values(""default"", ""times"", ""use-ramdisk"")) -C metadata=56bae410a7aea83f -C extra-filename=-bc402d3f93b9d677 --out-dir /private/tmp/host-starryos-aligned-j8-target-20260530T170100-native-j8/aarch64-unknown-none-softfloat/release/deps --target aarch64-unknown-none-softfloat -C strip=debuginfo -L dependency=/private/tmp/host-starryos-aligned-j8-target-20260530T170100-native-j8/aarch64-unknown-none-softfloat/release/deps -L dependency=/private/tmp/host-starryos-aligned-j8-target-20260530T170100-native-j8/release/deps --extern noprelude,nounused:alloc=/private/tmp/host-starryos-aligned-j8-target-20260530T170100-native-j8/aarch64-unknown-none-softfloat/release/deps/liballoc-c68a4ab3c84776d3.rmeta --extern ax_cap_access=/private/tmp/host-starryos-aligned-j8-target-20260530T170100-native-j8/aarch64-unknown-none-softfloat/release/deps/libax_cap_access-ba85860b0b8f4ecb.rmeta --extern ax_driver=/private/tmp/host-starryos-aligned-j8-target-20260530T170100-native-j8/aarch64-unknown-none-softfloat/release/deps/libax_driver-ce6f3124ce0e2c89.rmeta --extern ax_errno=/private/tmp/host-starryos-aligned-j8-target-20260530T170100-native-j8/aarch64-unknown-none-softfloat/release/deps/libax_errno-154081d700f1ec9e.rmeta --extern ax_fs_devfs=/private/tmp/host-starryos-aligned-j8-target-20260530T170100-native-j8/aarch64-unknown-none-softfloat/release/deps/libax_fs_devfs-0996745fcbd5ff1f.rmeta --extern ax_fs_ramfs=/private/tmp/host-starryos-aligned-j8-target-20260530T170100-native-j8/aarch64-unknown-none-softfloat/release/deps/libax_fs_ramfs-c31692a8e74a98f7.rmeta --extern ax_fs_vfs=/private/tmp/host-starryos-aligned-j8-target-20260530T170100-native-j8/aarch64-unknown-none-softfloat/release/deps/libax_fs_vfs-a4083aa500f63b7f.rmeta --extern ax_hal=/private/tmp/host-starryos-aligned-j8-target-20260530T170100-native-j8/aarch64-unknown-none-softfloat/release/deps/libax_hal-c88911c63a3c6849.rmeta --extern ax_io=/private/tmp/host-starryos-aligned-j8-target-20260530T170100-native-j8/aarch64-unknown-none-softfloat/release/deps/libax_io-281345aece1e0dc1.rmeta --extern ax_lazyinit=/private/tmp/host-starryos-aligned-j8-target-20260530T170100-native-j8/aarch64-unknown-none-softfloat/release/deps/libax_lazyinit-ce7db22536bba087.rmeta --extern axfatfs=/private/tmp/host-starryos-aligned-j8-target-20260530T170100-native-j8/aarch64-unknown-none-softfloat/release/deps/libaxfatfs-c57f7c1cc00a2ea1.rmeta --extern noprelude,nounused:compiler_builtins=/private/tmp/host-starryos-aligned-j8-target-20260530T170100-native-j8/aarch64-unknown-none-softfloat/release/deps/libcompiler_builtins-fadd5bc9339268c7.rmeta --extern noprelude,nounused:core=/private/tmp/host-starryos-aligned-j8-target-20260530T170100-native-j8/aarch64-unknown-none-softfloat/release/deps/libcore-24028a52cfebc9af.rmeta --extern log=/private/tmp/host-starryos-aligned-j8-target-20260530T170100-native-j8/aarch64-unknown-none-softfloat/release/deps/liblog-46941cba8dbfbda7.rmeta --extern rsext4=/private/tmp/host-starryos-aligned-j8-target-20260530T170100-native-j8/aarch64-unknown-none-softfloat/release/deps/librsext4-b14a43d41f09b790.rmeta --extern spin=/private/tmp/host-starryos-aligned-j8-target-20260530T170100-native-j8/aarch64-unknown-none-softfloat/release/deps/libspin-fb66c554f06db42b.rmeta -Z unstable-options -Clink-arg=-Tlinker.x -Clink-arg=-no-pie -Clink-arg=-znostart-stop-gc -L /private/tmp/host-starryos-aligned-j8-target-20260530T170100-native-j8/aarch64-unknown-none-softfloat/release/build/ax-hal-79fb33ffe0d58464/out"
1780132140.367,34.313,20.367,63955,98.80,0.99,12.35,12,7,1,1,37.20,"/Users/txc/.rustup/toolchains/nightly-2026-04-27-aarch64-apple-darwin/bin/rustc --crate-name tp_lexer --edition=2024 /Users/txc/.cargo/registry/src/index.crates.io-1949cf8c6b5b557f/tp-lexer-0.5.5/src/lib.rs --error-format=json --json=diagnostic-rendered-ansi,artifacts,future-incompat --crate-type lib --emit=dep-info,metadata,link -C opt-level=3 -C linker-plugin-lto --check-cfg cfg(docsrs,test) --check-cfg cfg(feature, values()) -C metadata=6d1f345554f0908e -C extra-filename=-09d3c77b44e4a88e --out-dir /private/tmp/host-starryos-aligned-j8-target-20260530T170100-native-j8/aarch64-unknown-none-softfloat/release/deps --target aarch64-unknown-none-softfloat -C strip=debuginfo -L dependency=/private/tmp/host-starryos-aligned-j8-target-20260530T170100-native-j8/aarch64-unknown-none-softfloat/release/deps -L dependency=/private/tmp/host-starryos-aligned-j8-target-20260530T170100-native-j8/release/deps --extern noprelude,nounused:alloc=/private/tmp/host-starryos-aligned-j8-target-20260530T170100-native-j8/aarch64-unknown-none-softfloat/release/deps/liballoc-c68a4ab3c84776d3.rmeta --extern noprelude,nounused:compiler_builtins=/private/tmp/host-starryos-aligned-j8-target-20260530T170100-native-j8/aarch64-unknown-none-softfloat/release/deps/libcompiler_builtins-fadd5bc9339268c7.rmeta --extern noprelude,nounused:core=/private/tmp/host-starryos-aligned-j8-target-20260530T170100-native-j8/aarch64-unknown-none-softfloat/release/deps/libcore-24028a52cfebc9af.rmeta -Z unstable-options --cap-lints allow -Clink-arg=-Tlinker.x -Clink-arg=-no-pie -Clink-arg=-znostart-stop-gc"
1780132141.414,35.360,21.414,63955,26.80,0.27,3.35,12,6,1,1,15.90,(rustc)
1780132142.450,36.396,22.450,63955,94.00,0.94,11.75,10,5,1,1,87.40,"/Users/txc/.rustup/toolchains/nightly-2026-04-27-aarch64-apple-darwin/bin/rustc --crate-name ax_net_ng --edition=2024 os/arceos/modules/axnet-ng/src/lib.rs --error-format=json --json=diagnostic-rendered-ansi,artifacts,future-incompat --crate-type lib --emit=dep-info,metadata,link -C opt-level=3 -C linker-plugin-lto --cfg feature=""vsock"" --check-cfg cfg(docsrs,test) --check-cfg cfg(feature, values(""vsock"")) -C metadata=7b487a4d5443b4df -C extra-filename=-6377114b128f93fc --out-dir /private/tmp/host-starryos-aligned-j8-target-20260530T170100-native-j8/aarch64-unknown-none-softfloat/release/deps --target aarch64-unknown-none-softfloat -C strip=debuginfo -L dependency=/private/tmp/host-starryos-aligned-j8-target-20260530T170100-native-j8/aarch64-unknown-none-softfloat/release/deps -L dependency=/private/tmp/host-starryos-aligned-j8-target-20260530T170100-native-j8/release/deps --extern noprelude,nounused:alloc=/private/tmp/host-starryos-aligned-j8-target-20260530T170100-native-j8/aarch64-unknown-none-softfloat/release/deps/liballoc-c68a4ab3c84776d3.rmeta --extern async_channel=/private/tmp/host-starryos-aligned-j8-target-20260530T170100-native-j8/aarch64-unknown-none-softfloat/release/deps/libasync_channel-a01c76d23517bdba.rmeta --extern async_trait=/private/tmp/host-starryos-aligned-j8-target-20260530T170100-native-j8/release/deps/libasync_trait-69e4e0e486b451b0.dylib --extern ax_config=/private/tmp/host-starryos-aligned-j8-target-20260530T170100-native-j8/aarch64-unknown-none-softfloat/release/deps/libax_config-9f3632074c315a97.rmeta --extern ax_driver=/private/tmp/host-starryos-aligned-j8-target-20260530T170100-native-j8/aarch64-unknown-none-softfloat/release/deps/libax_driver-ce6f3124ce0e2c89.rmeta --extern ax_errno=/private/tmp/host-starryos-aligned-j8-target-20260530T170100-native-j8/aarch64-unknown-none-softfloat/release/deps/libax_errno-154081d700f1ec9e.rmeta --extern ax_fs_ng=/private/tmp/host-starryos-aligned-j8-target-20260530T170100-native-j8/aarch64-unknown-none-softfloat/release/deps/libax_fs_ng-ea8ffb2902970035.rmeta --extern ax_hal=/private/tmp/host-starryos-aligned-j8-target-20260530T170100-native-j8/aarch64-unknown-none-softfloat/release/deps/libax_hal-c88911c63a3c6849.rmeta --extern ax_io=/private/tmp/host-starryos-aligned-j8-target-20260530T170100-native-j8/aarch64-unknown-none-softfloat/release/deps/libax_io-281345aece1e0dc1.rmeta --extern ax_sync=/private/tmp/host-starryos-aligned-j8-target-20260530T170100-native-j8/aarch64-unknown-none-softfloat/release/deps/libax_sync-814bdc36cb6391fe.rmeta --extern ax_task=/private/tmp/host-starryos-aligned-j8-target-20260530T170100-native-j8/aarch64-unknown-none-softfloat/release/deps/libax_task-c082cf747382d35b.rmeta --extern axfs_ng_vfs=/private/tmp/host-starryos-aligned-j8-target-20260530T170100-native-j8/aarch64-unknown-none-softfloat/release/deps/libaxfs_ng_vfs-4cf7f6f1376e4163.rmeta --extern axpoll=/private/tmp/host-starryos-aligned-j8-target-20260530T170100-native-j8/aarch64-unknown-none-softfloat/release/deps/libaxpoll-cab064486da6bb3a.rmeta --extern bitflags=/private/tmp/host-starryos-aligned-j8-target-20260530T170100-native-j8/aarch64-unknown-none-softfloat/release/deps/libbitflags-b40d3a41ae981966.rmeta --extern cfg_if=/private/tmp/host-starryos-aligned-j8-target-20260530T170100-native-j8/aarch64-unknown-none-softfloat/release/deps/libcfg_if-70e29000d574299d.rmeta --extern noprelude,nounused:compiler_builtins=/private/tmp/host-starryos-aligned-j8-target-20260530T170100-native-j8/aarch64-unknown-none-softfloat/release/deps/libcompiler_builtins-fadd5bc9339268c7.rmeta --extern noprelude,nounused:core=/private/tmp/host-starryos-aligned-j8-target-20260530T170100-native-j8/aarch64-unknown-none-softfloat/release/deps/libcore-24028a52cfebc9af.rmeta --extern enum_dispatch=/private/tmp/host-starryos-aligned-j8-target-20260530T170100-native-j8/release/deps/libenum_dispatch-621e877153440a5f.dylib --extern event_listener=/private/tmp/host-starryos-aligned-j8-target-20260530T170100-native-j8/aarch64-unknown-none-softfloat/release/deps/libevent_listener-1f9aff207de5d614.rmeta --extern hashbrown=/private/tmp/host-starryos-aligned-j8-target-20260530T170100-native-j8/aarch64-unknown-none-softfloat/release/deps/libhashbrown-49097561ffcf0363.rmeta --extern lazy_static=/private/tmp/host-starryos-aligned-j8-target-20260530T170100-native-j8/aarch64-unknown-none-softfloat/release/deps/liblazy_static-08b103175664ddc2.rmeta --extern log=/private/tmp/host-starryos-aligned-j8-target-20260530T170100-native-j8/aarch64-unknown-none-softfloat/release/deps/liblog-46941cba8dbfbda7.rmeta --extern ringbuf=/private/tmp/host-starryos-aligned-j8-target-20260530T170100-native-j8/aarch64-unknown-none-softfloat/release/deps/libringbuf-15016d834f01b7ef.rmeta --extern smoltcp=/private/tmp/host-starryos-aligned-j8-target-20260530T170100-native-j8/aarch64-unknown-none-softfloat/release/deps/libsmoltcp-b6a62d915dd0f096.rmeta --extern spin=/private/tmp/host-starryos-aligned-j8-target-20260530T170100-native-j8/aarch64-unknown-none-softfloat/release/deps/libspin-fb66c554f06db42b.rmeta -Z unstable-options -Clink-arg=-Tlinker.x -Clink-arg=-no-pie -Clink-arg=-znostart-stop-gc -L /private/tmp/host-starryos-aligned-j8-target-20260530T170100-native-j8/aarch64-unknown-none-softfloat/release/build/ax-hal-79fb33ffe0d58464/out"
1780132143.503,37.449,23.503,63955,0.00,0.00,0.00,6,2,1,0,0.00,bash /Users/txc/code/Auto-OS/showtime-2/scripts/run-host-aligned-starryos-oracle.sh
1780132144.536,38.482,24.536,63955,11.30,0.11,1.41,5,1,1,0,10.40,"/Users/txc/.rustup/toolchains/nightly-2026-04-27-aarch64-apple-darwin/bin/rustc --crate-name starry_kernel --edition=2024 os/StarryOS/kernel/src/lib.rs --error-format=json --json=diagnostic-rendered-ansi,artifacts,future-incompat --crate-type lib --emit=dep-info,metadata,link -C opt-level=3 -C linker-plugin-lto --cfg feature=""dev-log"" --cfg feature=""ext4"" --cfg feature=""input"" --cfg feature=""vsock"" --check-cfg cfg(docsrs,test) --check-cfg cfg(feature, values(""default"", ""dev-log"", ""dynamic_debug"", ""ext4"", ""input"", ""kcov"", ""memtrack"", ""plat-dyn"", ""rknpu"", ""sg2002"", ""vsock"")) -C metadata=09c70e61e675b4a0 -C extra-filename=-a4f3e83f09ca1fac --out-dir /private/tmp/host-starryos-aligned-j8-target-20260530T170100-native-j8/aarch64-unknown-none-softfloat/release/deps --target aarch64-unknown-none-softfloat -C strip=debuginfo -L dependency=/private/tmp/host-starryos-aligned-j8-target-20260530T170100-native-j8/aarch64-unknown-none-softfloat/release/deps -L dependency=/private/tmp/host-starryos-aligned-j8-target-20260530T170100-native-j8/release/deps --extern noprelude,nounused:alloc=/private/tmp/host-starryos-aligned-j8-target-20260530T170100-native-j8/aarch64-unknown-none-softfloat/release/deps/liballoc-c68a4ab3c84776d3.rmeta --extern ax_alloc=/private/tmp/host-starryos-aligned-j8-target-20260530T170100-native-j8/aarch64-unknown-none-softfloat/release/deps/libax_alloc-03a242702bccc78f.rmeta --extern ax_config=/private/tmp/host-starryos-aligned-j8-target-20260530T170100-native-j8/aarch64-unknown-none-softfloat/release/deps/libax_config-9f3632074c315a97.rmeta --extern ax_display=/private/tmp/host-starryos-aligned-j8-target-20260530T170100-native-j8/aarch64-unknown-none-softfloat/release/deps/libax_display-76aef02b4f24289f.rmeta --extern ax_driver=/private/tmp/host-starryos-aligned-j8-target-20260530T170100-native-j8/aarch64-unknown-none-softfloat/release/deps/libax_driver-ce6f3124ce0e2c89.rmeta --extern ax_errno=/private/tmp/host-starryos-aligned-j8-target-20260530T170100-native-j8/aarch64-unknown-none-softfloat/release/deps/libax_errno-154081d700f1ec9e.rmeta --extern ax_feat=/private/tmp/host-starryos-aligned-j8-target-20260530T170100-native-j8/aarch64-unknown-none-softfloat/release/deps/libax_feat-9e06dc371d6f4f7e.rmeta --extern ax_fs=/private/tmp/host-starryos-aligned-j8-target-20260530T170100-native-j8/aarch64-unknown-none-softfloat/release/deps/libax_fs_ng-ea8ffb2902970035.rmeta --extern ax_hal=/private/tmp/host-starryos-aligned-j8-target-20260530T170100-native-j8/aarch64-unknown-none-softfloat/release/deps/libax_hal-c88911c63a3c6849.rmeta --extern ax_input=/private/tmp/host-starryos-aligned-j8-target-20260530T170100-native-j8/aarch64-unknown-none-softfloat/release/deps/libax_input-51f1f7fb5590fac1.rmeta --extern ax_io=/private/tmp/host-starryos-aligned-j8-target-20260530T170100-native-j8/aarch64-unknown-none-softfloat/release/deps/libax_io-281345aece1e0dc1.rmeta --extern ax_ipi=/private/tmp/host-starryos-aligned-j8-target-20260530T170100-native-j8/aarch64-unknown-none-softfloat/release/deps/libax_ipi-59456be0c1a5adf6.rmeta --extern ax_kernel_guard=/private/tmp/host-starryos-aligned-j8-target-20260530T170100-native-j8/aarch64-unknown-none-softfloat/release/deps/libax_kernel_guard-48110f9d37c92e0d.rmeta --extern ax_kspin=/private/tmp/host-starryos-aligned-j8-target-20260530T170100-native-j8/aarch64-unknown-none-softfloat/release/deps/libax_kspin-7f23ffbe8e419cf0.rmeta --extern ax_lazyinit=/private/tmp/host-starryos-aligned-j8-target-20260530T170100-native-j8/aarch64-unknown-none-softfloat/release/deps/libax_lazyinit-ce7db22536bba087.rmeta --extern ax_log=/private/tmp/host-starryos-aligned-j8-target-20260530T170100-native-j8/aarch64-unknown-none-softfloat/release/deps/libax_log-35e2a9030c8c412a.rmeta --extern ax_memory_addr=/private/tmp/host-starryos-aligned-j8-target-20260530T170100-native-j8/aarch64-unknown-none-softfloat/release/deps/libax_memory_addr-5fbe6a7a31cdcc28.rmeta --extern ax_memory_set=/private/tmp/host-starryos-aligned-j8-target-20260530T170100-native-j8/aarch64-unknown-none-softfloat/release/deps/libax_memory_set-aa94cf2104f026e3.rmeta --extern ax_mm=/private/tmp/host-starryos-aligned-j8-target-20260530T170100-native-j8/aarch64-unknown-none-softfloat/release/deps/libax_mm-83fae9c35912da38.rmeta --extern axnet=/private/tmp/host-starryos-aligned-j8-target-20260530T170100-native-j8/aarch64-unknown-none-softfloat/release/deps/libax_net_ng-6377114b128f93fc.rmeta --extern ax_percpu=/private/tmp/host-starryos-aligned-j8-target-20260530T170100-native-j8/aarch64-unknown-none-softfloat/release/deps/libax_percpu-e92e29125c3fa843.rmeta --extern ax_runtime=/private/tmp/host-starryos-aligned-j8-target-20260530T170100-native-j8/aarch64-unknown-none-softfloat/release/deps/libax_runtime-78cae83b3aa4ead7.rmeta --extern ax_sync=/private/tmp/host-starryos-aligned-j8-target-20260530T170100-native-j8/aarch64-unknown-none-softfloat/release/deps/libax_sync-814bdc36cb6391fe.rmeta --extern ax_task=/private/tmp/host-starryos-aligned-j8-target-20260530T170100-native-j8/aarch64-unknown-none-softfloat/release/deps/libax_task-c082cf747382d35b.rmeta --extern axbacktrace=/private/tmp/host-starryos-aligned-j8-target-20260530T170100-native-j8/aarch64-unknown-none-softfloat/release/deps/libaxbacktrace-d2ee0314daa0e966.rmeta --extern axfs_ng_vfs=/private/tmp/host-starryos-aligned-j8-target-20260530T170100-native-j8/aarch64-unknown-none-softfloat/release/deps/libaxfs_ng_vfs-4cf7f6f1376e4163.rmeta --extern axpoll=/private/tmp/host-starryos-aligned-j8-target-20260530T170100-native-j8/aarch64-unknown-none-softfloat/release/deps/libaxpoll-cab064486da6bb3a.rmeta --extern bitflags=/private/tmp/host-starryos-aligned-j8-target-20260530T170100-native-j8/aarch64-unknown-none-softfloat/release/deps/libbitflags-b40d3a41ae981966.rmeta --extern bitmaps=/private/tmp/host-starryos-aligned-j8-target-20260530T170100-native-j8/aarch64-unknown-none-softfloat/release/deps/libbitmaps-c11bde86d67ccc86.rmeta --extern bytemuck=/private/tmp/host-starryos-aligned-j8-target-20260530T170100-native-j8/aarch64-unknown-none-softfloat/release/deps/libbytemuck-15a6f44120f3ae6f.rmeta --extern cfg_if=/private/tmp/host-starryos-aligned-j8-target-20260530T170100-native-j8/aarch64-unknown-none-softfloat/release/deps/libcfg_if-70e29000d574299d.rmeta --extern chrono=/private/tmp/host-starryos-aligned-j8-target-20260530T170100-native-j8/aarch64-unknown-none-softfloat/release/deps/libchrono-74fe4398c75daf6d.rmeta --extern noprelude,nounused:compiler_builtins=/private/tmp/host-starryos-aligned-j8-target-20260530T170100-native-j8/aarch64-unknown-none-softfloat/release/deps/libcompiler_builtins-fadd5bc9339268c7.rmeta --extern noprelude,nounused:core=/private/tmp/host-starryos-aligned-j8-target-20260530T170100-native-j8/aarch64-unknown-none-softfloat/release/deps/libcore-24028a52cfebc9af.rmeta --extern ddebug=/private/tmp/host-starryos-aligned-j8-target-20260530T170100-native-j8/aarch64-unknown-none-softfloat/release/deps/libddebug-42fc60da73f423b5.rmeta --extern downcast_rs=/private/tmp/host-starryos-aligned-j8-target-20260530T170100-native-j8/aarch64-unknown-none-softfloat/release/deps/libdowncast_rs-cb0ae7066cd236ab.rmeta --extern enum_dispatch=/private/tmp/host-starryos-aligned-j8-target-20260530T170100-native-j8/release/deps/libenum_dispatch-621e877153440a5f.dylib --extern event_listener=/private/tmp/host-starryos-aligned-j8-target-20260530T170100-native-j8/aarch64-unknown-none-softfloat/release/deps/libevent_listener-1f9aff207de5d614.rmeta --extern extern_trait=/private/tmp/host-starryos-aligned-j8-target-20260530T170100-native-j8/aarch64-unknown-none-softfloat/release/deps/libextern_trait-b7021e236908017d.rmeta --extern flatten_objects=/private/tmp/host-starryos-aligned-j8-target-20260530T170100-native-j8/aarch64-unknown-none-softfloat/release/deps/libflatten_objects-3736f16ed88422d0.rmeta --extern hashbrown=/private/tmp/host-starryos-aligned-j8-target-20260530T170100-native-j8/aarch64-unknown-none-softfloat/release/deps/libhashbrown-49097561ffcf0363.rmeta --extern indoc=/private/tmp/host-starryos-aligned-j8-target-20260530T170100-native-j8/release/deps/libindoc-5e2aaf5d5fb5f76f.dylib --extern inherit_methods_macro=/private/tmp/host-starryos-aligned-j8-target-20260530T170100-native-j8/release/deps/libinherit_methods_macro-069afc4a9c5f695d.dylib --extern kernel_elf_parser=/private/tmp/host-starryos-aligned-j8-target-20260530T170100-native-j8/aarch64-unknown-none-softfloat/release/deps/libkernel_elf_parser-a6dcd177ee8f0e4a.rmeta --extern ktracepoint=/private/tmp/host-starryos-aligned-j8-target-20260530T170100-native-j8/aarch64-unknown-none-softfloat/release/deps/libktracepoint-38bf1f5e2c475c89.rmeta --extern lazy_static=/private/tmp/host-starryos-aligned-j8-target-20260530T170100-native-j8/aarch64-unknown-none-softfloat/release/deps/liblazy_static-08b103175664ddc2.rmeta --extern linux_raw_sys=/private/tmp/host-starryos-aligned-j8-target-20260530T170100-native-j8/aarch64-unknown-none-softfloat/release/deps/liblinux_raw_sys-ef2aab38e568e6d8.rmeta --extern lock_api=/private/tmp/host-starryos-aligned-j8-target-20260530T170100-native-j8/aarch64-unknown-none-softfloat/release/deps/liblock_api-6595b519a8deedf0.rmeta --extern num_enum=/private/tmp/host-starryos-aligned-j8-target-20260530T170100-native-j8/aarch64-unknown-none-softfloat/release/deps/libnum_enum-851261348ab36b87.rmeta --extern ouroboros=/private/tmp/host-starryos-aligned-j8-target-20260530T170100-native-j8/aarch64-unknown-none-softfloat/release/deps/libouroboros-12159d895478de11.rmeta --extern rand=/private/tmp/host-starryos-aligned-j8-target-20260530T170100-native-j8/aarch64-unknown-none-softfloat/release/deps/librand-af50f56628e87451.rmeta --extern ringbuf=/private/tmp/host-starryos-aligned-j8-target-20260530T170100-native-j8/aarch64-unknown-none-softfloat/release/deps/libringbuf-15016d834f01b7ef.rmeta --extern scope_local=/private/tmp/host-starryos-aligned-j8-target-20260530T170100-native-j8/aarch64-unknown-none-softfloat/release/deps/libscope_local-57f25bd7f8458b4a.rmeta --extern slab=/private/tmp/host-starryos-aligned-j8-target-20260530T170100-native-j8/aarch64-unknown-none-softfloat/release/deps/libslab-8b62c9afd1c31434.rmeta --extern spin=/private/tmp/host-starryos-aligned-j8-target-20260530T170100-native-j8/aarch64-unknown-none-softfloat/release/deps/libspin-fb66c554f06db42b.rmeta --extern starry_process=/private/tmp/host-starryos-aligned-j8-target-20260530T170100-native-j8/aarch64-unknown-none-softfloat/release/deps/libstarry_process-29adb9dfcdd8ceca.rmeta --extern starry_signal=/private/tmp/host-starryos-aligned-j8-target-20260530T170100-native-j8/aarch64-unknown-none-softfloat/release/deps/libstarry_signal-1ce94703cd8d3b77.rmeta --extern starry_vm=/private/tmp/host-starryos-aligned-j8-target-20260530T170100-native-j8/aarch64-unknown-none-softfloat/release/deps/libstarry_vm-df32d63d4f8291e1.rmeta --extern static_keys=/private/tmp/host-starryos-aligned-j8-target-20260530T170100-native-j8/aarch64-unknown-none-softfloat/release/deps/libstatic_keys-b989b39b20252fd8.rmeta --extern strum=/private/tmp/host-starryos-aligned-j8-target-20260530T170100-native-j8/aarch64-unknown-none-softfloat/release/deps/libstrum-f6773a0089eac466.rmeta --extern syscalls=/private/tmp/host-starryos-aligned-j8-target-20260530T170100-native-j8/aarch64-unknown-none-softfloat/release/deps/libsyscalls-eeee0d88945bdb8c.rmeta --extern uluru=/private/tmp/host-starryos-aligned-j8-target-20260530T170100-native-j8/aarch64-unknown-none-softfloat/release/deps/libuluru-d615aef3afdc0ce2.rmeta --extern weak_map=/private/tmp/host-starryos-aligned-j8-target-20260530T170100-native-j8/aarch64-unknown-none-softfloat/release/deps/libweak_map-0d8eb1bc4aad2f81.rmeta --extern xmas_elf=/private/tmp/host-starryos-aligned-j8-target-20260530T170100-native-j8/aarch64-unknown-none-softfloat/release/deps/libxmas_elf-9c3f5fca1a0a3d67.rmeta --extern zerocopy=/private/tmp/host-starryos-aligned-j8-target-20260530T170100-native-j8/aarch64-unknown-none-softfloat/release/deps/libzerocopy-f0465a348003893d.rmeta -Z unstable-options -Clink-arg=-Tlinker.x -Clink-arg=-no-pie -Clink-arg=-znostart-stop-gc -L /private/tmp/host-starryos-aligned-j8-target-20260530T170100-native-j8/aarch64-unknown-none-softfloat/release/build/ax-hal-79fb33ffe0d58464/out"
1780132145.567,39.512,25.567,63955,97.90,0.98,12.24,5,1,1,0,97.90,"/Users/txc/.rustup/toolchains/nightly-2026-04-27-aarch64-apple-darwin/bin/rustc --crate-name starry_kernel --edition=2024 os/StarryOS/kernel/src/lib.rs --error-format=json --json=diagnostic-rendered-ansi,artifacts,future-incompat --crate-type lib --emit=dep-info,metadata,link -C opt-level=3 -C linker-plugin-lto --cfg feature=""dev-log"" --cfg feature=""ext4"" --cfg feature=""input"" --cfg feature=""vsock"" --check-cfg cfg(docsrs,test) --check-cfg cfg(feature, values(""default"", ""dev-log"", ""dynamic_debug"", ""ext4"", ""input"", ""kcov"", ""memtrack"", ""plat-dyn"", ""rknpu"", ""sg2002"", ""vsock"")) -C metadata=09c70e61e675b4a0 -C extra-filename=-a4f3e83f09ca1fac --out-dir /private/tmp/host-starryos-aligned-j8-target-20260530T170100-native-j8/aarch64-unknown-none-softfloat/release/deps --target aarch64-unknown-none-softfloat -C strip=debuginfo -L dependency=/private/tmp/host-starryos-aligned-j8-target-20260530T170100-native-j8/aarch64-unknown-none-softfloat/release/deps -L dependency=/private/tmp/host-starryos-aligned-j8-target-20260530T170100-native-j8/release/deps --extern noprelude,nounused:alloc=/private/tmp/host-starryos-aligned-j8-target-20260530T170100-native-j8/aarch64-unknown-none-softfloat/release/deps/liballoc-c68a4ab3c84776d3.rmeta --extern ax_alloc=/private/tmp/host-starryos-aligned-j8-target-20260530T170100-native-j8/aarch64-unknown-none-softfloat/release/deps/libax_alloc-03a242702bccc78f.rmeta --extern ax_config=/private/tmp/host-starryos-aligned-j8-target-20260530T170100-native-j8/aarch64-unknown-none-softfloat/release/deps/libax_config-9f3632074c315a97.rmeta --extern ax_display=/private/tmp/host-starryos-aligned-j8-target-20260530T170100-native-j8/aarch64-unknown-none-softfloat/release/deps/libax_display-76aef02b4f24289f.rmeta --extern ax_driver=/private/tmp/host-starryos-aligned-j8-target-20260530T170100-native-j8/aarch64-unknown-none-softfloat/release/deps/libax_driver-ce6f3124ce0e2c89.rmeta --extern ax_errno=/private/tmp/host-starryos-aligned-j8-target-20260530T170100-native-j8/aarch64-unknown-none-softfloat/release/deps/libax_errno-154081d700f1ec9e.rmeta --extern ax_feat=/private/tmp/host-starryos-aligned-j8-target-20260530T170100-native-j8/aarch64-unknown-none-softfloat/release/deps/libax_feat-9e06dc371d6f4f7e.rmeta --extern ax_fs=/private/tmp/host-starryos-aligned-j8-target-20260530T170100-native-j8/aarch64-unknown-none-softfloat/release/deps/libax_fs_ng-ea8ffb2902970035.rmeta --extern ax_hal=/private/tmp/host-starryos-aligned-j8-target-20260530T170100-native-j8/aarch64-unknown-none-softfloat/release/deps/libax_hal-c88911c63a3c6849.rmeta --extern ax_input=/private/tmp/host-starryos-aligned-j8-target-20260530T170100-native-j8/aarch64-unknown-none-softfloat/release/deps/libax_input-51f1f7fb5590fac1.rmeta --extern ax_io=/private/tmp/host-starryos-aligned-j8-target-20260530T170100-native-j8/aarch64-unknown-none-softfloat/release/deps/libax_io-281345aece1e0dc1.rmeta --extern ax_ipi=/private/tmp/host-starryos-aligned-j8-target-20260530T170100-native-j8/aarch64-unknown-none-softfloat/release/deps/libax_ipi-59456be0c1a5adf6.rmeta --extern ax_kernel_guard=/private/tmp/host-starryos-aligned-j8-target-20260530T170100-native-j8/aarch64-unknown-none-softfloat/release/deps/libax_kernel_guard-48110f9d37c92e0d.rmeta --extern ax_kspin=/private/tmp/host-starryos-aligned-j8-target-20260530T170100-native-j8/aarch64-unknown-none-softfloat/release/deps/libax_kspin-7f23ffbe8e419cf0.rmeta --extern ax_lazyinit=/private/tmp/host-starryos-aligned-j8-target-20260530T170100-native-j8/aarch64-unknown-none-softfloat/release/deps/libax_lazyinit-ce7db22536bba087.rmeta --extern ax_log=/private/tmp/host-starryos-aligned-j8-target-20260530T170100-native-j8/aarch64-unknown-none-softfloat/release/deps/libax_log-35e2a9030c8c412a.rmeta --extern ax_memory_addr=/private/tmp/host-starryos-aligned-j8-target-20260530T170100-native-j8/aarch64-unknown-none-softfloat/release/deps/libax_memory_addr-5fbe6a7a31cdcc28.rmeta --extern ax_memory_set=/private/tmp/host-starryos-aligned-j8-target-20260530T170100-native-j8/aarch64-unknown-none-softfloat/release/deps/libax_memory_set-aa94cf2104f026e3.rmeta --extern ax_mm=/private/tmp/host-starryos-aligned-j8-target-20260530T170100-native-j8/aarch64-unknown-none-softfloat/release/deps/libax_mm-83fae9c35912da38.rmeta --extern axnet=/private/tmp/host-starryos-aligned-j8-target-20260530T170100-native-j8/aarch64-unknown-none-softfloat/release/deps/libax_net_ng-6377114b128f93fc.rmeta --extern ax_percpu=/private/tmp/host-starryos-aligned-j8-target-20260530T170100-native-j8/aarch64-unknown-none-softfloat/release/deps/libax_percpu-e92e29125c3fa843.rmeta --extern ax_runtime=/private/tmp/host-starryos-aligned-j8-target-20260530T170100-native-j8/aarch64-unknown-none-softfloat/release/deps/libax_runtime-78cae83b3aa4ead7.rmeta --extern ax_sync=/private/tmp/host-starryos-aligned-j8-target-20260530T170100-native-j8/aarch64-unknown-none-softfloat/release/deps/libax_sync-814bdc36cb6391fe.rmeta --extern ax_task=/private/tmp/host-starryos-aligned-j8-target-20260530T170100-native-j8/aarch64-unknown-none-softfloat/release/deps/libax_task-c082cf747382d35b.rmeta --extern axbacktrace=/private/tmp/host-starryos-aligned-j8-target-20260530T170100-native-j8/aarch64-unknown-none-softfloat/release/deps/libaxbacktrace-d2ee0314daa0e966.rmeta --extern axfs_ng_vfs=/private/tmp/host-starryos-aligned-j8-target-20260530T170100-native-j8/aarch64-unknown-none-softfloat/release/deps/libaxfs_ng_vfs-4cf7f6f1376e4163.rmeta --extern axpoll=/private/tmp/host-starryos-aligned-j8-target-20260530T170100-native-j8/aarch64-unknown-none-softfloat/release/deps/libaxpoll-cab064486da6bb3a.rmeta --extern bitflags=/private/tmp/host-starryos-aligned-j8-target-20260530T170100-native-j8/aarch64-unknown-none-softfloat/release/deps/libbitflags-b40d3a41ae981966.rmeta --extern bitmaps=/private/tmp/host-starryos-aligned-j8-target-20260530T170100-native-j8/aarch64-unknown-none-softfloat/release/deps/libbitmaps-c11bde86d67ccc86.rmeta --extern bytemuck=/private/tmp/host-starryos-aligned-j8-target-20260530T170100-native-j8/aarch64-unknown-none-softfloat/release/deps/libbytemuck-15a6f44120f3ae6f.rmeta --extern cfg_if=/private/tmp/host-starryos-aligned-j8-target-20260530T170100-native-j8/aarch64-unknown-none-softfloat/release/deps/libcfg_if-70e29000d574299d.rmeta --extern chrono=/private/tmp/host-starryos-aligned-j8-target-20260530T170100-native-j8/aarch64-unknown-none-softfloat/release/deps/libchrono-74fe4398c75daf6d.rmeta --extern noprelude,nounused:compiler_builtins=/private/tmp/host-starryos-aligned-j8-target-20260530T170100-native-j8/aarch64-unknown-none-softfloat/release/deps/libcompiler_builtins-fadd5bc9339268c7.rmeta --extern noprelude,nounused:core=/private/tmp/host-starryos-aligned-j8-target-20260530T170100-native-j8/aarch64-unknown-none-softfloat/release/deps/libcore-24028a52cfebc9af.rmeta --extern ddebug=/private/tmp/host-starryos-aligned-j8-target-20260530T170100-native-j8/aarch64-unknown-none-softfloat/release/deps/libddebug-42fc60da73f423b5.rmeta --extern downcast_rs=/private/tmp/host-starryos-aligned-j8-target-20260530T170100-native-j8/aarch64-unknown-none-softfloat/release/deps/libdowncast_rs-cb0ae7066cd236ab.rmeta --extern enum_dispatch=/private/tmp/host-starryos-aligned-j8-target-20260530T170100-native-j8/release/deps/libenum_dispatch-621e877153440a5f.dylib --extern event_listener=/private/tmp/host-starryos-aligned-j8-target-20260530T170100-native-j8/aarch64-unknown-none-softfloat/release/deps/libevent_listener-1f9aff207de5d614.rmeta --extern extern_trait=/private/tmp/host-starryos-aligned-j8-target-20260530T170100-native-j8/aarch64-unknown-none-softfloat/release/deps/libextern_trait-b7021e236908017d.rmeta --extern flatten_objects=/private/tmp/host-starryos-aligned-j8-target-20260530T170100-native-j8/aarch64-unknown-none-softfloat/release/deps/libflatten_objects-3736f16ed88422d0.rmeta --extern hashbrown=/private/tmp/host-starryos-aligned-j8-target-20260530T170100-native-j8/aarch64-unknown-none-softfloat/release/deps/libhashbrown-49097561ffcf0363.rmeta --extern indoc=/private/tmp/host-starryos-aligned-j8-target-20260530T170100-native-j8/release/deps/libindoc-5e2aaf5d5fb5f76f.dylib --extern inherit_methods_macro=/private/tmp/host-starryos-aligned-j8-target-20260530T170100-native-j8/release/deps/libinherit_methods_macro-069afc4a9c5f695d.dylib --extern kernel_elf_parser=/private/tmp/host-starryos-aligned-j8-target-20260530T170100-native-j8/aarch64-unknown-none-softfloat/release/deps/libkernel_elf_parser-a6dcd177ee8f0e4a.rmeta --extern ktracepoint=/private/tmp/host-starryos-aligned-j8-target-20260530T170100-native-j8/aarch64-unknown-none-softfloat/release/deps/libktracepoint-38bf1f5e2c475c89.rmeta --extern lazy_static=/private/tmp/host-starryos-aligned-j8-target-20260530T170100-native-j8/aarch64-unknown-none-softfloat/release/deps/liblazy_static-08b103175664ddc2.rmeta --extern linux_raw_sys=/private/tmp/host-starryos-aligned-j8-target-20260530T170100-native-j8/aarch64-unknown-none-softfloat/release/deps/liblinux_raw_sys-ef2aab38e568e6d8.rmeta --extern lock_api=/private/tmp/host-starryos-aligned-j8-target-20260530T170100-native-j8/aarch64-unknown-none-softfloat/release/deps/liblock_api-6595b519a8deedf0.rmeta --extern num_enum=/private/tmp/host-starryos-aligned-j8-target-20260530T170100-native-j8/aarch64-unknown-none-softfloat/release/deps/libnum_enum-851261348ab36b87.rmeta --extern ouroboros=/private/tmp/host-starryos-aligned-j8-target-20260530T170100-native-j8/aarch64-unknown-none-softfloat/release/deps/libouroboros-12159d895478de11.rmeta --extern rand=/private/tmp/host-starryos-aligned-j8-target-20260530T170100-native-j8/aarch64-unknown-none-softfloat/release/deps/librand-af50f56628e87451.rmeta --extern ringbuf=/private/tmp/host-starryos-aligned-j8-target-20260530T170100-native-j8/aarch64-unknown-none-softfloat/release/deps/libringbuf-15016d834f01b7ef.rmeta --extern scope_local=/private/tmp/host-starryos-aligned-j8-target-20260530T170100-native-j8/aarch64-unknown-none-softfloat/release/deps/libscope_local-57f25bd7f8458b4a.rmeta --extern slab=/private/tmp/host-starryos-aligned-j8-target-20260530T170100-native-j8/aarch64-unknown-none-softfloat/release/deps/libslab-8b62c9afd1c31434.rmeta --extern spin=/private/tmp/host-starryos-aligned-j8-target-20260530T170100-native-j8/aarch64-unknown-none-softfloat/release/deps/libspin-fb66c554f06db42b.rmeta --extern starry_process=/private/tmp/host-starryos-aligned-j8-target-20260530T170100-native-j8/aarch64-unknown-none-softfloat/release/deps/libstarry_process-29adb9dfcdd8ceca.rmeta --extern starry_signal=/private/tmp/host-starryos-aligned-j8-target-20260530T170100-native-j8/aarch64-unknown-none-softfloat/release/deps/libstarry_signal-1ce94703cd8d3b77.rmeta --extern starry_vm=/private/tmp/host-starryos-aligned-j8-target-20260530T170100-native-j8/aarch64-unknown-none-softfloat/release/deps/libstarry_vm-df32d63d4f8291e1.rmeta --extern static_keys=/private/tmp/host-starryos-aligned-j8-target-20260530T170100-native-j8/aarch64-unknown-none-softfloat/release/deps/libstatic_keys-b989b39b20252fd8.rmeta --extern strum=/private/tmp/host-starryos-aligned-j8-target-20260530T170100-native-j8/aarch64-unknown-none-softfloat/release/deps/libstrum-f6773a0089eac466.rmeta --extern syscalls=/private/tmp/host-starryos-aligned-j8-target-20260530T170100-native-j8/aarch64-unknown-none-softfloat/release/deps/libsyscalls-eeee0d88945bdb8c.rmeta --extern uluru=/private/tmp/host-starryos-aligned-j8-target-20260530T170100-native-j8/aarch64-unknown-none-softfloat/release/deps/libuluru-d615aef3afdc0ce2.rmeta --extern weak_map=/private/tmp/host-starryos-aligned-j8-target-20260530T170100-native-j8/aarch64-unknown-none-softfloat/release/deps/libweak_map-0d8eb1bc4aad2f81.rmeta --extern xmas_elf=/private/tmp/host-starryos-aligned-j8-target-20260530T170100-native-j8/aarch64-unknown-none-softfloat/release/deps/libxmas_elf-9c3f5fca1a0a3d67.rmeta --extern zerocopy=/private/tmp/host-starryos-aligned-j8-target-20260530T170100-native-j8/aarch64-unknown-none-softfloat/release/deps/libzerocopy-f0465a348003893d.rmeta -Z unstable-options -Clink-arg=-Tlinker.x -Clink-arg=-no-pie -Clink-arg=-znostart-stop-gc -L /private/tmp/host-starryos-aligned-j8-target-20260530T170100-native-j8/aarch64-unknown-none-softfloat/release/build/ax-hal-79fb33ffe0d58464/out"
1780132146.608,40.554,26.608,63955,137.70,1.38,17.21,5,1,1,0,137.70,"/Users/txc/.rustup/toolchains/nightly-2026-04-27-aarch64-apple-darwin/bin/rustc --crate-name starry_kernel --edition=2024 os/StarryOS/kernel/src/lib.rs --error-format=json --json=diagnostic-rendered-ansi,artifacts,future-incompat --crate-type lib --emit=dep-info,metadata,link -C opt-level=3 -C linker-plugin-lto --cfg feature=""dev-log"" --cfg feature=""ext4"" --cfg feature=""input"" --cfg feature=""vsock"" --check-cfg cfg(docsrs,test) --check-cfg cfg(feature, values(""default"", ""dev-log"", ""dynamic_debug"", ""ext4"", ""input"", ""kcov"", ""memtrack"", ""plat-dyn"", ""rknpu"", ""sg2002"", ""vsock"")) -C metadata=09c70e61e675b4a0 -C extra-filename=-a4f3e83f09ca1fac --out-dir /private/tmp/host-starryos-aligned-j8-target-20260530T170100-native-j8/aarch64-unknown-none-softfloat/release/deps --target aarch64-unknown-none-softfloat -C strip=debuginfo -L dependency=/private/tmp/host-starryos-aligned-j8-target-20260530T170100-native-j8/aarch64-unknown-none-softfloat/release/deps -L dependency=/private/tmp/host-starryos-aligned-j8-target-20260530T170100-native-j8/release/deps --extern noprelude,nounused:alloc=/private/tmp/host-starryos-aligned-j8-target-20260530T170100-native-j8/aarch64-unknown-none-softfloat/release/deps/liballoc-c68a4ab3c84776d3.rmeta --extern ax_alloc=/private/tmp/host-starryos-aligned-j8-target-20260530T170100-native-j8/aarch64-unknown-none-softfloat/release/deps/libax_alloc-03a242702bccc78f.rmeta --extern ax_config=/private/tmp/host-starryos-aligned-j8-target-20260530T170100-native-j8/aarch64-unknown-none-softfloat/release/deps/libax_config-9f3632074c315a97.rmeta --extern ax_display=/private/tmp/host-starryos-aligned-j8-target-20260530T170100-native-j8/aarch64-unknown-none-softfloat/release/deps/libax_display-76aef02b4f24289f.rmeta --extern ax_driver=/private/tmp/host-starryos-aligned-j8-target-20260530T170100-native-j8/aarch64-unknown-none-softfloat/release/deps/libax_driver-ce6f3124ce0e2c89.rmeta --extern ax_errno=/private/tmp/host-starryos-aligned-j8-target-20260530T170100-native-j8/aarch64-unknown-none-softfloat/release/deps/libax_errno-154081d700f1ec9e.rmeta --extern ax_feat=/private/tmp/host-starryos-aligned-j8-target-20260530T170100-native-j8/aarch64-unknown-none-softfloat/release/deps/libax_feat-9e06dc371d6f4f7e.rmeta --extern ax_fs=/private/tmp/host-starryos-aligned-j8-target-20260530T170100-native-j8/aarch64-unknown-none-softfloat/release/deps/libax_fs_ng-ea8ffb2902970035.rmeta --extern ax_hal=/private/tmp/host-starryos-aligned-j8-target-20260530T170100-native-j8/aarch64-unknown-none-softfloat/release/deps/libax_hal-c88911c63a3c6849.rmeta --extern ax_input=/private/tmp/host-starryos-aligned-j8-target-20260530T170100-native-j8/aarch64-unknown-none-softfloat/release/deps/libax_input-51f1f7fb5590fac1.rmeta --extern ax_io=/private/tmp/host-starryos-aligned-j8-target-20260530T170100-native-j8/aarch64-unknown-none-softfloat/release/deps/libax_io-281345aece1e0dc1.rmeta --extern ax_ipi=/private/tmp/host-starryos-aligned-j8-target-20260530T170100-native-j8/aarch64-unknown-none-softfloat/release/deps/libax_ipi-59456be0c1a5adf6.rmeta --extern ax_kernel_guard=/private/tmp/host-starryos-aligned-j8-target-20260530T170100-native-j8/aarch64-unknown-none-softfloat/release/deps/libax_kernel_guard-48110f9d37c92e0d.rmeta --extern ax_kspin=/private/tmp/host-starryos-aligned-j8-target-20260530T170100-native-j8/aarch64-unknown-none-softfloat/release/deps/libax_kspin-7f23ffbe8e419cf0.rmeta --extern ax_lazyinit=/private/tmp/host-starryos-aligned-j8-target-20260530T170100-native-j8/aarch64-unknown-none-softfloat/release/deps/libax_lazyinit-ce7db22536bba087.rmeta --extern ax_log=/private/tmp/host-starryos-aligned-j8-target-20260530T170100-native-j8/aarch64-unknown-none-softfloat/release/deps/libax_log-35e2a9030c8c412a.rmeta --extern ax_memory_addr=/private/tmp/host-starryos-aligned-j8-target-20260530T170100-native-j8/aarch64-unknown-none-softfloat/release/deps/libax_memory_addr-5fbe6a7a31cdcc28.rmeta --extern ax_memory_set=/private/tmp/host-starryos-aligned-j8-target-20260530T170100-native-j8/aarch64-unknown-none-softfloat/release/deps/libax_memory_set-aa94cf2104f026e3.rmeta --extern ax_mm=/private/tmp/host-starryos-aligned-j8-target-20260530T170100-native-j8/aarch64-unknown-none-softfloat/release/deps/libax_mm-83fae9c35912da38.rmeta --extern axnet=/private/tmp/host-starryos-aligned-j8-target-20260530T170100-native-j8/aarch64-unknown-none-softfloat/release/deps/libax_net_ng-6377114b128f93fc.rmeta --extern ax_percpu=/private/tmp/host-starryos-aligned-j8-target-20260530T170100-native-j8/aarch64-unknown-none-softfloat/release/deps/libax_percpu-e92e29125c3fa843.rmeta --extern ax_runtime=/private/tmp/host-starryos-aligned-j8-target-20260530T170100-native-j8/aarch64-unknown-none-softfloat/release/deps/libax_runtime-78cae83b3aa4ead7.rmeta --extern ax_sync=/private/tmp/host-starryos-aligned-j8-target-20260530T170100-native-j8/aarch64-unknown-none-softfloat/release/deps/libax_sync-814bdc36cb6391fe.rmeta --extern ax_task=/private/tmp/host-starryos-aligned-j8-target-20260530T170100-native-j8/aarch64-unknown-none-softfloat/release/deps/libax_task-c082cf747382d35b.rmeta --extern axbacktrace=/private/tmp/host-starryos-aligned-j8-target-20260530T170100-native-j8/aarch64-unknown-none-softfloat/release/deps/libaxbacktrace-d2ee0314daa0e966.rmeta --extern axfs_ng_vfs=/private/tmp/host-starryos-aligned-j8-target-20260530T170100-native-j8/aarch64-unknown-none-softfloat/release/deps/libaxfs_ng_vfs-4cf7f6f1376e4163.rmeta --extern axpoll=/private/tmp/host-starryos-aligned-j8-target-20260530T170100-native-j8/aarch64-unknown-none-softfloat/release/deps/libaxpoll-cab064486da6bb3a.rmeta --extern bitflags=/private/tmp/host-starryos-aligned-j8-target-20260530T170100-native-j8/aarch64-unknown-none-softfloat/release/deps/libbitflags-b40d3a41ae981966.rmeta --extern bitmaps=/private/tmp/host-starryos-aligned-j8-target-20260530T170100-native-j8/aarch64-unknown-none-softfloat/release/deps/libbitmaps-c11bde86d67ccc86.rmeta --extern bytemuck=/private/tmp/host-starryos-aligned-j8-target-20260530T170100-native-j8/aarch64-unknown-none-softfloat/release/deps/libbytemuck-15a6f44120f3ae6f.rmeta --extern cfg_if=/private/tmp/host-starryos-aligned-j8-target-20260530T170100-native-j8/aarch64-unknown-none-softfloat/release/deps/libcfg_if-70e29000d574299d.rmeta --extern chrono=/private/tmp/host-starryos-aligned-j8-target-20260530T170100-native-j8/aarch64-unknown-none-softfloat/release/deps/libchrono-74fe4398c75daf6d.rmeta --extern noprelude,nounused:compiler_builtins=/private/tmp/host-starryos-aligned-j8-target-20260530T170100-native-j8/aarch64-unknown-none-softfloat/release/deps/libcompiler_builtins-fadd5bc9339268c7.rmeta --extern noprelude,nounused:core=/private/tmp/host-starryos-aligned-j8-target-20260530T170100-native-j8/aarch64-unknown-none-softfloat/release/deps/libcore-24028a52cfebc9af.rmeta --extern ddebug=/private/tmp/host-starryos-aligned-j8-target-20260530T170100-native-j8/aarch64-unknown-none-softfloat/release/deps/libddebug-42fc60da73f423b5.rmeta --extern downcast_rs=/private/tmp/host-starryos-aligned-j8-target-20260530T170100-native-j8/aarch64-unknown-none-softfloat/release/deps/libdowncast_rs-cb0ae7066cd236ab.rmeta --extern enum_dispatch=/private/tmp/host-starryos-aligned-j8-target-20260530T170100-native-j8/release/deps/libenum_dispatch-621e877153440a5f.dylib --extern event_listener=/private/tmp/host-starryos-aligned-j8-target-20260530T170100-native-j8/aarch64-unknown-none-softfloat/release/deps/libevent_listener-1f9aff207de5d614.rmeta --extern extern_trait=/private/tmp/host-starryos-aligned-j8-target-20260530T170100-native-j8/aarch64-unknown-none-softfloat/release/deps/libextern_trait-b7021e236908017d.rmeta --extern flatten_objects=/private/tmp/host-starryos-aligned-j8-target-20260530T170100-native-j8/aarch64-unknown-none-softfloat/release/deps/libflatten_objects-3736f16ed88422d0.rmeta --extern hashbrown=/private/tmp/host-starryos-aligned-j8-target-20260530T170100-native-j8/aarch64-unknown-none-softfloat/release/deps/libhashbrown-49097561ffcf0363.rmeta --extern indoc=/private/tmp/host-starryos-aligned-j8-target-20260530T170100-native-j8/release/deps/libindoc-5e2aaf5d5fb5f76f.dylib --extern inherit_methods_macro=/private/tmp/host-starryos-aligned-j8-target-20260530T170100-native-j8/release/deps/libinherit_methods_macro-069afc4a9c5f695d.dylib --extern kernel_elf_parser=/private/tmp/host-starryos-aligned-j8-target-20260530T170100-native-j8/aarch64-unknown-none-softfloat/release/deps/libkernel_elf_parser-a6dcd177ee8f0e4a.rmeta --extern ktracepoint=/private/tmp/host-starryos-aligned-j8-target-20260530T170100-native-j8/aarch64-unknown-none-softfloat/release/deps/libktracepoint-38bf1f5e2c475c89.rmeta --extern lazy_static=/private/tmp/host-starryos-aligned-j8-target-20260530T170100-native-j8/aarch64-unknown-none-softfloat/release/deps/liblazy_static-08b103175664ddc2.rmeta --extern linux_raw_sys=/private/tmp/host-starryos-aligned-j8-target-20260530T170100-native-j8/aarch64-unknown-none-softfloat/release/deps/liblinux_raw_sys-ef2aab38e568e6d8.rmeta --extern lock_api=/private/tmp/host-starryos-aligned-j8-target-20260530T170100-native-j8/aarch64-unknown-none-softfloat/release/deps/liblock_api-6595b519a8deedf0.rmeta --extern num_enum=/private/tmp/host-starryos-aligned-j8-target-20260530T170100-native-j8/aarch64-unknown-none-softfloat/release/deps/libnum_enum-851261348ab36b87.rmeta --extern ouroboros=/private/tmp/host-starryos-aligned-j8-target-20260530T170100-native-j8/aarch64-unknown-none-softfloat/release/deps/libouroboros-12159d895478de11.rmeta --extern rand=/private/tmp/host-starryos-aligned-j8-target-20260530T170100-native-j8/aarch64-unknown-none-softfloat/release/deps/librand-af50f56628e87451.rmeta --extern ringbuf=/private/tmp/host-starryos-aligned-j8-target-20260530T170100-native-j8/aarch64-unknown-none-softfloat/release/deps/libringbuf-15016d834f01b7ef.rmeta --extern scope_local=/private/tmp/host-starryos-aligned-j8-target-20260530T170100-native-j8/aarch64-unknown-none-softfloat/release/deps/libscope_local-57f25bd7f8458b4a.rmeta --extern slab=/private/tmp/host-starryos-aligned-j8-target-20260530T170100-native-j8/aarch64-unknown-none-softfloat/release/deps/libslab-8b62c9afd1c31434.rmeta --extern spin=/private/tmp/host-starryos-aligned-j8-target-20260530T170100-native-j8/aarch64-unknown-none-softfloat/release/deps/libspin-fb66c554f06db42b.rmeta --extern starry_process=/private/tmp/host-starryos-aligned-j8-target-20260530T170100-native-j8/aarch64-unknown-none-softfloat/release/deps/libstarry_process-29adb9dfcdd8ceca.rmeta --extern starry_signal=/private/tmp/host-starryos-aligned-j8-target-20260530T170100-native-j8/aarch64-unknown-none-softfloat/release/deps/libstarry_signal-1ce94703cd8d3b77.rmeta --extern starry_vm=/private/tmp/host-starryos-aligned-j8-target-20260530T170100-native-j8/aarch64-unknown-none-softfloat/release/deps/libstarry_vm-df32d63d4f8291e1.rmeta --extern static_keys=/private/tmp/host-starryos-aligned-j8-target-20260530T170100-native-j8/aarch64-unknown-none-softfloat/release/deps/libstatic_keys-b989b39b20252fd8.rmeta --extern strum=/private/tmp/host-starryos-aligned-j8-target-20260530T170100-native-j8/aarch64-unknown-none-softfloat/release/deps/libstrum-f6773a0089eac466.rmeta --extern syscalls=/private/tmp/host-starryos-aligned-j8-target-20260530T170100-native-j8/aarch64-unknown-none-softfloat/release/deps/libsyscalls-eeee0d88945bdb8c.rmeta --extern uluru=/private/tmp/host-starryos-aligned-j8-target-20260530T170100-native-j8/aarch64-unknown-none-softfloat/release/deps/libuluru-d615aef3afdc0ce2.rmeta --extern weak_map=/private/tmp/host-starryos-aligned-j8-target-20260530T170100-native-j8/aarch64-unknown-none-softfloat/release/deps/libweak_map-0d8eb1bc4aad2f81.rmeta --extern xmas_elf=/private/tmp/host-starryos-aligned-j8-target-20260530T170100-native-j8/aarch64-unknown-none-softfloat/release/deps/libxmas_elf-9c3f5fca1a0a3d67.rmeta --extern zerocopy=/private/tmp/host-starryos-aligned-j8-target-20260530T170100-native-j8/aarch64-unknown-none-softfloat/release/deps/libzerocopy-f0465a348003893d.rmeta -Z unstable-options -Clink-arg=-Tlinker.x -Clink-arg=-no-pie -Clink-arg=-znostart-stop-gc -L /private/tmp/host-starryos-aligned-j8-target-20260530T170100-native-j8/aarch64-unknown-none-softfloat/release/build/ax-hal-79fb33ffe0d58464/out"
1780132147.642,41.588,27.642,63955,112.80,1.13,14.10,5,1,1,0,112.80,"/Users/txc/.rustup/toolchains/nightly-2026-04-27-aarch64-apple-darwin/bin/rustc --crate-name starry_kernel --edition=2024 os/StarryOS/kernel/src/lib.rs --error-format=json --json=diagnostic-rendered-ansi,artifacts,future-incompat --crate-type lib --emit=dep-info,metadata,link -C opt-level=3 -C linker-plugin-lto --cfg feature=""dev-log"" --cfg feature=""ext4"" --cfg feature=""input"" --cfg feature=""vsock"" --check-cfg cfg(docsrs,test) --check-cfg cfg(feature, values(""default"", ""dev-log"", ""dynamic_debug"", ""ext4"", ""input"", ""kcov"", ""memtrack"", ""plat-dyn"", ""rknpu"", ""sg2002"", ""vsock"")) -C metadata=09c70e61e675b4a0 -C extra-filename=-a4f3e83f09ca1fac --out-dir /private/tmp/host-starryos-aligned-j8-target-20260530T170100-native-j8/aarch64-unknown-none-softfloat/release/deps --target aarch64-unknown-none-softfloat -C strip=debuginfo -L dependency=/private/tmp/host-starryos-aligned-j8-target-20260530T170100-native-j8/aarch64-unknown-none-softfloat/release/deps -L dependency=/private/tmp/host-starryos-aligned-j8-target-20260530T170100-native-j8/release/deps --extern noprelude,nounused:alloc=/private/tmp/host-starryos-aligned-j8-target-20260530T170100-native-j8/aarch64-unknown-none-softfloat/release/deps/liballoc-c68a4ab3c84776d3.rmeta --extern ax_alloc=/private/tmp/host-starryos-aligned-j8-target-20260530T170100-native-j8/aarch64-unknown-none-softfloat/release/deps/libax_alloc-03a242702bccc78f.rmeta --extern ax_config=/private/tmp/host-starryos-aligned-j8-target-20260530T170100-native-j8/aarch64-unknown-none-softfloat/release/deps/libax_config-9f3632074c315a97.rmeta --extern ax_display=/private/tmp/host-starryos-aligned-j8-target-20260530T170100-native-j8/aarch64-unknown-none-softfloat/release/deps/libax_display-76aef02b4f24289f.rmeta --extern ax_driver=/private/tmp/host-starryos-aligned-j8-target-20260530T170100-native-j8/aarch64-unknown-none-softfloat/release/deps/libax_driver-ce6f3124ce0e2c89.rmeta --extern ax_errno=/private/tmp/host-starryos-aligned-j8-target-20260530T170100-native-j8/aarch64-unknown-none-softfloat/release/deps/libax_errno-154081d700f1ec9e.rmeta --extern ax_feat=/private/tmp/host-starryos-aligned-j8-target-20260530T170100-native-j8/aarch64-unknown-none-softfloat/release/deps/libax_feat-9e06dc371d6f4f7e.rmeta --extern ax_fs=/private/tmp/host-starryos-aligned-j8-target-20260530T170100-native-j8/aarch64-unknown-none-softfloat/release/deps/libax_fs_ng-ea8ffb2902970035.rmeta --extern ax_hal=/private/tmp/host-starryos-aligned-j8-target-20260530T170100-native-j8/aarch64-unknown-none-softfloat/release/deps/libax_hal-c88911c63a3c6849.rmeta --extern ax_input=/private/tmp/host-starryos-aligned-j8-target-20260530T170100-native-j8/aarch64-unknown-none-softfloat/release/deps/libax_input-51f1f7fb5590fac1.rmeta --extern ax_io=/private/tmp/host-starryos-aligned-j8-target-20260530T170100-native-j8/aarch64-unknown-none-softfloat/release/deps/libax_io-281345aece1e0dc1.rmeta --extern ax_ipi=/private/tmp/host-starryos-aligned-j8-target-20260530T170100-native-j8/aarch64-unknown-none-softfloat/release/deps/libax_ipi-59456be0c1a5adf6.rmeta --extern ax_kernel_guard=/private/tmp/host-starryos-aligned-j8-target-20260530T170100-native-j8/aarch64-unknown-none-softfloat/release/deps/libax_kernel_guard-48110f9d37c92e0d.rmeta --extern ax_kspin=/private/tmp/host-starryos-aligned-j8-target-20260530T170100-native-j8/aarch64-unknown-none-softfloat/release/deps/libax_kspin-7f23ffbe8e419cf0.rmeta --extern ax_lazyinit=/private/tmp/host-starryos-aligned-j8-target-20260530T170100-native-j8/aarch64-unknown-none-softfloat/release/deps/libax_lazyinit-ce7db22536bba087.rmeta --extern ax_log=/private/tmp/host-starryos-aligned-j8-target-20260530T170100-native-j8/aarch64-unknown-none-softfloat/release/deps/libax_log-35e2a9030c8c412a.rmeta --extern ax_memory_addr=/private/tmp/host-starryos-aligned-j8-target-20260530T170100-native-j8/aarch64-unknown-none-softfloat/release/deps/libax_memory_addr-5fbe6a7a31cdcc28.rmeta --extern ax_memory_set=/private/tmp/host-starryos-aligned-j8-target-20260530T170100-native-j8/aarch64-unknown-none-softfloat/release/deps/libax_memory_set-aa94cf2104f026e3.rmeta --extern ax_mm=/private/tmp/host-starryos-aligned-j8-target-20260530T170100-native-j8/aarch64-unknown-none-softfloat/release/deps/libax_mm-83fae9c35912da38.rmeta --extern axnet=/private/tmp/host-starryos-aligned-j8-target-20260530T170100-native-j8/aarch64-unknown-none-softfloat/release/deps/libax_net_ng-6377114b128f93fc.rmeta --extern ax_percpu=/private/tmp/host-starryos-aligned-j8-target-20260530T170100-native-j8/aarch64-unknown-none-softfloat/release/deps/libax_percpu-e92e29125c3fa843.rmeta --extern ax_runtime=/private/tmp/host-starryos-aligned-j8-target-20260530T170100-native-j8/aarch64-unknown-none-softfloat/release/deps/libax_runtime-78cae83b3aa4ead7.rmeta --extern ax_sync=/private/tmp/host-starryos-aligned-j8-target-20260530T170100-native-j8/aarch64-unknown-none-softfloat/release/deps/libax_sync-814bdc36cb6391fe.rmeta --extern ax_task=/private/tmp/host-starryos-aligned-j8-target-20260530T170100-native-j8/aarch64-unknown-none-softfloat/release/deps/libax_task-c082cf747382d35b.rmeta --extern axbacktrace=/private/tmp/host-starryos-aligned-j8-target-20260530T170100-native-j8/aarch64-unknown-none-softfloat/release/deps/libaxbacktrace-d2ee0314daa0e966.rmeta --extern axfs_ng_vfs=/private/tmp/host-starryos-aligned-j8-target-20260530T170100-native-j8/aarch64-unknown-none-softfloat/release/deps/libaxfs_ng_vfs-4cf7f6f1376e4163.rmeta --extern axpoll=/private/tmp/host-starryos-aligned-j8-target-20260530T170100-native-j8/aarch64-unknown-none-softfloat/release/deps/libaxpoll-cab064486da6bb3a.rmeta --extern bitflags=/private/tmp/host-starryos-aligned-j8-target-20260530T170100-native-j8/aarch64-unknown-none-softfloat/release/deps/libbitflags-b40d3a41ae981966.rmeta --extern bitmaps=/private/tmp/host-starryos-aligned-j8-target-20260530T170100-native-j8/aarch64-unknown-none-softfloat/release/deps/libbitmaps-c11bde86d67ccc86.rmeta --extern bytemuck=/private/tmp/host-starryos-aligned-j8-target-20260530T170100-native-j8/aarch64-unknown-none-softfloat/release/deps/libbytemuck-15a6f44120f3ae6f.rmeta --extern cfg_if=/private/tmp/host-starryos-aligned-j8-target-20260530T170100-native-j8/aarch64-unknown-none-softfloat/release/deps/libcfg_if-70e29000d574299d.rmeta --extern chrono=/private/tmp/host-starryos-aligned-j8-target-20260530T170100-native-j8/aarch64-unknown-none-softfloat/release/deps/libchrono-74fe4398c75daf6d.rmeta --extern noprelude,nounused:compiler_builtins=/private/tmp/host-starryos-aligned-j8-target-20260530T170100-native-j8/aarch64-unknown-none-softfloat/release/deps/libcompiler_builtins-fadd5bc9339268c7.rmeta --extern noprelude,nounused:core=/private/tmp/host-starryos-aligned-j8-target-20260530T170100-native-j8/aarch64-unknown-none-softfloat/release/deps/libcore-24028a52cfebc9af.rmeta --extern ddebug=/private/tmp/host-starryos-aligned-j8-target-20260530T170100-native-j8/aarch64-unknown-none-softfloat/release/deps/libddebug-42fc60da73f423b5.rmeta --extern downcast_rs=/private/tmp/host-starryos-aligned-j8-target-20260530T170100-native-j8/aarch64-unknown-none-softfloat/release/deps/libdowncast_rs-cb0ae7066cd236ab.rmeta --extern enum_dispatch=/private/tmp/host-starryos-aligned-j8-target-20260530T170100-native-j8/release/deps/libenum_dispatch-621e877153440a5f.dylib --extern event_listener=/private/tmp/host-starryos-aligned-j8-target-20260530T170100-native-j8/aarch64-unknown-none-softfloat/release/deps/libevent_listener-1f9aff207de5d614.rmeta --extern extern_trait=/private/tmp/host-starryos-aligned-j8-target-20260530T170100-native-j8/aarch64-unknown-none-softfloat/release/deps/libextern_trait-b7021e236908017d.rmeta --extern flatten_objects=/private/tmp/host-starryos-aligned-j8-target-20260530T170100-native-j8/aarch64-unknown-none-softfloat/release/deps/libflatten_objects-3736f16ed88422d0.rmeta --extern hashbrown=/private/tmp/host-starryos-aligned-j8-target-20260530T170100-native-j8/aarch64-unknown-none-softfloat/release/deps/libhashbrown-49097561ffcf0363.rmeta --extern indoc=/private/tmp/host-starryos-aligned-j8-target-20260530T170100-native-j8/release/deps/libindoc-5e2aaf5d5fb5f76f.dylib --extern inherit_methods_macro=/private/tmp/host-starryos-aligned-j8-target-20260530T170100-native-j8/release/deps/libinherit_methods_macro-069afc4a9c5f695d.dylib --extern kernel_elf_parser=/private/tmp/host-starryos-aligned-j8-target-20260530T170100-native-j8/aarch64-unknown-none-softfloat/release/deps/libkernel_elf_parser-a6dcd177ee8f0e4a.rmeta --extern ktracepoint=/private/tmp/host-starryos-aligned-j8-target-20260530T170100-native-j8/aarch64-unknown-none-softfloat/release/deps/libktracepoint-38bf1f5e2c475c89.rmeta --extern lazy_static=/private/tmp/host-starryos-aligned-j8-target-20260530T170100-native-j8/aarch64-unknown-none-softfloat/release/deps/liblazy_static-08b103175664ddc2.rmeta --extern linux_raw_sys=/private/tmp/host-starryos-aligned-j8-target-20260530T170100-native-j8/aarch64-unknown-none-softfloat/release/deps/liblinux_raw_sys-ef2aab38e568e6d8.rmeta --extern lock_api=/private/tmp/host-starryos-aligned-j8-target-20260530T170100-native-j8/aarch64-unknown-none-softfloat/release/deps/liblock_api-6595b519a8deedf0.rmeta --extern num_enum=/private/tmp/host-starryos-aligned-j8-target-20260530T170100-native-j8/aarch64-unknown-none-softfloat/release/deps/libnum_enum-851261348ab36b87.rmeta --extern ouroboros=/private/tmp/host-starryos-aligned-j8-target-20260530T170100-native-j8/aarch64-unknown-none-softfloat/release/deps/libouroboros-12159d895478de11.rmeta --extern rand=/private/tmp/host-starryos-aligned-j8-target-20260530T170100-native-j8/aarch64-unknown-none-softfloat/release/deps/librand-af50f56628e87451.rmeta --extern ringbuf=/private/tmp/host-starryos-aligned-j8-target-20260530T170100-native-j8/aarch64-unknown-none-softfloat/release/deps/libringbuf-15016d834f01b7ef.rmeta --extern scope_local=/private/tmp/host-starryos-aligned-j8-target-20260530T170100-native-j8/aarch64-unknown-none-softfloat/release/deps/libscope_local-57f25bd7f8458b4a.rmeta --extern slab=/private/tmp/host-starryos-aligned-j8-target-20260530T170100-native-j8/aarch64-unknown-none-softfloat/release/deps/libslab-8b62c9afd1c31434.rmeta --extern spin=/private/tmp/host-starryos-aligned-j8-target-20260530T170100-native-j8/aarch64-unknown-none-softfloat/release/deps/libspin-fb66c554f06db42b.rmeta --extern starry_process=/private/tmp/host-starryos-aligned-j8-target-20260530T170100-native-j8/aarch64-unknown-none-softfloat/release/deps/libstarry_process-29adb9dfcdd8ceca.rmeta --extern starry_signal=/private/tmp/host-starryos-aligned-j8-target-20260530T170100-native-j8/aarch64-unknown-none-softfloat/release/deps/libstarry_signal-1ce94703cd8d3b77.rmeta --extern starry_vm=/private/tmp/host-starryos-aligned-j8-target-20260530T170100-native-j8/aarch64-unknown-none-softfloat/release/deps/libstarry_vm-df32d63d4f8291e1.rmeta --extern static_keys=/private/tmp/host-starryos-aligned-j8-target-20260530T170100-native-j8/aarch64-unknown-none-softfloat/release/deps/libstatic_keys-b989b39b20252fd8.rmeta --extern strum=/private/tmp/host-starryos-aligned-j8-target-20260530T170100-native-j8/aarch64-unknown-none-softfloat/release/deps/libstrum-f6773a0089eac466.rmeta --extern syscalls=/private/tmp/host-starryos-aligned-j8-target-20260530T170100-native-j8/aarch64-unknown-none-softfloat/release/deps/libsyscalls-eeee0d88945bdb8c.rmeta --extern uluru=/private/tmp/host-starryos-aligned-j8-target-20260530T170100-native-j8/aarch64-unknown-none-softfloat/release/deps/libuluru-d615aef3afdc0ce2.rmeta --extern weak_map=/private/tmp/host-starryos-aligned-j8-target-20260530T170100-native-j8/aarch64-unknown-none-softfloat/release/deps/libweak_map-0d8eb1bc4aad2f81.rmeta --extern xmas_elf=/private/tmp/host-starryos-aligned-j8-target-20260530T170100-native-j8/aarch64-unknown-none-softfloat/release/deps/libxmas_elf-9c3f5fca1a0a3d67.rmeta --extern zerocopy=/private/tmp/host-starryos-aligned-j8-target-20260530T170100-native-j8/aarch64-unknown-none-softfloat/release/deps/libzerocopy-f0465a348003893d.rmeta -Z unstable-options -Clink-arg=-Tlinker.x -Clink-arg=-no-pie -Clink-arg=-znostart-stop-gc -L /private/tmp/host-starryos-aligned-j8-target-20260530T170100-native-j8/aarch64-unknown-none-softfloat/release/build/ax-hal-79fb33ffe0d58464/out"
1780132148.672,42.618,28.672,63955,93.00,0.93,11.62,5,1,1,0,93.00,"/Users/txc/.rustup/toolchains/nightly-2026-04-27-aarch64-apple-darwin/bin/rustc --crate-name starryos --edition=2024 os/StarryOS/starryos/src/main.rs --error-format=json --json=diagnostic-rendered-ansi,artifacts,future-incompat --crate-type bin --emit=dep-info,link -C opt-level=3 -C lto --cfg feature=""cntv-timer"" --cfg feature=""default"" --cfg feature=""gic-v3"" --cfg feature=""qemu"" --cfg feature=""smp"" --check-cfg cfg(docsrs,test) --check-cfg cfg(feature, values(""aarch64-hvf"", ""ax-plat-riscv64-sg2002"", ""cntv-timer"", ""default"", ""gic-v3"", ""kcov"", ""qemu"", ""rknpu"", ""sg2002"", ""smp"", ""vf2"")) -C metadata=7d3ff157ef5e487e -C extra-filename=-1514660e26da4623 --out-dir /private/tmp/host-starryos-aligned-j8-target-20260530T170100-native-j8/aarch64-unknown-none-softfloat/release/deps --target aarch64-unknown-none-softfloat -C strip=debuginfo -L dependency=/private/tmp/host-starryos-aligned-j8-target-20260530T170100-native-j8/aarch64-unknown-none-softfloat/release/deps -L dependency=/private/tmp/host-starryos-aligned-j8-target-20260530T170100-native-j8/release/deps --extern noprelude,nounused:alloc=/private/tmp/host-starryos-aligned-j8-target-20260530T170100-native-j8/aarch64-unknown-none-softfloat/release/deps/liballoc-c68a4ab3c84776d3.rlib --extern ax_feat=/private/tmp/host-starryos-aligned-j8-target-20260530T170100-native-j8/aarch64-unknown-none-softfloat/release/deps/libax_feat-9e06dc371d6f4f7e.rlib --extern noprelude,nounused:compiler_builtins=/private/tmp/host-starryos-aligned-j8-target-20260530T170100-native-j8/aarch64-unknown-none-softfloat/release/deps/libcompiler_builtins-fadd5bc9339268c7.rlib --extern noprelude,nounused:core=/private/tmp/host-starryos-aligned-j8-target-20260530T170100-native-j8/aarch64-unknown-none-softfloat/release/deps/libcore-24028a52cfebc9af.rlib --extern starry_kernel=/private/tmp/host-starryos-aligned-j8-target-20260530T170100-native-j8/aarch64-unknown-none-softfloat/release/deps/libstarry_kernel-a4f3e83f09ca1fac.rlib -Z unstable-options -Clink-arg=-Tlinker.x -Clink-arg=-no-pie -Clink-arg=-znostart-stop-gc -L /private/tmp/host-starryos-aligned-j8-target-20260530T170100-native-j8/aarch64-unknown-none-softfloat/release/build/ax-hal-79fb33ffe0d58464/out -C link-arg=-T/private/tmp/host-starryos-aligned-j8-target-20260530T170100-native-j8/aarch64-unknown-none-softfloat/release/build/starryos-2201b20dad5b4a0e/out/ext_linker.ld"
1780132149.702,43.648,29.702,63955,99.10,0.99,12.39,5,1,1,0,99.10,"/Users/txc/.rustup/toolchains/nightly-2026-04-27-aarch64-apple-darwin/bin/rustc --crate-name starryos --edition=2024 os/StarryOS/starryos/src/main.rs --error-format=json --json=diagnostic-rendered-ansi,artifacts,future-incompat --crate-type bin --emit=dep-info,link -C opt-level=3 -C lto --cfg feature=""cntv-timer"" --cfg feature=""default"" --cfg feature=""gic-v3"" --cfg feature=""qemu"" --cfg feature=""smp"" --check-cfg cfg(docsrs,test) --check-cfg cfg(feature, values(""aarch64-hvf"", ""ax-plat-riscv64-sg2002"", ""cntv-timer"", ""default"", ""gic-v3"", ""kcov"", ""qemu"", ""rknpu"", ""sg2002"", ""smp"", ""vf2"")) -C metadata=7d3ff157ef5e487e -C extra-filename=-1514660e26da4623 --out-dir /private/tmp/host-starryos-aligned-j8-target-20260530T170100-native-j8/aarch64-unknown-none-softfloat/release/deps --target aarch64-unknown-none-softfloat -C strip=debuginfo -L dependency=/private/tmp/host-starryos-aligned-j8-target-20260530T170100-native-j8/aarch64-unknown-none-softfloat/release/deps -L dependency=/private/tmp/host-starryos-aligned-j8-target-20260530T170100-native-j8/release/deps --extern noprelude,nounused:alloc=/private/tmp/host-starryos-aligned-j8-target-20260530T170100-native-j8/aarch64-unknown-none-softfloat/release/deps/liballoc-c68a4ab3c84776d3.rlib --extern ax_feat=/private/tmp/host-starryos-aligned-j8-target-20260530T170100-native-j8/aarch64-unknown-none-softfloat/release/deps/libax_feat-9e06dc371d6f4f7e.rlib --extern noprelude,nounused:compiler_builtins=/private/tmp/host-starryos-aligned-j8-target-20260530T170100-native-j8/aarch64-unknown-none-softfloat/release/deps/libcompiler_builtins-fadd5bc9339268c7.rlib --extern noprelude,nounused:core=/private/tmp/host-starryos-aligned-j8-target-20260530T170100-native-j8/aarch64-unknown-none-softfloat/release/deps/libcore-24028a52cfebc9af.rlib --extern starry_kernel=/private/tmp/host-starryos-aligned-j8-target-20260530T170100-native-j8/aarch64-unknown-none-softfloat/release/deps/libstarry_kernel-a4f3e83f09ca1fac.rlib -Z unstable-options -Clink-arg=-Tlinker.x -Clink-arg=-no-pie -Clink-arg=-znostart-stop-gc -L /private/tmp/host-starryos-aligned-j8-target-20260530T170100-native-j8/aarch64-unknown-none-softfloat/release/build/ax-hal-79fb33ffe0d58464/out -C link-arg=-T/private/tmp/host-starryos-aligned-j8-target-20260530T170100-native-j8/aarch64-unknown-none-softfloat/release/build/starryos-2201b20dad5b4a0e/out/ext_linker.ld"
1780132150.732,44.678,30.732,63955,98.90,0.99,12.36,5,1,1,0,98.90,"/Users/txc/.rustup/toolchains/nightly-2026-04-27-aarch64-apple-darwin/bin/rustc --crate-name starryos --edition=2024 os/StarryOS/starryos/src/main.rs --error-format=json --json=diagnostic-rendered-ansi,artifacts,future-incompat --crate-type bin --emit=dep-info,link -C opt-level=3 -C lto --cfg feature=""cntv-timer"" --cfg feature=""default"" --cfg feature=""gic-v3"" --cfg feature=""qemu"" --cfg feature=""smp"" --check-cfg cfg(docsrs,test) --check-cfg cfg(feature, values(""aarch64-hvf"", ""ax-plat-riscv64-sg2002"", ""cntv-timer"", ""default"", ""gic-v3"", ""kcov"", ""qemu"", ""rknpu"", ""sg2002"", ""smp"", ""vf2"")) -C metadata=7d3ff157ef5e487e -C extra-filename=-1514660e26da4623 --out-dir /private/tmp/host-starryos-aligned-j8-target-20260530T170100-native-j8/aarch64-unknown-none-softfloat/release/deps --target aarch64-unknown-none-softfloat -C strip=debuginfo -L dependency=/private/tmp/host-starryos-aligned-j8-target-20260530T170100-native-j8/aarch64-unknown-none-softfloat/release/deps -L dependency=/private/tmp/host-starryos-aligned-j8-target-20260530T170100-native-j8/release/deps --extern noprelude,nounused:alloc=/private/tmp/host-starryos-aligned-j8-target-20260530T170100-native-j8/aarch64-unknown-none-softfloat/release/deps/liballoc-c68a4ab3c84776d3.rlib --extern ax_feat=/private/tmp/host-starryos-aligned-j8-target-20260530T170100-native-j8/aarch64-unknown-none-softfloat/release/deps/libax_feat-9e06dc371d6f4f7e.rlib --extern noprelude,nounused:compiler_builtins=/private/tmp/host-starryos-aligned-j8-target-20260530T170100-native-j8/aarch64-unknown-none-softfloat/release/deps/libcompiler_builtins-fadd5bc9339268c7.rlib --extern noprelude,nounused:core=/private/tmp/host-starryos-aligned-j8-target-20260530T170100-native-j8/aarch64-unknown-none-softfloat/release/deps/libcore-24028a52cfebc9af.rlib --extern starry_kernel=/private/tmp/host-starryos-aligned-j8-target-20260530T170100-native-j8/aarch64-unknown-none-softfloat/release/deps/libstarry_kernel-a4f3e83f09ca1fac.rlib -Z unstable-options -Clink-arg=-Tlinker.x -Clink-arg=-no-pie -Clink-arg=-znostart-stop-gc -L /private/tmp/host-starryos-aligned-j8-target-20260530T170100-native-j8/aarch64-unknown-none-softfloat/release/build/ax-hal-79fb33ffe0d58464/out -C link-arg=-T/private/tmp/host-starryos-aligned-j8-target-20260530T170100-native-j8/aarch64-unknown-none-softfloat/release/build/starryos-2201b20dad5b4a0e/out/ext_linker.ld"
1780132151.765,45.711,31.765,63955,98.20,0.98,12.28,5,1,1,0,98.20,"/Users/txc/.rustup/toolchains/nightly-2026-04-27-aarch64-apple-darwin/bin/rustc --crate-name starryos --edition=2024 os/StarryOS/starryos/src/main.rs --error-format=json --json=diagnostic-rendered-ansi,artifacts,future-incompat --crate-type bin --emit=dep-info,link -C opt-level=3 -C lto --cfg feature=""cntv-timer"" --cfg feature=""default"" --cfg feature=""gic-v3"" --cfg feature=""qemu"" --cfg feature=""smp"" --check-cfg cfg(docsrs,test) --check-cfg cfg(feature, values(""aarch64-hvf"", ""ax-plat-riscv64-sg2002"", ""cntv-timer"", ""default"", ""gic-v3"", ""kcov"", ""qemu"", ""rknpu"", ""sg2002"", ""smp"", ""vf2"")) -C metadata=7d3ff157ef5e487e -C extra-filename=-1514660e26da4623 --out-dir /private/tmp/host-starryos-aligned-j8-target-20260530T170100-native-j8/aarch64-unknown-none-softfloat/release/deps --target aarch64-unknown-none-softfloat -C strip=debuginfo -L dependency=/private/tmp/host-starryos-aligned-j8-target-20260530T170100-native-j8/aarch64-unknown-none-softfloat/release/deps -L dependency=/private/tmp/host-starryos-aligned-j8-target-20260530T170100-native-j8/release/deps --extern noprelude,nounused:alloc=/private/tmp/host-starryos-aligned-j8-target-20260530T170100-native-j8/aarch64-unknown-none-softfloat/release/deps/liballoc-c68a4ab3c84776d3.rlib --extern ax_feat=/private/tmp/host-starryos-aligned-j8-target-20260530T170100-native-j8/aarch64-unknown-none-softfloat/release/deps/libax_feat-9e06dc371d6f4f7e.rlib --extern noprelude,nounused:compiler_builtins=/private/tmp/host-starryos-aligned-j8-target-20260530T170100-native-j8/aarch64-unknown-none-softfloat/release/deps/libcompiler_builtins-fadd5bc9339268c7.rlib --extern noprelude,nounused:core=/private/tmp/host-starryos-aligned-j8-target-20260530T170100-native-j8/aarch64-unknown-none-softfloat/release/deps/libcore-24028a52cfebc9af.rlib --extern starry_kernel=/private/tmp/host-starryos-aligned-j8-target-20260530T170100-native-j8/aarch64-unknown-none-softfloat/release/deps/libstarry_kernel-a4f3e83f09ca1fac.rlib -Z unstable-options -Clink-arg=-Tlinker.x -Clink-arg=-no-pie -Clink-arg=-znostart-stop-gc -L /private/tmp/host-starryos-aligned-j8-target-20260530T170100-native-j8/aarch64-unknown-none-softfloat/release/build/ax-hal-79fb33ffe0d58464/out -C link-arg=-T/private/tmp/host-starryos-aligned-j8-target-20260530T170100-native-j8/aarch64-unknown-none-softfloat/release/build/starryos-2201b20dad5b4a0e/out/ext_linker.ld"
1780132152.791,46.736,32.791,63955,99.10,0.99,12.39,5,1,1,0,99.10,"/Users/txc/.rustup/toolchains/nightly-2026-04-27-aarch64-apple-darwin/bin/rustc --crate-name starryos --edition=2024 os/StarryOS/starryos/src/main.rs --error-format=json --json=diagnostic-rendered-ansi,artifacts,future-incompat --crate-type bin --emit=dep-info,link -C opt-level=3 -C lto --cfg feature=""cntv-timer"" --cfg feature=""default"" --cfg feature=""gic-v3"" --cfg feature=""qemu"" --cfg feature=""smp"" --check-cfg cfg(docsrs,test) --check-cfg cfg(feature, values(""aarch64-hvf"", ""ax-plat-riscv64-sg2002"", ""cntv-timer"", ""default"", ""gic-v3"", ""kcov"", ""qemu"", ""rknpu"", ""sg2002"", ""smp"", ""vf2"")) -C metadata=7d3ff157ef5e487e -C extra-filename=-1514660e26da4623 --out-dir /private/tmp/host-starryos-aligned-j8-target-20260530T170100-native-j8/aarch64-unknown-none-softfloat/release/deps --target aarch64-unknown-none-softfloat -C strip=debuginfo -L dependency=/private/tmp/host-starryos-aligned-j8-target-20260530T170100-native-j8/aarch64-unknown-none-softfloat/release/deps -L dependency=/private/tmp/host-starryos-aligned-j8-target-20260530T170100-native-j8/release/deps --extern noprelude,nounused:alloc=/private/tmp/host-starryos-aligned-j8-target-20260530T170100-native-j8/aarch64-unknown-none-softfloat/release/deps/liballoc-c68a4ab3c84776d3.rlib --extern ax_feat=/private/tmp/host-starryos-aligned-j8-target-20260530T170100-native-j8/aarch64-unknown-none-softfloat/release/deps/libax_feat-9e06dc371d6f4f7e.rlib --extern noprelude,nounused:compiler_builtins=/private/tmp/host-starryos-aligned-j8-target-20260530T170100-native-j8/aarch64-unknown-none-softfloat/release/deps/libcompiler_builtins-fadd5bc9339268c7.rlib --extern noprelude,nounused:core=/private/tmp/host-starryos-aligned-j8-target-20260530T170100-native-j8/aarch64-unknown-none-softfloat/release/deps/libcore-24028a52cfebc9af.rlib --extern starry_kernel=/private/tmp/host-starryos-aligned-j8-target-20260530T170100-native-j8/aarch64-unknown-none-softfloat/release/deps/libstarry_kernel-a4f3e83f09ca1fac.rlib -Z unstable-options -Clink-arg=-Tlinker.x -Clink-arg=-no-pie -Clink-arg=-znostart-stop-gc -L /private/tmp/host-starryos-aligned-j8-target-20260530T170100-native-j8/aarch64-unknown-none-softfloat/release/build/ax-hal-79fb33ffe0d58464/out -C link-arg=-T/private/tmp/host-starryos-aligned-j8-target-20260530T170100-native-j8/aarch64-unknown-none-softfloat/release/build/starryos-2201b20dad5b4a0e/out/ext_linker.ld"
1780132153.822,47.768,33.822,63955,98.50,0.98,12.31,5,1,1,0,98.50,"/Users/txc/.rustup/toolchains/nightly-2026-04-27-aarch64-apple-darwin/bin/rustc --crate-name starryos --edition=2024 os/StarryOS/starryos/src/main.rs --error-format=json --json=diagnostic-rendered-ansi,artifacts,future-incompat --crate-type bin --emit=dep-info,link -C opt-level=3 -C lto --cfg feature=""cntv-timer"" --cfg feature=""default"" --cfg feature=""gic-v3"" --cfg feature=""qemu"" --cfg feature=""smp"" --check-cfg cfg(docsrs,test) --check-cfg cfg(feature, values(""aarch64-hvf"", ""ax-plat-riscv64-sg2002"", ""cntv-timer"", ""default"", ""gic-v3"", ""kcov"", ""qemu"", ""rknpu"", ""sg2002"", ""smp"", ""vf2"")) -C metadata=7d3ff157ef5e487e -C extra-filename=-1514660e26da4623 --out-dir /private/tmp/host-starryos-aligned-j8-target-20260530T170100-native-j8/aarch64-unknown-none-softfloat/release/deps --target aarch64-unknown-none-softfloat -C strip=debuginfo -L dependency=/private/tmp/host-starryos-aligned-j8-target-20260530T170100-native-j8/aarch64-unknown-none-softfloat/release/deps -L dependency=/private/tmp/host-starryos-aligned-j8-target-20260530T170100-native-j8/release/deps --extern noprelude,nounused:alloc=/private/tmp/host-starryos-aligned-j8-target-20260530T170100-native-j8/aarch64-unknown-none-softfloat/release/deps/liballoc-c68a4ab3c84776d3.rlib --extern ax_feat=/private/tmp/host-starryos-aligned-j8-target-20260530T170100-native-j8/aarch64-unknown-none-softfloat/release/deps/libax_feat-9e06dc371d6f4f7e.rlib --extern noprelude,nounused:compiler_builtins=/private/tmp/host-starryos-aligned-j8-target-20260530T170100-native-j8/aarch64-unknown-none-softfloat/release/deps/libcompiler_builtins-fadd5bc9339268c7.rlib --extern noprelude,nounused:core=/private/tmp/host-starryos-aligned-j8-target-20260530T170100-native-j8/aarch64-unknown-none-softfloat/release/deps/libcore-24028a52cfebc9af.rlib --extern starry_kernel=/private/tmp/host-starryos-aligned-j8-target-20260530T170100-native-j8/aarch64-unknown-none-softfloat/release/deps/libstarry_kernel-a4f3e83f09ca1fac.rlib -Z unstable-options -Clink-arg=-Tlinker.x -Clink-arg=-no-pie -Clink-arg=-znostart-stop-gc -L /private/tmp/host-starryos-aligned-j8-target-20260530T170100-native-j8/aarch64-unknown-none-softfloat/release/build/ax-hal-79fb33ffe0d58464/out -C link-arg=-T/private/tmp/host-starryos-aligned-j8-target-20260530T170100-native-j8/aarch64-unknown-none-softfloat/release/build/starryos-2201b20dad5b4a0e/out/ext_linker.ld"
1780132154.856,48.802,34.856,63955,97.90,0.98,12.24,5,1,1,0,97.90,"/Users/txc/.rustup/toolchains/nightly-2026-04-27-aarch64-apple-darwin/bin/rustc --crate-name starryos --edition=2024 os/StarryOS/starryos/src/main.rs --error-format=json --json=diagnostic-rendered-ansi,artifacts,future-incompat --crate-type bin --emit=dep-info,link -C opt-level=3 -C lto --cfg feature=""cntv-timer"" --cfg feature=""default"" --cfg feature=""gic-v3"" --cfg feature=""qemu"" --cfg feature=""smp"" --check-cfg cfg(docsrs,test) --check-cfg cfg(feature, values(""aarch64-hvf"", ""ax-plat-riscv64-sg2002"", ""cntv-timer"", ""default"", ""gic-v3"", ""kcov"", ""qemu"", ""rknpu"", ""sg2002"", ""smp"", ""vf2"")) -C metadata=7d3ff157ef5e487e -C extra-filename=-1514660e26da4623 --out-dir /private/tmp/host-starryos-aligned-j8-target-20260530T170100-native-j8/aarch64-unknown-none-softfloat/release/deps --target aarch64-unknown-none-softfloat -C strip=debuginfo -L dependency=/private/tmp/host-starryos-aligned-j8-target-20260530T170100-native-j8/aarch64-unknown-none-softfloat/release/deps -L dependency=/private/tmp/host-starryos-aligned-j8-target-20260530T170100-native-j8/release/deps --extern noprelude,nounused:alloc=/private/tmp/host-starryos-aligned-j8-target-20260530T170100-native-j8/aarch64-unknown-none-softfloat/release/deps/liballoc-c68a4ab3c84776d3.rlib --extern ax_feat=/private/tmp/host-starryos-aligned-j8-target-20260530T170100-native-j8/aarch64-unknown-none-softfloat/release/deps/libax_feat-9e06dc371d6f4f7e.rlib --extern noprelude,nounused:compiler_builtins=/private/tmp/host-starryos-aligned-j8-target-20260530T170100-native-j8/aarch64-unknown-none-softfloat/release/deps/libcompiler_builtins-fadd5bc9339268c7.rlib --extern noprelude,nounused:core=/private/tmp/host-starryos-aligned-j8-target-20260530T170100-native-j8/aarch64-unknown-none-softfloat/release/deps/libcore-24028a52cfebc9af.rlib --extern starry_kernel=/private/tmp/host-starryos-aligned-j8-target-20260530T170100-native-j8/aarch64-unknown-none-softfloat/release/deps/libstarry_kernel-a4f3e83f09ca1fac.rlib -Z unstable-options -Clink-arg=-Tlinker.x -Clink-arg=-no-pie -Clink-arg=-znostart-stop-gc -L /private/tmp/host-starryos-aligned-j8-target-20260530T170100-native-j8/aarch64-unknown-none-softfloat/release/build/ax-hal-79fb33ffe0d58464/out -C link-arg=-T/private/tmp/host-starryos-aligned-j8-target-20260530T170100-native-j8/aarch64-unknown-none-softfloat/release/build/starryos-2201b20dad5b4a0e/out/ext_linker.ld"
1780132155.889,49.835,35.889,63955,97.70,0.98,12.21,5,1,1,0,97.70,"/Users/txc/.rustup/toolchains/nightly-2026-04-27-aarch64-apple-darwin/bin/rustc --crate-name starryos --edition=2024 os/StarryOS/starryos/src/main.rs --error-format=json --json=diagnostic-rendered-ansi,artifacts,future-incompat --crate-type bin --emit=dep-info,link -C opt-level=3 -C lto --cfg feature=""cntv-timer"" --cfg feature=""default"" --cfg feature=""gic-v3"" --cfg feature=""qemu"" --cfg feature=""smp"" --check-cfg cfg(docsrs,test) --check-cfg cfg(feature, values(""aarch64-hvf"", ""ax-plat-riscv64-sg2002"", ""cntv-timer"", ""default"", ""gic-v3"", ""kcov"", ""qemu"", ""rknpu"", ""sg2002"", ""smp"", ""vf2"")) -C metadata=7d3ff157ef5e487e -C extra-filename=-1514660e26da4623 --out-dir /private/tmp/host-starryos-aligned-j8-target-20260530T170100-native-j8/aarch64-unknown-none-softfloat/release/deps --target aarch64-unknown-none-softfloat -C strip=debuginfo -L dependency=/private/tmp/host-starryos-aligned-j8-target-20260530T170100-native-j8/aarch64-unknown-none-softfloat/release/deps -L dependency=/private/tmp/host-starryos-aligned-j8-target-20260530T170100-native-j8/release/deps --extern noprelude,nounused:alloc=/private/tmp/host-starryos-aligned-j8-target-20260530T170100-native-j8/aarch64-unknown-none-softfloat/release/deps/liballoc-c68a4ab3c84776d3.rlib --extern ax_feat=/private/tmp/host-starryos-aligned-j8-target-20260530T170100-native-j8/aarch64-unknown-none-softfloat/release/deps/libax_feat-9e06dc371d6f4f7e.rlib --extern noprelude,nounused:compiler_builtins=/private/tmp/host-starryos-aligned-j8-target-20260530T170100-native-j8/aarch64-unknown-none-softfloat/release/deps/libcompiler_builtins-fadd5bc9339268c7.rlib --extern noprelude,nounused:core=/private/tmp/host-starryos-aligned-j8-target-20260530T170100-native-j8/aarch64-unknown-none-softfloat/release/deps/libcore-24028a52cfebc9af.rlib --extern starry_kernel=/private/tmp/host-starryos-aligned-j8-target-20260530T170100-native-j8/aarch64-unknown-none-softfloat/release/deps/libstarry_kernel-a4f3e83f09ca1fac.rlib -Z unstable-options -Clink-arg=-Tlinker.x -Clink-arg=-no-pie -Clink-arg=-znostart-stop-gc -L /private/tmp/host-starryos-aligned-j8-target-20260530T170100-native-j8/aarch64-unknown-none-softfloat/release/build/ax-hal-79fb33ffe0d58464/out -C link-arg=-T/private/tmp/host-starryos-aligned-j8-target-20260530T170100-native-j8/aarch64-unknown-none-softfloat/release/build/starryos-2201b20dad5b4a0e/out/ext_linker.ld"
1780132156.918,50.863,36.918,63955,98.60,0.99,12.32,5,1,1,0,98.60,"/Users/txc/.rustup/toolchains/nightly-2026-04-27-aarch64-apple-darwin/bin/rustc --crate-name starryos --edition=2024 os/StarryOS/starryos/src/main.rs --error-format=json --json=diagnostic-rendered-ansi,artifacts,future-incompat --crate-type bin --emit=dep-info,link -C opt-level=3 -C lto --cfg feature=""cntv-timer"" --cfg feature=""default"" --cfg feature=""gic-v3"" --cfg feature=""qemu"" --cfg feature=""smp"" --check-cfg cfg(docsrs,test) --check-cfg cfg(feature, values(""aarch64-hvf"", ""ax-plat-riscv64-sg2002"", ""cntv-timer"", ""default"", ""gic-v3"", ""kcov"", ""qemu"", ""rknpu"", ""sg2002"", ""smp"", ""vf2"")) -C metadata=7d3ff157ef5e487e -C extra-filename=-1514660e26da4623 --out-dir /private/tmp/host-starryos-aligned-j8-target-20260530T170100-native-j8/aarch64-unknown-none-softfloat/release/deps --target aarch64-unknown-none-softfloat -C strip=debuginfo -L dependency=/private/tmp/host-starryos-aligned-j8-target-20260530T170100-native-j8/aarch64-unknown-none-softfloat/release/deps -L dependency=/private/tmp/host-starryos-aligned-j8-target-20260530T170100-native-j8/release/deps --extern noprelude,nounused:alloc=/private/tmp/host-starryos-aligned-j8-target-20260530T170100-native-j8/aarch64-unknown-none-softfloat/release/deps/liballoc-c68a4ab3c84776d3.rlib --extern ax_feat=/private/tmp/host-starryos-aligned-j8-target-20260530T170100-native-j8/aarch64-unknown-none-softfloat/release/deps/libax_feat-9e06dc371d6f4f7e.rlib --extern noprelude,nounused:compiler_builtins=/private/tmp/host-starryos-aligned-j8-target-20260530T170100-native-j8/aarch64-unknown-none-softfloat/release/deps/libcompiler_builtins-fadd5bc9339268c7.rlib --extern noprelude,nounused:core=/private/tmp/host-starryos-aligned-j8-target-20260530T170100-native-j8/aarch64-unknown-none-softfloat/release/deps/libcore-24028a52cfebc9af.rlib --extern starry_kernel=/private/tmp/host-starryos-aligned-j8-target-20260530T170100-native-j8/aarch64-unknown-none-softfloat/release/deps/libstarry_kernel-a4f3e83f09ca1fac.rlib -Z unstable-options -Clink-arg=-Tlinker.x -Clink-arg=-no-pie -Clink-arg=-znostart-stop-gc -L /private/tmp/host-starryos-aligned-j8-target-20260530T170100-native-j8/aarch64-unknown-none-softfloat/release/build/ax-hal-79fb33ffe0d58464/out -C link-arg=-T/private/tmp/host-starryos-aligned-j8-target-20260530T170100-native-j8/aarch64-unknown-none-softfloat/release/build/starryos-2201b20dad5b4a0e/out/ext_linker.ld"
1780132157.950,51.895,37.950,63955,99.10,0.99,12.39,5,1,1,0,99.10,"/Users/txc/.rustup/toolchains/nightly-2026-04-27-aarch64-apple-darwin/bin/rustc --crate-name starryos --edition=2024 os/StarryOS/starryos/src/main.rs --error-format=json --json=diagnostic-rendered-ansi,artifacts,future-incompat --crate-type bin --emit=dep-info,link -C opt-level=3 -C lto --cfg feature=""cntv-timer"" --cfg feature=""default"" --cfg feature=""gic-v3"" --cfg feature=""qemu"" --cfg feature=""smp"" --check-cfg cfg(docsrs,test) --check-cfg cfg(feature, values(""aarch64-hvf"", ""ax-plat-riscv64-sg2002"", ""cntv-timer"", ""default"", ""gic-v3"", ""kcov"", ""qemu"", ""rknpu"", ""sg2002"", ""smp"", ""vf2"")) -C metadata=7d3ff157ef5e487e -C extra-filename=-1514660e26da4623 --out-dir /private/tmp/host-starryos-aligned-j8-target-20260530T170100-native-j8/aarch64-unknown-none-softfloat/release/deps --target aarch64-unknown-none-softfloat -C strip=debuginfo -L dependency=/private/tmp/host-starryos-aligned-j8-target-20260530T170100-native-j8/aarch64-unknown-none-softfloat/release/deps -L dependency=/private/tmp/host-starryos-aligned-j8-target-20260530T170100-native-j8/release/deps --extern noprelude,nounused:alloc=/private/tmp/host-starryos-aligned-j8-target-20260530T170100-native-j8/aarch64-unknown-none-softfloat/release/deps/liballoc-c68a4ab3c84776d3.rlib --extern ax_feat=/private/tmp/host-starryos-aligned-j8-target-20260530T170100-native-j8/aarch64-unknown-none-softfloat/release/deps/libax_feat-9e06dc371d6f4f7e.rlib --extern noprelude,nounused:compiler_builtins=/private/tmp/host-starryos-aligned-j8-target-20260530T170100-native-j8/aarch64-unknown-none-softfloat/release/deps/libcompiler_builtins-fadd5bc9339268c7.rlib --extern noprelude,nounused:core=/private/tmp/host-starryos-aligned-j8-target-20260530T170100-native-j8/aarch64-unknown-none-softfloat/release/deps/libcore-24028a52cfebc9af.rlib --extern starry_kernel=/private/tmp/host-starryos-aligned-j8-target-20260530T170100-native-j8/aarch64-unknown-none-softfloat/release/deps/libstarry_kernel-a4f3e83f09ca1fac.rlib -Z unstable-options -Clink-arg=-Tlinker.x -Clink-arg=-no-pie -Clink-arg=-znostart-stop-gc -L /private/tmp/host-starryos-aligned-j8-target-20260530T170100-native-j8/aarch64-unknown-none-softfloat/release/build/ax-hal-79fb33ffe0d58464/out -C link-arg=-T/private/tmp/host-starryos-aligned-j8-target-20260530T170100-native-j8/aarch64-unknown-none-softfloat/release/build/starryos-2201b20dad5b4a0e/out/ext_linker.ld"
1780132158.980,52.926,38.980,63955,100.00,1.00,12.50,5,1,1,0,100.00,"/Users/txc/.rustup/toolchains/nightly-2026-04-27-aarch64-apple-darwin/bin/rustc --crate-name starryos --edition=2024 os/StarryOS/starryos/src/main.rs --error-format=json --json=diagnostic-rendered-ansi,artifacts,future-incompat --crate-type bin --emit=dep-info,link -C opt-level=3 -C lto --cfg feature=""cntv-timer"" --cfg feature=""default"" --cfg feature=""gic-v3"" --cfg feature=""qemu"" --cfg feature=""smp"" --check-cfg cfg(docsrs,test) --check-cfg cfg(feature, values(""aarch64-hvf"", ""ax-plat-riscv64-sg2002"", ""cntv-timer"", ""default"", ""gic-v3"", ""kcov"", ""qemu"", ""rknpu"", ""sg2002"", ""smp"", ""vf2"")) -C metadata=7d3ff157ef5e487e -C extra-filename=-1514660e26da4623 --out-dir /private/tmp/host-starryos-aligned-j8-target-20260530T170100-native-j8/aarch64-unknown-none-softfloat/release/deps --target aarch64-unknown-none-softfloat -C strip=debuginfo -L dependency=/private/tmp/host-starryos-aligned-j8-target-20260530T170100-native-j8/aarch64-unknown-none-softfloat/release/deps -L dependency=/private/tmp/host-starryos-aligned-j8-target-20260530T170100-native-j8/release/deps --extern noprelude,nounused:alloc=/private/tmp/host-starryos-aligned-j8-target-20260530T170100-native-j8/aarch64-unknown-none-softfloat/release/deps/liballoc-c68a4ab3c84776d3.rlib --extern ax_feat=/private/tmp/host-starryos-aligned-j8-target-20260530T170100-native-j8/aarch64-unknown-none-softfloat/release/deps/libax_feat-9e06dc371d6f4f7e.rlib --extern noprelude,nounused:compiler_builtins=/private/tmp/host-starryos-aligned-j8-target-20260530T170100-native-j8/aarch64-unknown-none-softfloat/release/deps/libcompiler_builtins-fadd5bc9339268c7.rlib --extern noprelude,nounused:core=/private/tmp/host-starryos-aligned-j8-target-20260530T170100-native-j8/aarch64-unknown-none-softfloat/release/deps/libcore-24028a52cfebc9af.rlib --extern starry_kernel=/private/tmp/host-starryos-aligned-j8-target-20260530T170100-native-j8/aarch64-unknown-none-softfloat/release/deps/libstarry_kernel-a4f3e83f09ca1fac.rlib -Z unstable-options -Clink-arg=-Tlinker.x -Clink-arg=-no-pie -Clink-arg=-znostart-stop-gc -L /private/tmp/host-starryos-aligned-j8-target-20260530T170100-native-j8/aarch64-unknown-none-softfloat/release/build/ax-hal-79fb33ffe0d58464/out -C link-arg=-T/private/tmp/host-starryos-aligned-j8-target-20260530T170100-native-j8/aarch64-unknown-none-softfloat/release/build/starryos-2201b20dad5b4a0e/out/ext_linker.ld"
1780132160.006,53.952,40.006,63955,98.10,0.98,12.26,5,1,1,0,98.10,"/Users/txc/.rustup/toolchains/nightly-2026-04-27-aarch64-apple-darwin/bin/rustc --crate-name starryos --edition=2024 os/StarryOS/starryos/src/main.rs --error-format=json --json=diagnostic-rendered-ansi,artifacts,future-incompat --crate-type bin --emit=dep-info,link -C opt-level=3 -C lto --cfg feature=""cntv-timer"" --cfg feature=""default"" --cfg feature=""gic-v3"" --cfg feature=""qemu"" --cfg feature=""smp"" --check-cfg cfg(docsrs,test) --check-cfg cfg(feature, values(""aarch64-hvf"", ""ax-plat-riscv64-sg2002"", ""cntv-timer"", ""default"", ""gic-v3"", ""kcov"", ""qemu"", ""rknpu"", ""sg2002"", ""smp"", ""vf2"")) -C metadata=7d3ff157ef5e487e -C extra-filename=-1514660e26da4623 --out-dir /private/tmp/host-starryos-aligned-j8-target-20260530T170100-native-j8/aarch64-unknown-none-softfloat/release/deps --target aarch64-unknown-none-softfloat -C strip=debuginfo -L dependency=/private/tmp/host-starryos-aligned-j8-target-20260530T170100-native-j8/aarch64-unknown-none-softfloat/release/deps -L dependency=/private/tmp/host-starryos-aligned-j8-target-20260530T170100-native-j8/release/deps --extern noprelude,nounused:alloc=/private/tmp/host-starryos-aligned-j8-target-20260530T170100-native-j8/aarch64-unknown-none-softfloat/release/deps/liballoc-c68a4ab3c84776d3.rlib --extern ax_feat=/private/tmp/host-starryos-aligned-j8-target-20260530T170100-native-j8/aarch64-unknown-none-softfloat/release/deps/libax_feat-9e06dc371d6f4f7e.rlib --extern noprelude,nounused:compiler_builtins=/private/tmp/host-starryos-aligned-j8-target-20260530T170100-native-j8/aarch64-unknown-none-softfloat/release/deps/libcompiler_builtins-fadd5bc9339268c7.rlib --extern noprelude,nounused:core=/private/tmp/host-starryos-aligned-j8-target-20260530T170100-native-j8/aarch64-unknown-none-softfloat/release/deps/libcore-24028a52cfebc9af.rlib --extern starry_kernel=/private/tmp/host-starryos-aligned-j8-target-20260530T170100-native-j8/aarch64-unknown-none-softfloat/release/deps/libstarry_kernel-a4f3e83f09ca1fac.rlib -Z unstable-options -Clink-arg=-Tlinker.x -Clink-arg=-no-pie -Clink-arg=-znostart-stop-gc -L /private/tmp/host-starryos-aligned-j8-target-20260530T170100-native-j8/aarch64-unknown-none-softfloat/release/build/ax-hal-79fb33ffe0d58464/out -C link-arg=-T/private/tmp/host-starryos-aligned-j8-target-20260530T170100-native-j8/aarch64-unknown-none-softfloat/release/build/starryos-2201b20dad5b4a0e/out/ext_linker.ld"
1780132161.036,54.982,41.036,63955,98.30,0.98,12.29,5,1,1,0,98.30,"/Users/txc/.rustup/toolchains/nightly-2026-04-27-aarch64-apple-darwin/bin/rustc --crate-name starryos --edition=2024 os/StarryOS/starryos/src/main.rs --error-format=json --json=diagnostic-rendered-ansi,artifacts,future-incompat --crate-type bin --emit=dep-info,link -C opt-level=3 -C lto --cfg feature=""cntv-timer"" --cfg feature=""default"" --cfg feature=""gic-v3"" --cfg feature=""qemu"" --cfg feature=""smp"" --check-cfg cfg(docsrs,test) --check-cfg cfg(feature, values(""aarch64-hvf"", ""ax-plat-riscv64-sg2002"", ""cntv-timer"", ""default"", ""gic-v3"", ""kcov"", ""qemu"", ""rknpu"", ""sg2002"", ""smp"", ""vf2"")) -C metadata=7d3ff157ef5e487e -C extra-filename=-1514660e26da4623 --out-dir /private/tmp/host-starryos-aligned-j8-target-20260530T170100-native-j8/aarch64-unknown-none-softfloat/release/deps --target aarch64-unknown-none-softfloat -C strip=debuginfo -L dependency=/private/tmp/host-starryos-aligned-j8-target-20260530T170100-native-j8/aarch64-unknown-none-softfloat/release/deps -L dependency=/private/tmp/host-starryos-aligned-j8-target-20260530T170100-native-j8/release/deps --extern noprelude,nounused:alloc=/private/tmp/host-starryos-aligned-j8-target-20260530T170100-native-j8/aarch64-unknown-none-softfloat/release/deps/liballoc-c68a4ab3c84776d3.rlib --extern ax_feat=/private/tmp/host-starryos-aligned-j8-target-20260530T170100-native-j8/aarch64-unknown-none-softfloat/release/deps/libax_feat-9e06dc371d6f4f7e.rlib --extern noprelude,nounused:compiler_builtins=/private/tmp/host-starryos-aligned-j8-target-20260530T170100-native-j8/aarch64-unknown-none-softfloat/release/deps/libcompiler_builtins-fadd5bc9339268c7.rlib --extern noprelude,nounused:core=/private/tmp/host-starryos-aligned-j8-target-20260530T170100-native-j8/aarch64-unknown-none-softfloat/release/deps/libcore-24028a52cfebc9af.rlib --extern starry_kernel=/private/tmp/host-starryos-aligned-j8-target-20260530T170100-native-j8/aarch64-unknown-none-softfloat/release/deps/libstarry_kernel-a4f3e83f09ca1fac.rlib -Z unstable-options -Clink-arg=-Tlinker.x -Clink-arg=-no-pie -Clink-arg=-znostart-stop-gc -L /private/tmp/host-starryos-aligned-j8-target-20260530T170100-native-j8/aarch64-unknown-none-softfloat/release/build/ax-hal-79fb33ffe0d58464/out -C link-arg=-T/private/tmp/host-starryos-aligned-j8-target-20260530T170100-native-j8/aarch64-unknown-none-softfloat/release/build/starryos-2201b20dad5b4a0e/out/ext_linker.ld"
1780132162.067,56.013,42.067,63955,98.10,0.98,12.26,5,1,1,0,98.10,"/Users/txc/.rustup/toolchains/nightly-2026-04-27-aarch64-apple-darwin/bin/rustc --crate-name starryos --edition=2024 os/StarryOS/starryos/src/main.rs --error-format=json --json=diagnostic-rendered-ansi,artifacts,future-incompat --crate-type bin --emit=dep-info,link -C opt-level=3 -C lto --cfg feature=""cntv-timer"" --cfg feature=""default"" --cfg feature=""gic-v3"" --cfg feature=""qemu"" --cfg feature=""smp"" --check-cfg cfg(docsrs,test) --check-cfg cfg(feature, values(""aarch64-hvf"", ""ax-plat-riscv64-sg2002"", ""cntv-timer"", ""default"", ""gic-v3"", ""kcov"", ""qemu"", ""rknpu"", ""sg2002"", ""smp"", ""vf2"")) -C metadata=7d3ff157ef5e487e -C extra-filename=-1514660e26da4623 --out-dir /private/tmp/host-starryos-aligned-j8-target-20260530T170100-native-j8/aarch64-unknown-none-softfloat/release/deps --target aarch64-unknown-none-softfloat -C strip=debuginfo -L dependency=/private/tmp/host-starryos-aligned-j8-target-20260530T170100-native-j8/aarch64-unknown-none-softfloat/release/deps -L dependency=/private/tmp/host-starryos-aligned-j8-target-20260530T170100-native-j8/release/deps --extern noprelude,nounused:alloc=/private/tmp/host-starryos-aligned-j8-target-20260530T170100-native-j8/aarch64-unknown-none-softfloat/release/deps/liballoc-c68a4ab3c84776d3.rlib --extern ax_feat=/private/tmp/host-starryos-aligned-j8-target-20260530T170100-native-j8/aarch64-unknown-none-softfloat/release/deps/libax_feat-9e06dc371d6f4f7e.rlib --extern noprelude,nounused:compiler_builtins=/private/tmp/host-starryos-aligned-j8-target-20260530T170100-native-j8/aarch64-unknown-none-softfloat/release/deps/libcompiler_builtins-fadd5bc9339268c7.rlib --extern noprelude,nounused:core=/private/tmp/host-starryos-aligned-j8-target-20260530T170100-native-j8/aarch64-unknown-none-softfloat/release/deps/libcore-24028a52cfebc9af.rlib --extern starry_kernel=/private/tmp/host-starryos-aligned-j8-target-20260530T170100-native-j8/aarch64-unknown-none-softfloat/release/deps/libstarry_kernel-a4f3e83f09ca1fac.rlib -Z unstable-options -Clink-arg=-Tlinker.x -Clink-arg=-no-pie -Clink-arg=-znostart-stop-gc -L /private/tmp/host-starryos-aligned-j8-target-20260530T170100-native-j8/aarch64-unknown-none-softfloat/release/build/ax-hal-79fb33ffe0d58464/out -C link-arg=-T/private/tmp/host-starryos-aligned-j8-target-20260530T170100-native-j8/aarch64-unknown-none-softfloat/release/build/starryos-2201b20dad5b4a0e/out/ext_linker.ld"
