epoch,runner_t_s,build_t_s,root_pid,tree_cpu_pct_sum,busy_core_equiv,normalized_8core_pct,process_count,rustc_count,cargo_count,build_script_count,max_process_cpu_pct,top_command
1780132205.301,13.464,0.301,68902,100.00,1.00,12.50,3,0,0,0,95.50,rsync -a --delete --exclude .git --exclude target --exclude .m6-work /Users/txc/code/Auto-OS/tgoskits/ /private/tmp/host-starryos-aligned-j1-src-20260530T171000-native-j1/
1780132206.329,14.492,1.329,68902,33.10,0.33,4.14,4,0,1,0,33.10,"/Users/txc/.rustup/toolchains/nightly-2026-04-27-aarch64-apple-darwin/bin/cargo build -p starryos --bin starryos --target aarch64-unknown-none-softfloat -Z build-std=core,alloc,compiler_builtins --target-dir /private/tmp/host-starryos-aligned-j1-target-20260530T171000-native-j1 --features qemu,gic-v3,cntv-timer,smp --release"
1780132207.367,15.530,2.367,68902,1.00,0.01,0.12,5,1,1,0,1.00,"/Users/txc/.rustup/toolchains/nightly-2026-04-27-aarch64-apple-darwin/bin/cargo build -p starryos --bin starryos --target aarch64-unknown-none-softfloat -Z build-std=core,alloc,compiler_builtins --target-dir /private/tmp/host-starryos-aligned-j1-target-20260530T171000-native-j1 --features qemu,gic-v3,cntv-timer,smp --release"
1780132208.399,16.562,3.399,68902,91.60,0.92,11.45,5,1,1,0,91.60,"/Users/txc/.rustup/toolchains/nightly-2026-04-27-aarch64-apple-darwin/bin/rustc --crate-name core --edition=2024 /Users/txc/.rustup/toolchains/nightly-2026-04-27-aarch64-apple-darwin/lib/rustlib/src/rust/library/core/src/lib.rs --error-format=json --json=diagnostic-rendered-ansi,artifacts,future-incompat --crate-type lib --emit=dep-info,metadata,link -C opt-level=3 -C linker-plugin-lto --warn=unexpected_cfgs --check-cfg cfg(no_fp_fmt_parse) --check-cfg cfg(feature, values(any())) --check-cfg cfg(target_has_reliable_f16) --check-cfg cfg(target_has_reliable_f16_math) --check-cfg cfg(target_has_reliable_f128) --check-cfg cfg(target_has_reliable_f128_math) --check-cfg cfg(llvm_enzyme) --check-cfg cfg(docsrs,test) --check-cfg cfg(feature, values(""debug_refcell"", ""llvm_enzyme"", ""optimize_for_size"", ""panic_immediate_abort"")) -C metadata=8514cc1fb2c882d8 -C extra-filename=-24028a52cfebc9af --out-dir /private/tmp/host-starryos-aligned-j1-target-20260530T171000-native-j1/aarch64-unknown-none-softfloat/release/deps --target aarch64-unknown-none-softfloat -C strip=debuginfo -Z force-unstable-if-unmarked -L dependency=/private/tmp/host-starryos-aligned-j1-target-20260530T171000-native-j1/aarch64-unknown-none-softfloat/release/deps -L dependency=/private/tmp/host-starryos-aligned-j1-target-20260530T171000-native-j1/release/deps --cap-lints allow -Clink-arg=-Tlinker.x -Clink-arg=-no-pie -Clink-arg=-znostart-stop-gc"
1780132209.431,17.594,4.431,68902,97.00,0.97,12.12,5,1,1,0,97.00,"/Users/txc/.rustup/toolchains/nightly-2026-04-27-aarch64-apple-darwin/bin/rustc --crate-name core --edition=2024 /Users/txc/.rustup/toolchains/nightly-2026-04-27-aarch64-apple-darwin/lib/rustlib/src/rust/library/core/src/lib.rs --error-format=json --json=diagnostic-rendered-ansi,artifacts,future-incompat --crate-type lib --emit=dep-info,metadata,link -C opt-level=3 -C linker-plugin-lto --warn=unexpected_cfgs --check-cfg cfg(no_fp_fmt_parse) --check-cfg cfg(feature, values(any())) --check-cfg cfg(target_has_reliable_f16) --check-cfg cfg(target_has_reliable_f16_math) --check-cfg cfg(target_has_reliable_f128) --check-cfg cfg(target_has_reliable_f128_math) --check-cfg cfg(llvm_enzyme) --check-cfg cfg(docsrs,test) --check-cfg cfg(feature, values(""debug_refcell"", ""llvm_enzyme"", ""optimize_for_size"", ""panic_immediate_abort"")) -C metadata=8514cc1fb2c882d8 -C extra-filename=-24028a52cfebc9af --out-dir /private/tmp/host-starryos-aligned-j1-target-20260530T171000-native-j1/aarch64-unknown-none-softfloat/release/deps --target aarch64-unknown-none-softfloat -C strip=debuginfo -Z force-unstable-if-unmarked -L dependency=/private/tmp/host-starryos-aligned-j1-target-20260530T171000-native-j1/aarch64-unknown-none-softfloat/release/deps -L dependency=/private/tmp/host-starryos-aligned-j1-target-20260530T171000-native-j1/release/deps --cap-lints allow -Clink-arg=-Tlinker.x -Clink-arg=-no-pie -Clink-arg=-znostart-stop-gc"
1780132210.471,18.634,5.471,68902,97.10,0.97,12.14,5,1,1,0,97.10,"/Users/txc/.rustup/toolchains/nightly-2026-04-27-aarch64-apple-darwin/bin/rustc --crate-name core --edition=2024 /Users/txc/.rustup/toolchains/nightly-2026-04-27-aarch64-apple-darwin/lib/rustlib/src/rust/library/core/src/lib.rs --error-format=json --json=diagnostic-rendered-ansi,artifacts,future-incompat --crate-type lib --emit=dep-info,metadata,link -C opt-level=3 -C linker-plugin-lto --warn=unexpected_cfgs --check-cfg cfg(no_fp_fmt_parse) --check-cfg cfg(feature, values(any())) --check-cfg cfg(target_has_reliable_f16) --check-cfg cfg(target_has_reliable_f16_math) --check-cfg cfg(target_has_reliable_f128) --check-cfg cfg(target_has_reliable_f128_math) --check-cfg cfg(llvm_enzyme) --check-cfg cfg(docsrs,test) --check-cfg cfg(feature, values(""debug_refcell"", ""llvm_enzyme"", ""optimize_for_size"", ""panic_immediate_abort"")) -C metadata=8514cc1fb2c882d8 -C extra-filename=-24028a52cfebc9af --out-dir /private/tmp/host-starryos-aligned-j1-target-20260530T171000-native-j1/aarch64-unknown-none-softfloat/release/deps --target aarch64-unknown-none-softfloat -C strip=debuginfo -Z force-unstable-if-unmarked -L dependency=/private/tmp/host-starryos-aligned-j1-target-20260530T171000-native-j1/aarch64-unknown-none-softfloat/release/deps -L dependency=/private/tmp/host-starryos-aligned-j1-target-20260530T171000-native-j1/release/deps --cap-lints allow -Clink-arg=-Tlinker.x -Clink-arg=-no-pie -Clink-arg=-znostart-stop-gc"
1780132211.503,19.666,6.503,68902,99.40,0.99,12.43,5,1,1,0,99.40,"/Users/txc/.rustup/toolchains/nightly-2026-04-27-aarch64-apple-darwin/bin/rustc --crate-name core --edition=2024 /Users/txc/.rustup/toolchains/nightly-2026-04-27-aarch64-apple-darwin/lib/rustlib/src/rust/library/core/src/lib.rs --error-format=json --json=diagnostic-rendered-ansi,artifacts,future-incompat --crate-type lib --emit=dep-info,metadata,link -C opt-level=3 -C linker-plugin-lto --warn=unexpected_cfgs --check-cfg cfg(no_fp_fmt_parse) --check-cfg cfg(feature, values(any())) --check-cfg cfg(target_has_reliable_f16) --check-cfg cfg(target_has_reliable_f16_math) --check-cfg cfg(target_has_reliable_f128) --check-cfg cfg(target_has_reliable_f128_math) --check-cfg cfg(llvm_enzyme) --check-cfg cfg(docsrs,test) --check-cfg cfg(feature, values(""debug_refcell"", ""llvm_enzyme"", ""optimize_for_size"", ""panic_immediate_abort"")) -C metadata=8514cc1fb2c882d8 -C extra-filename=-24028a52cfebc9af --out-dir /private/tmp/host-starryos-aligned-j1-target-20260530T171000-native-j1/aarch64-unknown-none-softfloat/release/deps --target aarch64-unknown-none-softfloat -C strip=debuginfo -Z force-unstable-if-unmarked -L dependency=/private/tmp/host-starryos-aligned-j1-target-20260530T171000-native-j1/aarch64-unknown-none-softfloat/release/deps -L dependency=/private/tmp/host-starryos-aligned-j1-target-20260530T171000-native-j1/release/deps --cap-lints allow -Clink-arg=-Tlinker.x -Clink-arg=-no-pie -Clink-arg=-znostart-stop-gc"
1780132212.534,20.697,7.534,68902,39.60,0.40,4.95,5,1,1,0,39.60,"/Users/txc/.rustup/toolchains/nightly-2026-04-27-aarch64-apple-darwin/bin/rustc --crate-name core --edition=2024 /Users/txc/.rustup/toolchains/nightly-2026-04-27-aarch64-apple-darwin/lib/rustlib/src/rust/library/core/src/lib.rs --error-format=json --json=diagnostic-rendered-ansi,artifacts,future-incompat --crate-type lib --emit=dep-info,metadata,link -C opt-level=3 -C linker-plugin-lto --warn=unexpected_cfgs --check-cfg cfg(no_fp_fmt_parse) --check-cfg cfg(feature, values(any())) --check-cfg cfg(target_has_reliable_f16) --check-cfg cfg(target_has_reliable_f16_math) --check-cfg cfg(target_has_reliable_f128) --check-cfg cfg(target_has_reliable_f128_math) --check-cfg cfg(llvm_enzyme) --check-cfg cfg(docsrs,test) --check-cfg cfg(feature, values(""debug_refcell"", ""llvm_enzyme"", ""optimize_for_size"", ""panic_immediate_abort"")) -C metadata=8514cc1fb2c882d8 -C extra-filename=-24028a52cfebc9af --out-dir /private/tmp/host-starryos-aligned-j1-target-20260530T171000-native-j1/aarch64-unknown-none-softfloat/release/deps --target aarch64-unknown-none-softfloat -C strip=debuginfo -Z force-unstable-if-unmarked -L dependency=/private/tmp/host-starryos-aligned-j1-target-20260530T171000-native-j1/aarch64-unknown-none-softfloat/release/deps -L dependency=/private/tmp/host-starryos-aligned-j1-target-20260530T171000-native-j1/release/deps --cap-lints allow -Clink-arg=-Tlinker.x -Clink-arg=-no-pie -Clink-arg=-znostart-stop-gc"
1780132213.566,21.729,8.566,68902,70.40,0.70,8.80,5,1,1,0,70.20,"/Users/txc/.rustup/toolchains/nightly-2026-04-27-aarch64-apple-darwin/bin/rustc --crate-name compiler_builtins --edition=2024 /Users/txc/.rustup/toolchains/nightly-2026-04-27-aarch64-apple-darwin/lib/rustlib/src/rust/library/compiler-builtins/compiler-builtins/src/lib.rs --error-format=json --json=diagnostic-rendered-ansi,artifacts,future-incompat --crate-type lib --emit=dep-info,metadata,link -C opt-level=3 -C linker-plugin-lto --cfg feature=""arch"" --cfg feature=""compiler-builtins"" --cfg feature=""default"" --cfg feature=""unmangled-names"" --check-cfg cfg(docsrs,test) --check-cfg cfg(feature, values(""arch"", ""c"", ""compiler-builtins"", ""default"", ""mem"", ""unmangled-names"", ""unstable-public-internals"")) -C metadata=0262f99049eec8a5 -C extra-filename=-fadd5bc9339268c7 --out-dir /private/tmp/host-starryos-aligned-j1-target-20260530T171000-native-j1/aarch64-unknown-none-softfloat/release/deps --target aarch64-unknown-none-softfloat -C strip=debuginfo -Z force-unstable-if-unmarked -L dependency=/private/tmp/host-starryos-aligned-j1-target-20260530T171000-native-j1/aarch64-unknown-none-softfloat/release/deps -L dependency=/private/tmp/host-starryos-aligned-j1-target-20260530T171000-native-j1/release/deps --extern core=/private/tmp/host-starryos-aligned-j1-target-20260530T171000-native-j1/aarch64-unknown-none-softfloat/release/deps/libcore-24028a52cfebc9af.rmeta --cap-lints allow -Clink-arg=-Tlinker.x -Clink-arg=-no-pie -Clink-arg=-znostart-stop-gc --cfg intrinsics_enabled --cfg optimizations_enabled --cfg f16_enabled --cfg f128_enabled --cfg feature=""mem"" --cfg mem_unaligned --check-cfg cfg(thumb) --check-cfg cfg(thumb_1) --check-cfg cfg(x86_no_sse2) --check-cfg cfg(assert_no_panic) --check-cfg cfg(intrinsics_enabled) --check-cfg cfg(optimizations_enabled) --check-cfg cfg(f16_enabled) --check-cfg cfg(f128_enabled) --check-cfg cfg(__ashldi3, values(""optimized-c"")) --check-cfg cfg(__ashlsi3, values(""optimized-c"")) --check-cfg cfg(__ashrdi3, values(""optimized-c"")) --check-cfg cfg(__ashrsi3, values(""optimized-c"")) --check-cfg cfg(__bswapsi2, values(""optimized-c"")) --check-cfg cfg(__bswapdi2, values(""optimized-c"")) --check-cfg cfg(__bswapti2, values(""optimized-c"")) --check-cfg cfg(__divdi3, values(""optimized-c"")) --check-cfg cfg(__divsi3, values(""optimized-c"")) --check-cfg cfg(__divmoddi4, values(""optimized-c"")) --check-cfg cfg(__divmodsi4, values(""optimized-c"")) --check-cfg cfg(__divmodsi4, values(""optimized-c"")) --check-cfg cfg(__divmodti4, values(""optimized-c"")) --check-cfg cfg(__lshrdi3, values(""optimized-c"")) --check-cfg cfg(__lshrsi3, values(""optimized-c"")) --check-cfg cfg(__moddi3, values(""optimized-c"")) --check-cfg cfg(__modsi3, values(""optimized-c"")) --check-cfg cfg(__muldi3, values(""optimized-c"")) --check-cfg cfg(__udivdi3, values(""optimized-c"")) --check-cfg cfg(__udivmoddi4, values(""optimized-c"")) --check-cfg cfg(__udivmodsi4, values(""optimized-c"")) --check-cfg cfg(__udivsi3, values(""optimized-c"")) --check-cfg cfg(__umoddi3, values(""optimized-c"")) --check-cfg cfg(__umodsi3, values(""optimized-c"")) --check-cfg cfg(__aarch64_cas1_relax, values(""optimized-c"")) --check-cfg cfg(__aarch64_cas1_acq, values(""optimized-c"")) --check-cfg cfg(__aarch64_cas1_rel, values(""optimized-c"")) --check-cfg cfg(__aarch64_cas1_acq_rel, values(""optimized-c"")) --check-cfg cfg(__aarch64_cas2_relax, values(""optimized-c"")) --check-cfg cfg(__aarch64_cas2_acq, values(""optimized-c"")) --check-cfg cfg(__aarch64_cas2_rel, values(""optimized-c"")) --check-cfg cfg(__aarch64_cas2_acq_rel, values(""optimized-c"")) --check-cfg cfg(__aarch64_cas4_relax, values(""optimized-c"")) --check-cfg cfg(__aarch64_cas4_acq, values(""optimized-c"")) --check-cfg cfg(__aarch64_cas4_rel, values(""optimized-c"")) --check-cfg cfg(__aarch64_cas4_acq_rel, values(""optimized-c"")) --check-cfg cfg(__aarch64_cas8_relax, values(""optimized-c"")) --check-cfg cfg(__aarch64_cas8_acq, values(""optimized-c"")) --check-cfg cfg(__aarch64_cas8_rel, values(""optimized-c"")) --check-cfg cfg(__aarch64_cas8_acq_rel, values(""optimized-c"")) --check-cfg cfg(__aarch64_cas16_relax, values(""optimized-c"")) --check-cfg cfg(__aarch64_cas16_acq, values(""optimized-c"")) --check-cfg cfg(__aarch64_cas16_rel, values(""optimized-c"")) --check-cfg cfg(__aarch64_cas16_acq_rel, values(""optimized-c"")) --check-cfg cfg(__aarch64_ldadd1_relax, values(""optimized-c"")) --check-cfg cfg(__aarch64_ldadd1_acq, values(""optimized-c"")) --check-cfg cfg(__aarch64_ldadd1_rel, values(""optimized-c"")) --check-cfg cfg(__aarch64_ldadd1_acq_rel, values(""optimized-c"")) --check-cfg cfg(__aarch64_ldadd2_relax, values(""optimized-c"")) --check-cfg cfg(__aarch64_ldadd2_acq, values(""optimized-c"")) --check-cfg cfg(__aarch64_ldadd2_rel, values(""optimized-c"")) --check-cfg cfg(__aarch64_ldadd2_acq_rel, values(""optimized-c"")) --check-cfg cfg(__aarch64_ldadd4_relax, values(""optimized-c"")) --check-cfg cfg(__aarch64_ldadd4_acq, values(""optimized-c"")) --check-cfg cfg(__aarch64_ldadd4_rel, values(""optimized-c"")) --check-cfg cfg(__aarch64_ldadd4_acq_rel, values(""optimized-c"")) --check-cfg cfg(__aarch64_ldadd8_relax, values(""optimized-c"")) --check-cfg cfg(__aarch64_ldadd8_acq, values(""optimized-c"")) --check-cfg cfg(__aarch64_ldadd8_rel, values(""optimized-c"")) --check-cfg cfg(__aarch64_ldadd8_acq_rel, values(""optimized-c"")) --check-cfg cfg(__aarch64_ldclr1_relax, values(""optimized-c"")) --check-cfg cfg(__aarch64_ldclr1_acq, values(""optimized-c"")) --check-cfg cfg(__aarch64_ldclr1_rel, values(""optimized-c"")) --check-cfg cfg(__aarch64_ldclr1_acq_rel, values(""optimized-c"")) --check-cfg cfg(__aarch64_ldclr2_relax, values(""optimized-c"")) --check-cfg cfg(__aarch64_ldclr2_acq, values(""optimized-c"")) --check-cfg cfg(__aarch64_ldclr2_rel, values(""optimized-c"")) --check-cfg cfg(__aarch64_ldclr2_acq_rel, values(""optimized-c"")) --check-cfg cfg(__aarch64_ldclr4_relax, values(""optimized-c"")) --check-cfg cfg(__aarch64_ldclr4_acq, values(""optimized-c"")) --check-cfg cfg(__aarch64_ldclr4_rel, values(""optimized-c"")) --check-cfg cfg(__aarch64_ldclr4_acq_rel, values(""optimized-c"")) --check-cfg cfg(__aarch64_ldclr8_relax, values(""optimized-c"")) --check-cfg cfg(__aarch64_ldclr8_acq, values(""optimized-c"")) --check-cfg cfg(__aarch64_ldclr8_rel, values(""optimized-c"")) --check-cfg cfg(__aarch64_ldclr8_acq_rel, values(""optimized-c"")) --check-cfg cfg(__aarch64_ldeor1_relax, values(""optimized-c"")) --check-cfg cfg(__aarch64_ldeor1_acq, values(""optimized-c"")) --check-cfg cfg(__aarch64_ldeor1_rel, values(""optimized-c"")) --check-cfg cfg(__aarch64_ldeor1_acq_rel, values(""optimized-c"")) --check-cfg cfg(__aarch64_ldeor2_relax, values(""optimized-c"")) --check-cfg cfg(__aarch64_ldeor2_acq, values(""optimized-c"")) --check-cfg cfg(__aarch64_ldeor2_rel, values(""optimized-c"")) --check-cfg cfg(__aarch64_ldeor2_acq_rel, values(""optimized-c"")) --check-cfg cfg(__aarch64_ldeor4_relax, values(""optimized-c"")) --check-cfg cfg(__aarch64_ldeor4_acq, values(""optimized-c"")) --check-cfg cfg(__aarch64_ldeor4_rel, values(""optimized-c"")) --check-cfg cfg(__aarch64_ldeor4_acq_rel, values(""optimized-c"")) --check-cfg cfg(__aarch64_ldeor8_relax, values(""optimized-c"")) --check-cfg cfg(__aarch64_ldeor8_acq, values(""optimized-c"")) --check-cfg cfg(__aarch64_ldeor8_rel, values(""optimized-c"")) --check-cfg cfg(__aarch64_ldeor8_acq_rel, values(""optimized-c"")) --check-cfg cfg(__aarch64_ldset1_relax, values(""optimized-c"")) --check-cfg cfg(__aarch64_ldset1_acq, values(""optimized-c"")) --check-cfg cfg(__aarch64_ldset1_rel, values(""optimized-c"")) --check-cfg cfg(__aarch64_ldset1_acq_rel, values(""optimized-c"")) --check-cfg cfg(__aarch64_ldset2_relax, values(""optimized-c"")) --check-cfg cfg(__aarch64_ldset2_acq, values(""optimized-c"")) --check-cfg cfg(__aarch64_ldset2_rel, values(""optimized-c"")) --check-cfg cfg(__aarch64_ldset2_acq_rel, values(""optimized-c"")) --check-cfg cfg(__aarch64_ldset4_relax, values(""optimized-c"")) --check-cfg cfg(__aarch64_ldset4_acq, values(""optimized-c"")) --check-cfg cfg(__aarch64_ldset4_rel, values(""optimized-c"")) --check-cfg cfg(__aarch64_ldset4_acq_rel, values(""optimized-c"")) --check-cfg cfg(__aarch64_ldset8_relax, values(""optimized-c"")) --check-cfg cfg(__aarch64_ldset8_acq, values(""optimized-c"")) --check-cfg cfg(__aarch64_ldset8_rel, values(""optimized-c"")) --check-cfg cfg(__aarch64_ldset8_acq_rel, values(""optimized-c"")) --check-cfg cfg(__aarch64_swp1_relax, values(""optimized-c"")) --check-cfg cfg(__aarch64_swp1_acq, values(""optimized-c"")) --check-cfg cfg(__aarch64_swp1_rel, values(""optimized-c"")) --check-cfg cfg(__aarch64_swp1_acq_rel, values(""optimized-c"")) --check-cfg cfg(__aarch64_swp2_relax, values(""optimized-c"")) --check-cfg cfg(__aarch64_swp2_acq, values(""optimized-c"")) --check-cfg cfg(__aarch64_swp2_rel, values(""optimized-c"")) --check-cfg cfg(__aarch64_swp2_acq_rel, values(""optimized-c"")) --check-cfg cfg(__aarch64_swp4_relax, values(""optimized-c"")) --check-cfg cfg(__aarch64_swp4_acq, values(""optimized-c"")) --check-cfg cfg(__aarch64_swp4_rel, values(""optimized-c"")) --check-cfg cfg(__aarch64_swp4_acq_rel, values(""optimized-c"")) --check-cfg cfg(__aarch64_swp8_relax, values(""optimized-c"")) --check-cfg cfg(__aarch64_swp8_acq, values(""optimized-c"")) --check-cfg cfg(__aarch64_swp8_rel, values(""optimized-c"")) --check-cfg cfg(__aarch64_swp8_acq_rel, values(""optimized-c"")) --check-cfg cfg(target_feature, values(""vis3"")) --check-cfg cfg(mem_unaligned) --check-cfg cfg(kernel_user_helpers)"
1780132214.593,22.756,9.593,68902,64.00,0.64,8.00,5,1,1,0,63.90,"/Users/txc/.rustup/toolchains/nightly-2026-04-27-aarch64-apple-darwin/bin/rustc --crate-name alloc --edition=2024 /Users/txc/.rustup/toolchains/nightly-2026-04-27-aarch64-apple-darwin/lib/rustlib/src/rust/library/alloc/src/lib.rs --error-format=json --json=diagnostic-rendered-ansi,artifacts,future-incompat --crate-type lib --emit=dep-info,metadata,link -C opt-level=3 -C linker-plugin-lto --warn=unexpected_cfgs --check-cfg cfg(no_global_oom_handling) --check-cfg cfg(no_rc) --check-cfg cfg(no_sync) --check-cfg cfg(docsrs,test) --check-cfg cfg(feature, values(""compiler-builtins-c"", ""compiler-builtins-mem"", ""optimize_for_size"")) -C metadata=a6f35e26d2584d1d -C extra-filename=-c68a4ab3c84776d3 --out-dir /private/tmp/host-starryos-aligned-j1-target-20260530T171000-native-j1/aarch64-unknown-none-softfloat/release/deps --target aarch64-unknown-none-softfloat -C strip=debuginfo -Z force-unstable-if-unmarked -L dependency=/private/tmp/host-starryos-aligned-j1-target-20260530T171000-native-j1/aarch64-unknown-none-softfloat/release/deps -L dependency=/private/tmp/host-starryos-aligned-j1-target-20260530T171000-native-j1/release/deps --extern priv:compiler_builtins=/private/tmp/host-starryos-aligned-j1-target-20260530T171000-native-j1/aarch64-unknown-none-softfloat/release/deps/libcompiler_builtins-fadd5bc9339268c7.rmeta --extern core=/private/tmp/host-starryos-aligned-j1-target-20260530T171000-native-j1/aarch64-unknown-none-softfloat/release/deps/libcore-24028a52cfebc9af.rmeta -Z unstable-options --cap-lints allow -Clink-arg=-Tlinker.x -Clink-arg=-no-pie -Clink-arg=-znostart-stop-gc"
1780132215.634,23.797,10.634,68902,0.10,0.00,0.01,5,0,1,1,0.10,"/Users/txc/.rustup/toolchains/nightly-2026-04-27-aarch64-apple-darwin/bin/cargo build -p starryos --bin starryos --target aarch64-unknown-none-softfloat -Z build-std=core,alloc,compiler_builtins --target-dir /private/tmp/host-starryos-aligned-j1-target-20260530T171000-native-j1 --features qemu,gic-v3,cntv-timer,smp --release"
1780132216.663,24.826,11.663,68902,0.00,0.00,0.00,5,1,1,0,0.00,bash /Users/txc/code/Auto-OS/showtime-2/scripts/run-host-aligned-starryos-oracle.sh
1780132217.695,25.858,12.695,68902,94.90,0.95,11.86,5,1,1,0,94.90,"/Users/txc/.rustup/toolchains/nightly-2026-04-27-aarch64-apple-darwin/bin/rustc --crate-name syn --edition=2021 /Users/txc/.cargo/registry/src/index.crates.io-1949cf8c6b5b557f/syn-2.0.117/src/lib.rs --error-format=json --json=diagnostic-rendered-ansi,artifacts,future-incompat --crate-type lib --emit=dep-info,metadata,link -C embed-bitcode=no -C debug-assertions=off --cfg feature=""clone-impls"" --cfg feature=""default"" --cfg feature=""derive"" --cfg feature=""extra-traits"" --cfg feature=""full"" --cfg feature=""parsing"" --cfg feature=""printing"" --cfg feature=""proc-macro"" --cfg feature=""visit"" --cfg feature=""visit-mut"" --check-cfg cfg(docsrs,test) --check-cfg cfg(feature, values(""clone-impls"", ""default"", ""derive"", ""extra-traits"", ""fold"", ""full"", ""parsing"", ""printing"", ""proc-macro"", ""test"", ""visit"", ""visit-mut"")) -C metadata=7c52b6323233c4a8 -C extra-filename=-2898b63a571bd6bb --out-dir /private/tmp/host-starryos-aligned-j1-target-20260530T171000-native-j1/release/deps -C strip=debuginfo -L dependency=/private/tmp/host-starryos-aligned-j1-target-20260530T171000-native-j1/release/deps --extern proc_macro2=/private/tmp/host-starryos-aligned-j1-target-20260530T171000-native-j1/release/deps/libproc_macro2-db7bb0f61d75eb4e.rmeta --extern quote=/private/tmp/host-starryos-aligned-j1-target-20260530T171000-native-j1/release/deps/libquote-cec908a394b3b7dc.rmeta --extern unicode_ident=/private/tmp/host-starryos-aligned-j1-target-20260530T171000-native-j1/release/deps/libunicode_ident-12f5667cc058b72b.rmeta --cap-lints allow"
1780132218.726,26.889,13.726,68902,6.00,0.06,0.75,5,1,1,0,5.30,"/Users/txc/.rustup/toolchains/nightly-2026-04-27-aarch64-apple-darwin/bin/rustc --crate-name strum_macros --edition=2021 /Users/txc/.cargo/registry/src/index.crates.io-1949cf8c6b5b557f/strum_macros-0.27.2/src/lib.rs --error-format=json --json=diagnostic-rendered-ansi,artifacts,future-incompat --crate-type proc-macro --emit=dep-info,link -C prefer-dynamic -C embed-bitcode=no -C debug-assertions=off --check-cfg cfg(docsrs,test) --check-cfg cfg(feature, values()) -C metadata=25c4933a01cc0d40 -C extra-filename=-2fd5de1e4df54793 --out-dir /private/tmp/host-starryos-aligned-j1-target-20260530T171000-native-j1/release/deps -C strip=debuginfo -L dependency=/private/tmp/host-starryos-aligned-j1-target-20260530T171000-native-j1/release/deps --extern heck=/private/tmp/host-starryos-aligned-j1-target-20260530T171000-native-j1/release/deps/libheck-9b8aca9a8a773f1f.rlib --extern proc_macro2=/private/tmp/host-starryos-aligned-j1-target-20260530T171000-native-j1/release/deps/libproc_macro2-db7bb0f61d75eb4e.rlib --extern quote=/private/tmp/host-starryos-aligned-j1-target-20260530T171000-native-j1/release/deps/libquote-cec908a394b3b7dc.rlib --extern syn=/private/tmp/host-starryos-aligned-j1-target-20260530T171000-native-j1/release/deps/libsyn-2898b63a571bd6bb.rlib --extern proc_macro --cap-lints allow"
1780132219.766,27.929,14.766,68902,0.60,0.01,0.07,5,0,1,0,0.50,(rustc)
1780132220.797,28.960,15.797,68902,0.00,0.00,0.00,5,1,1,0,0.00,bash /Users/txc/code/Auto-OS/showtime-2/scripts/run-host-aligned-starryos-oracle.sh
1780132221.827,29.990,16.827,68902,0.00,0.00,0.00,5,1,1,0,0.00,bash /Users/txc/code/Auto-OS/showtime-2/scripts/run-host-aligned-starryos-oracle.sh
1780132222.857,31.020,17.857,68902,0.00,0.00,0.00,5,1,1,0,0.00,bash /Users/txc/code/Auto-OS/showtime-2/scripts/run-host-aligned-starryos-oracle.sh
1780132223.889,32.052,18.889,68902,66.60,0.67,8.32,5,1,1,0,66.50,"/Users/txc/.rustup/toolchains/nightly-2026-04-27-aarch64-apple-darwin/bin/rustc --crate-name winnow --edition=2021 /Users/txc/.cargo/registry/src/index.crates.io-1949cf8c6b5b557f/winnow-0.7.15/src/lib.rs --error-format=json --json=diagnostic-rendered-ansi,artifacts,future-incompat --crate-type lib --emit=dep-info,metadata,link -C embed-bitcode=no --warn=rust_2018_idioms --warn=clippy::zero_sized_map_values --allow=clippy::wildcard_imports --warn=clippy::verbose_file_reads --warn=unused_macro_rules --warn=unused_lifetimes --warn=unsafe_op_in_unsafe_fn --warn=unreachable_pub --warn=unnameable_types --warn=clippy::uninlined_format_args --warn=clippy::trait_duplication_in_bounds --warn=clippy::todo --warn=clippy::string_lit_as_bytes --warn=clippy::string_add_assign --warn=clippy::string_add --warn=clippy::str_to_string --warn=clippy::semicolon_if_nothing_returned --warn=clippy::same_functions_in_if_condition --allow=clippy::result_large_err --warn=clippy::rest_pat_in_fully_bound_structs --warn=clippy::ref_option_ref --warn=clippy::redundant_feature_names --warn=clippy::rc_mutex --warn=clippy::ptr_as_ptr --warn=clippy::path_buf_push_overwrite --warn=clippy::negative_feature_names --warn=clippy::needless_for_each --allow=clippy::needless_continue --warn=clippy::mutex_integer --warn=clippy::mem_forget --warn=clippy::macro_use_imports --warn=clippy::lossy_float_literal --warn=clippy::linkedlist --allow=clippy::let_and_return --warn=clippy::large_types_passed_by_value --warn=clippy::large_stack_arrays --warn=clippy::large_digit_groups --warn=clippy::invalid_upcast_comparisons --warn=clippy::infinite_loop --warn=clippy::inefficient_to_string --warn=clippy::inconsistent_struct_constructor --warn=clippy::imprecise_flops --warn=clippy::implicit_clone --allow=clippy::if_same_then_else --warn=clippy::from_iter_instead_of_collect --warn=clippy::fn_params_excessive_bools --warn=clippy::float_cmp_const --warn=clippy::flat_map_option --warn=clippy::filter_map_next --warn=clippy::fallible_impl_from --warn=clippy::explicit_into_iter_loop --warn=clippy::explicit_deref_methods --warn=clippy::expl_impl_clone_on_copy --warn=clippy::enum_glob_use --warn=clippy::empty_enums --warn=clippy::doc_markdown --warn=clippy::debug_assert_with_mut_call --warn=clippy::dbg_macro --warn=clippy::create_dir --allow=clippy::collapsible_else_if --warn=clippy::checked_conversions --allow=clippy::branches_sharing_code --allow=clippy::bool_assert_comparison -C debug-assertions=off --cfg feature=""alloc"" --cfg feature=""default"" --cfg feature=""std"" --check-cfg cfg(docsrs,test) --check-cfg cfg(feature, values(""alloc"", ""debug"", ""default"", ""simd"", ""std"", ""unstable-doc"", ""unstable-recover"")) -C metadata=c7231766c1233a65 -C extra-filename=-68749521711265b1 --out-dir /private/tmp/host-starryos-aligned-j1-target-20260530T171000-native-j1/release/deps -C strip=debuginfo -L dependency=/private/tmp/host-starryos-aligned-j1-target-20260530T171000-native-j1/release/deps --cap-lints allow"
1780132224.918,33.081,19.918,68902,39.30,0.39,4.91,5,1,1,0,39.30,"/Users/txc/.rustup/toolchains/nightly-2026-04-27-aarch64-apple-darwin/bin/rustc --crate-name toml_edit --edition=2021 /Users/txc/.cargo/registry/src/index.crates.io-1949cf8c6b5b557f/toml_edit-0.22.27/src/lib.rs --error-format=json --json=diagnostic-rendered-ansi,artifacts,future-incompat --crate-type lib --emit=dep-info,metadata,link -C embed-bitcode=no --warn=rust_2018_idioms --warn=clippy::zero_sized_map_values --warn=clippy::wildcard_imports --warn=clippy::verbose_file_reads --warn=unused_qualifications --warn=unused_macro_rules --warn=unused_lifetimes --warn=unsafe_op_in_unsafe_fn --warn=unreachable_pub --allow=unnameable_types --warn=clippy::uninlined_format_args --warn=clippy::trait_duplication_in_bounds --warn=clippy::todo --warn=clippy::string_to_string --warn=clippy::string_lit_as_bytes --warn=clippy::string_add_assign --warn=clippy::string_add --warn=clippy::str_to_string --warn=clippy::semicolon_if_nothing_returned --warn=clippy::self_named_module_files --warn=clippy::same_functions_in_if_condition --allow=clippy::result_large_err --warn=clippy::rest_pat_in_fully_bound_structs --warn=clippy::ref_option_ref --warn=clippy::redundant_feature_names --warn=clippy::rc_mutex --warn=clippy::ptr_as_ptr --warn=clippy::path_buf_push_overwrite --warn=clippy::negative_feature_names --warn=clippy::needless_for_each --allow=clippy::needless_continue --warn=clippy::mutex_integer --warn=clippy::mem_forget --warn=clippy::macro_use_imports --warn=clippy::lossy_float_literal --warn=clippy::linkedlist --allow=clippy::let_and_return --warn=clippy::large_types_passed_by_value --warn=clippy::large_stack_arrays --warn=clippy::large_digit_groups --warn=clippy::invalid_upcast_comparisons --warn=clippy::infinite_loop --warn=clippy::inefficient_to_string --warn=clippy::inconsistent_struct_constructor --warn=clippy::imprecise_flops --warn=clippy::implicit_clone --allow=clippy::if_same_then_else --warn=clippy::from_iter_instead_of_collect --warn=clippy::fn_params_excessive_bools --warn=clippy::float_cmp_const --warn=clippy::flat_map_option --warn=clippy::filter_map_next --warn=clippy::fallible_impl_from --warn=clippy::explicit_into_iter_loop --warn=clippy::explicit_deref_methods --warn=clippy::expl_impl_clone_on_copy --warn=clippy::enum_glob_use --warn=clippy::empty_enum --warn=clippy::doc_markdown --warn=clippy::debug_assert_with_mut_call --warn=clippy::dbg_macro --warn=clippy::create_dir --allow=clippy::collapsible_else_if --warn=clippy::checked_conversions --allow=clippy::branches_sharing_code --allow=clippy::bool_assert_comparison -C debug-assertions=off --cfg feature=""default"" --cfg feature=""display"" --cfg feature=""parse"" --check-cfg cfg(docsrs,test) --check-cfg cfg(feature, values(""default"", ""display"", ""parse"", ""perf"", ""serde"", ""unbounded"", ""unstable-debug"")) -C metadata=9578d03093e498ae -C extra-filename=-f0a5f516db966c15 --out-dir /private/tmp/host-starryos-aligned-j1-target-20260530T171000-native-j1/release/deps -C strip=debuginfo -L dependency=/private/tmp/host-starryos-aligned-j1-target-20260530T171000-native-j1/release/deps --extern indexmap=/private/tmp/host-starryos-aligned-j1-target-20260530T171000-native-j1/release/deps/libindexmap-dca19c0357262269.rmeta --extern toml_datetime=/private/tmp/host-starryos-aligned-j1-target-20260530T171000-native-j1/release/deps/libtoml_datetime-cfc03d1396c86e05.rmeta --extern toml_write=/private/tmp/host-starryos-aligned-j1-target-20260530T171000-native-j1/release/deps/libtoml_write-4fc15e0ac977902c.rmeta --extern winnow=/private/tmp/host-starryos-aligned-j1-target-20260530T171000-native-j1/release/deps/libwinnow-68749521711265b1.rmeta --cap-lints allow"
1780132225.950,34.113,20.950,68902,94.70,0.95,11.84,5,1,1,0,94.70,"/Users/txc/.rustup/toolchains/nightly-2026-04-27-aarch64-apple-darwin/bin/rustc --crate-name aarch64_cpu --edition=2018 /Users/txc/.cargo/registry/src/index.crates.io-1949cf8c6b5b557f/aarch64-cpu-11.2.0/src/lib.rs --error-format=json --json=diagnostic-rendered-ansi,artifacts,future-incompat --crate-type lib --emit=dep-info,metadata,link -C opt-level=3 -C linker-plugin-lto --check-cfg cfg(docsrs,test) --check-cfg cfg(feature, values()) -C metadata=ab0b049b46e98163 -C extra-filename=-4fe84e24cf839704 --out-dir /private/tmp/host-starryos-aligned-j1-target-20260530T171000-native-j1/aarch64-unknown-none-softfloat/release/deps --target aarch64-unknown-none-softfloat -C strip=debuginfo -L dependency=/private/tmp/host-starryos-aligned-j1-target-20260530T171000-native-j1/aarch64-unknown-none-softfloat/release/deps -L dependency=/private/tmp/host-starryos-aligned-j1-target-20260530T171000-native-j1/release/deps --extern noprelude,nounused:alloc=/private/tmp/host-starryos-aligned-j1-target-20260530T171000-native-j1/aarch64-unknown-none-softfloat/release/deps/liballoc-c68a4ab3c84776d3.rmeta --extern noprelude,nounused:compiler_builtins=/private/tmp/host-starryos-aligned-j1-target-20260530T171000-native-j1/aarch64-unknown-none-softfloat/release/deps/libcompiler_builtins-fadd5bc9339268c7.rmeta --extern noprelude,nounused:core=/private/tmp/host-starryos-aligned-j1-target-20260530T171000-native-j1/aarch64-unknown-none-softfloat/release/deps/libcore-24028a52cfebc9af.rmeta --extern tock_registers=/private/tmp/host-starryos-aligned-j1-target-20260530T171000-native-j1/aarch64-unknown-none-softfloat/release/deps/libtock_registers-9f2626d76b818b6b.rmeta -Z unstable-options --cap-lints allow -Clink-arg=-Tlinker.x -Clink-arg=-no-pie -Clink-arg=-znostart-stop-gc"
1780132226.977,35.140,21.977,68902,20.50,0.20,2.56,5,0,1,0,20.00,(rustc)
1780132228.028,36.191,23.028,68902,0.40,0.00,0.05,5,0,1,1,0.40,"/Users/txc/.rustup/toolchains/nightly-2026-04-27-aarch64-apple-darwin/bin/cargo build -p starryos --bin starryos --target aarch64-unknown-none-softfloat -Z build-std=core,alloc,compiler_builtins --target-dir /private/tmp/host-starryos-aligned-j1-target-20260530T171000-native-j1 --features qemu,gic-v3,cntv-timer,smp --release"
1780132229.057,37.220,24.057,68902,3.80,0.04,0.48,5,1,1,0,3.20,"/Users/txc/.rustup/toolchains/nightly-2026-04-27-aarch64-apple-darwin/bin/rustc --crate-name num_traits --edition=2021 /Users/txc/.cargo/registry/src/index.crates.io-1949cf8c6b5b557f/num-traits-0.2.19/src/lib.rs --error-format=json --json=diagnostic-rendered-ansi,artifacts,future-incompat --crate-type lib --emit=dep-info,metadata,link -C opt-level=3 -C linker-plugin-lto --check-cfg cfg(docsrs,test) --check-cfg cfg(feature, values(""default"", ""i128"", ""libm"", ""std"")) -C metadata=2871c59e0adb621e -C extra-filename=-87539f660eef53eb --out-dir /private/tmp/host-starryos-aligned-j1-target-20260530T171000-native-j1/aarch64-unknown-none-softfloat/release/deps --target aarch64-unknown-none-softfloat -C strip=debuginfo -L dependency=/private/tmp/host-starryos-aligned-j1-target-20260530T171000-native-j1/aarch64-unknown-none-softfloat/release/deps -L dependency=/private/tmp/host-starryos-aligned-j1-target-20260530T171000-native-j1/release/deps --extern noprelude,nounused:alloc=/private/tmp/host-starryos-aligned-j1-target-20260530T171000-native-j1/aarch64-unknown-none-softfloat/release/deps/liballoc-c68a4ab3c84776d3.rmeta --extern noprelude,nounused:compiler_builtins=/private/tmp/host-starryos-aligned-j1-target-20260530T171000-native-j1/aarch64-unknown-none-softfloat/release/deps/libcompiler_builtins-fadd5bc9339268c7.rmeta --extern noprelude,nounused:core=/private/tmp/host-starryos-aligned-j1-target-20260530T171000-native-j1/aarch64-unknown-none-softfloat/release/deps/libcore-24028a52cfebc9af.rmeta -Z unstable-options --cap-lints allow -Clink-arg=-Tlinker.x -Clink-arg=-no-pie -Clink-arg=-znostart-stop-gc --cfg has_total_cmp --check-cfg cfg(has_total_cmp)"
1780132230.086,38.249,25.086,68902,0.00,0.00,0.00,5,1,1,0,0.00,bash /Users/txc/code/Auto-OS/showtime-2/scripts/run-host-aligned-starryos-oracle.sh
1780132231.118,39.281,26.118,68902,45.00,0.45,5.62,5,1,1,0,44.70,"/Users/txc/.rustup/toolchains/nightly-2026-04-27-aarch64-apple-darwin/bin/rustc --crate-name chrono --edition=2021 /Users/txc/.cargo/registry/src/index.crates.io-1949cf8c6b5b557f/chrono-0.4.44/src/lib.rs --error-format=json --json=diagnostic-rendered-ansi,artifacts,future-incompat --crate-type lib --emit=dep-info,metadata,link -C opt-level=3 -C linker-plugin-lto --check-cfg cfg(docsrs,test) --check-cfg cfg(feature, values(""__internal_bench"", ""alloc"", ""arbitrary"", ""clock"", ""core-error"", ""default"", ""defmt"", ""iana-time-zone"", ""js-sys"", ""libc"", ""now"", ""oldtime"", ""pure-rust-locales"", ""rkyv"", ""rkyv-16"", ""rkyv-32"", ""rkyv-64"", ""rkyv-validation"", ""serde"", ""std"", ""unstable-locales"", ""wasm-bindgen"", ""wasmbind"", ""winapi"", ""windows-link"")) -C metadata=98673ad99eb6f8e4 -C extra-filename=-74fe4398c75daf6d --out-dir /private/tmp/host-starryos-aligned-j1-target-20260530T171000-native-j1/aarch64-unknown-none-softfloat/release/deps --target aarch64-unknown-none-softfloat -C strip=debuginfo -L dependency=/private/tmp/host-starryos-aligned-j1-target-20260530T171000-native-j1/aarch64-unknown-none-softfloat/release/deps -L dependency=/private/tmp/host-starryos-aligned-j1-target-20260530T171000-native-j1/release/deps --extern noprelude,nounused:alloc=/private/tmp/host-starryos-aligned-j1-target-20260530T171000-native-j1/aarch64-unknown-none-softfloat/release/deps/liballoc-c68a4ab3c84776d3.rmeta --extern noprelude,nounused:compiler_builtins=/private/tmp/host-starryos-aligned-j1-target-20260530T171000-native-j1/aarch64-unknown-none-softfloat/release/deps/libcompiler_builtins-fadd5bc9339268c7.rmeta --extern noprelude,nounused:core=/private/tmp/host-starryos-aligned-j1-target-20260530T171000-native-j1/aarch64-unknown-none-softfloat/release/deps/libcore-24028a52cfebc9af.rmeta --extern num_traits=/private/tmp/host-starryos-aligned-j1-target-20260530T171000-native-j1/aarch64-unknown-none-softfloat/release/deps/libnum_traits-87539f660eef53eb.rmeta -Z unstable-options --cap-lints allow -Clink-arg=-Tlinker.x -Clink-arg=-no-pie -Clink-arg=-znostart-stop-gc"
1780132232.149,40.311,27.149,68902,3.30,0.03,0.41,5,1,1,0,2.80,"/Users/txc/.rustup/toolchains/nightly-2026-04-27-aarch64-apple-darwin/bin/rustc --crate-name ax_plat_macros --edition=2024 components/axplat_crates/axplat-macros/src/lib.rs --error-format=json --json=diagnostic-rendered-ansi,artifacts,future-incompat --crate-type proc-macro --emit=dep-info,link -C prefer-dynamic -C embed-bitcode=no -C debug-assertions=off --check-cfg cfg(docsrs,test) --check-cfg cfg(feature, values()) -C metadata=0b5bd1975edf48d3 -C extra-filename=-83dd6e48f7251b92 --out-dir /private/tmp/host-starryos-aligned-j1-target-20260530T171000-native-j1/release/deps -C strip=debuginfo -L dependency=/private/tmp/host-starryos-aligned-j1-target-20260530T171000-native-j1/release/deps --extern proc_macro2=/private/tmp/host-starryos-aligned-j1-target-20260530T171000-native-j1/release/deps/libproc_macro2-db7bb0f61d75eb4e.rlib --extern quote=/private/tmp/host-starryos-aligned-j1-target-20260530T171000-native-j1/release/deps/libquote-cec908a394b3b7dc.rlib --extern syn=/private/tmp/host-starryos-aligned-j1-target-20260530T171000-native-j1/release/deps/libsyn-2898b63a571bd6bb.rlib --extern proc_macro"
1780132233.183,41.346,28.183,68902,3.30,0.03,0.41,5,1,1,0,2.80,"/Users/txc/.rustup/toolchains/nightly-2026-04-27-aarch64-apple-darwin/bin/rustc --crate-name ax_plat --edition=2024 components/axplat_crates/axplat/src/lib.rs --error-format=json --json=diagnostic-rendered-ansi,artifacts,future-incompat --crate-type lib --emit=dep-info,metadata,link -C opt-level=3 -C linker-plugin-lto --cfg feature=""irq"" --cfg feature=""smp"" --check-cfg cfg(docsrs,test) --check-cfg cfg(feature, values(""irq"", ""smp"")) -C metadata=a505b721b2560fec -C extra-filename=-98778102cb250527 --out-dir /private/tmp/host-starryos-aligned-j1-target-20260530T171000-native-j1/aarch64-unknown-none-softfloat/release/deps --target aarch64-unknown-none-softfloat -C strip=debuginfo -L dependency=/private/tmp/host-starryos-aligned-j1-target-20260530T171000-native-j1/aarch64-unknown-none-softfloat/release/deps -L dependency=/private/tmp/host-starryos-aligned-j1-target-20260530T171000-native-j1/release/deps --extern noprelude,nounused:alloc=/private/tmp/host-starryos-aligned-j1-target-20260530T171000-native-j1/aarch64-unknown-none-softfloat/release/deps/liballoc-c68a4ab3c84776d3.rmeta --extern ax_crate_interface=/private/tmp/host-starryos-aligned-j1-target-20260530T171000-native-j1/release/deps/libax_crate_interface-d50630bab43909eb.dylib --extern ax_handler_table=/private/tmp/host-starryos-aligned-j1-target-20260530T171000-native-j1/aarch64-unknown-none-softfloat/release/deps/libax_handler_table-fe147120fb1d9d4c.rmeta --extern ax_kspin=/private/tmp/host-starryos-aligned-j1-target-20260530T171000-native-j1/aarch64-unknown-none-softfloat/release/deps/libax_kspin-7f23ffbe8e419cf0.rmeta --extern ax_memory_addr=/private/tmp/host-starryos-aligned-j1-target-20260530T171000-native-j1/aarch64-unknown-none-softfloat/release/deps/libax_memory_addr-5fbe6a7a31cdcc28.rmeta --extern ax_percpu=/private/tmp/host-starryos-aligned-j1-target-20260530T171000-native-j1/aarch64-unknown-none-softfloat/release/deps/libax_percpu-e92e29125c3fa843.rmeta --extern ax_plat_macros=/private/tmp/host-starryos-aligned-j1-target-20260530T171000-native-j1/release/deps/libax_plat_macros-83dd6e48f7251b92.dylib --extern bitflags=/private/tmp/host-starryos-aligned-j1-target-20260530T171000-native-j1/aarch64-unknown-none-softfloat/release/deps/libbitflags-b40d3a41ae981966.rmeta --extern noprelude,nounused:compiler_builtins=/private/tmp/host-starryos-aligned-j1-target-20260530T171000-native-j1/aarch64-unknown-none-softfloat/release/deps/libcompiler_builtins-fadd5bc9339268c7.rmeta --extern const_str=/private/tmp/host-starryos-aligned-j1-target-20260530T171000-native-j1/aarch64-unknown-none-softfloat/release/deps/libconst_str-790aae1de3c40816.rmeta --extern noprelude,nounused:core=/private/tmp/host-starryos-aligned-j1-target-20260530T171000-native-j1/aarch64-unknown-none-softfloat/release/deps/libcore-24028a52cfebc9af.rmeta -Z unstable-options -Clink-arg=-Tlinker.x -Clink-arg=-no-pie -Clink-arg=-znostart-stop-gc"
1780132234.214,42.377,29.214,68902,0.00,0.00,0.00,4,0,1,0,0.00,bash /Users/txc/code/Auto-OS/showtime-2/scripts/run-host-aligned-starryos-oracle.sh
1780132235.273,43.436,30.273,68902,0.40,0.00,0.05,5,1,1,0,0.40,"/Users/txc/.rustup/toolchains/nightly-2026-04-27-aarch64-apple-darwin/bin/rustc --crate-name ax_config --edition=2024 os/arceos/modules/axconfig/src/lib.rs --error-format=json --json=diagnostic-rendered-ansi,artifacts,future-incompat --crate-type lib --emit=dep-info,metadata,link -C embed-bitcode=no -C debug-assertions=off --cfg feature=""default"" --check-cfg cfg(docsrs,test) --check-cfg cfg(feature, values(""default"", ""plat-dyn"")) -C metadata=699b2eee201682ec -C extra-filename=-d4bbf8629e834968 --out-dir /private/tmp/host-starryos-aligned-j1-target-20260530T171000-native-j1/release/deps -C strip=debuginfo -L dependency=/private/tmp/host-starryos-aligned-j1-target-20260530T171000-native-j1/release/deps --extern ax_config_macros=/private/tmp/host-starryos-aligned-j1-target-20260530T171000-native-j1/release/deps/libax_config_macros-0fcf206535a0a44c.dylib"
1780132236.302,44.465,31.302,68902,56.10,0.56,7.01,5,1,1,0,56.10,"/Users/txc/.rustup/toolchains/nightly-2026-04-27-aarch64-apple-darwin/bin/rustc --crate-name arm_gic_driver --edition=2024 drivers/intc/arm-gic-driver/src/lib.rs --error-format=json --json=diagnostic-rendered-ansi,artifacts,future-incompat --crate-type lib --emit=dep-info,metadata,link -C opt-level=3 -C linker-plugin-lto --check-cfg cfg(docsrs,test) --check-cfg cfg(feature, values(""rdif"", ""rdif-intc"")) -C metadata=f0f0ecda57bf24b3 -C extra-filename=-e2445fa0b52458c3 --out-dir /private/tmp/host-starryos-aligned-j1-target-20260530T171000-native-j1/aarch64-unknown-none-softfloat/release/deps --target aarch64-unknown-none-softfloat -C strip=debuginfo -L dependency=/private/tmp/host-starryos-aligned-j1-target-20260530T171000-native-j1/aarch64-unknown-none-softfloat/release/deps -L dependency=/private/tmp/host-starryos-aligned-j1-target-20260530T171000-native-j1/release/deps --extern aarch64_cpu=/private/tmp/host-starryos-aligned-j1-target-20260530T171000-native-j1/aarch64-unknown-none-softfloat/release/deps/libaarch64_cpu-4fe84e24cf839704.rmeta --extern noprelude,nounused:alloc=/private/tmp/host-starryos-aligned-j1-target-20260530T171000-native-j1/aarch64-unknown-none-softfloat/release/deps/liballoc-c68a4ab3c84776d3.rmeta --extern bitflags=/private/tmp/host-starryos-aligned-j1-target-20260530T171000-native-j1/aarch64-unknown-none-softfloat/release/deps/libbitflags-b40d3a41ae981966.rmeta --extern noprelude,nounused:compiler_builtins=/private/tmp/host-starryos-aligned-j1-target-20260530T171000-native-j1/aarch64-unknown-none-softfloat/release/deps/libcompiler_builtins-fadd5bc9339268c7.rmeta --extern noprelude,nounused:core=/private/tmp/host-starryos-aligned-j1-target-20260530T171000-native-j1/aarch64-unknown-none-softfloat/release/deps/libcore-24028a52cfebc9af.rmeta --extern enum_dispatch=/private/tmp/host-starryos-aligned-j1-target-20260530T171000-native-j1/release/deps/libenum_dispatch-621e877153440a5f.dylib --extern log=/private/tmp/host-starryos-aligned-j1-target-20260530T171000-native-j1/aarch64-unknown-none-softfloat/release/deps/liblog-46941cba8dbfbda7.rmeta --extern paste=/private/tmp/host-starryos-aligned-j1-target-20260530T171000-native-j1/release/deps/libpaste-b6c0e86be3ea7b2f.dylib --extern tock_registers=/private/tmp/host-starryos-aligned-j1-target-20260530T171000-native-j1/aarch64-unknown-none-softfloat/release/deps/libtock_registers-9f2626d76b818b6b.rmeta -Z unstable-options -Clink-arg=-Tlinker.x -Clink-arg=-no-pie -Clink-arg=-znostart-stop-gc"
1780132237.332,45.495,32.332,68902,0.00,0.00,0.00,5,1,1,0,0.00,bash /Users/txc/code/Auto-OS/showtime-2/scripts/run-host-aligned-starryos-oracle.sh
1780132238.387,46.550,33.387,68902,5.10,0.05,0.64,5,1,1,0,4.80,"/Users/txc/.rustup/toolchains/nightly-2026-04-27-aarch64-apple-darwin/bin/rustc --crate-name zerocopy --edition=2021 /Users/txc/.cargo/registry/src/index.crates.io-1949cf8c6b5b557f/zerocopy-0.8.48/src/lib.rs --error-format=json --json=diagnostic-rendered-ansi,artifacts,future-incompat --crate-type lib --emit=dep-info,metadata,link -C opt-level=3 -C linker-plugin-lto --cfg feature=""alloc"" --cfg feature=""derive"" --cfg feature=""zerocopy-derive"" --check-cfg cfg(docsrs,test) --check-cfg cfg(feature, values(""__internal_use_only_features_that_work_on_stable"", ""alloc"", ""derive"", ""float-nightly"", ""simd"", ""simd-nightly"", ""std"", ""zerocopy-derive"")) -C metadata=c3b59b0e3908ab17 -C extra-filename=-f0465a348003893d --out-dir /private/tmp/host-starryos-aligned-j1-target-20260530T171000-native-j1/aarch64-unknown-none-softfloat/release/deps --target aarch64-unknown-none-softfloat -C strip=debuginfo -L dependency=/private/tmp/host-starryos-aligned-j1-target-20260530T171000-native-j1/aarch64-unknown-none-softfloat/release/deps -L dependency=/private/tmp/host-starryos-aligned-j1-target-20260530T171000-native-j1/release/deps --extern noprelude,nounused:alloc=/private/tmp/host-starryos-aligned-j1-target-20260530T171000-native-j1/aarch64-unknown-none-softfloat/release/deps/liballoc-c68a4ab3c84776d3.rmeta --extern noprelude,nounused:compiler_builtins=/private/tmp/host-starryos-aligned-j1-target-20260530T171000-native-j1/aarch64-unknown-none-softfloat/release/deps/libcompiler_builtins-fadd5bc9339268c7.rmeta --extern noprelude,nounused:core=/private/tmp/host-starryos-aligned-j1-target-20260530T171000-native-j1/aarch64-unknown-none-softfloat/release/deps/libcore-24028a52cfebc9af.rmeta --extern zerocopy_derive=/private/tmp/host-starryos-aligned-j1-target-20260530T171000-native-j1/release/deps/libzerocopy_derive-3dfd3c1af9caab1e.dylib -Z unstable-options --cap-lints allow -Clink-arg=-Tlinker.x -Clink-arg=-no-pie -Clink-arg=-znostart-stop-gc --check-cfg cfg(no_zerocopy_simd_x86_avx12_1_89_0) --check-cfg cfg(rust, values(""1.89.0"")) --check-cfg cfg(no_zerocopy_core_error_1_81_0) --check-cfg cfg(rust, values(""1.81.0"")) --check-cfg cfg(no_zerocopy_diagnostic_on_unimplemented_1_78_0) --check-cfg cfg(rust, values(""1.78.0"")) --check-cfg cfg(no_zerocopy_generic_bounds_in_const_fn_1_61_0) --check-cfg cfg(rust, values(""1.61.0"")) --check-cfg cfg(no_zerocopy_target_has_atomics_1_60_0) --check-cfg cfg(rust, values(""1.60.0"")) --check-cfg cfg(no_zerocopy_aarch64_simd_1_59_0) --check-cfg cfg(rust, values(""1.59.0"")) --check-cfg cfg(no_zerocopy_aarch64_simd_be_1_87_0) --check-cfg cfg(rust, values(""1.87.0"")) --check-cfg cfg(no_zerocopy_panic_in_const_and_vec_try_reserve_1_57_0) --check-cfg cfg(rust, values(""1.57.0"")) --check-cfg cfg(doc_cfg) --check-cfg cfg(kani) --check-cfg cfg(__ZEROCOPY_INTERNAL_USE_ONLY_NIGHTLY_FEATURES_IN_TESTS) --check-cfg cfg(__ZEROCOPY_INTERNAL_USE_ONLY_DEV_MODE) --check-cfg cfg(coverage_nightly) --check-cfg cfg(zerocopy_inline_always)"
1780132239.420,47.583,34.420,68902,94.40,0.94,11.80,5,1,1,0,94.40,"/Users/txc/.rustup/toolchains/nightly-2026-04-27-aarch64-apple-darwin/bin/rustc --crate-name zerocopy --edition=2021 /Users/txc/.cargo/registry/src/index.crates.io-1949cf8c6b5b557f/zerocopy-0.8.48/src/lib.rs --error-format=json --json=diagnostic-rendered-ansi,artifacts,future-incompat --crate-type lib --emit=dep-info,metadata,link -C opt-level=3 -C linker-plugin-lto --cfg feature=""alloc"" --cfg feature=""derive"" --cfg feature=""zerocopy-derive"" --check-cfg cfg(docsrs,test) --check-cfg cfg(feature, values(""__internal_use_only_features_that_work_on_stable"", ""alloc"", ""derive"", ""float-nightly"", ""simd"", ""simd-nightly"", ""std"", ""zerocopy-derive"")) -C metadata=c3b59b0e3908ab17 -C extra-filename=-f0465a348003893d --out-dir /private/tmp/host-starryos-aligned-j1-target-20260530T171000-native-j1/aarch64-unknown-none-softfloat/release/deps --target aarch64-unknown-none-softfloat -C strip=debuginfo -L dependency=/private/tmp/host-starryos-aligned-j1-target-20260530T171000-native-j1/aarch64-unknown-none-softfloat/release/deps -L dependency=/private/tmp/host-starryos-aligned-j1-target-20260530T171000-native-j1/release/deps --extern noprelude,nounused:alloc=/private/tmp/host-starryos-aligned-j1-target-20260530T171000-native-j1/aarch64-unknown-none-softfloat/release/deps/liballoc-c68a4ab3c84776d3.rmeta --extern noprelude,nounused:compiler_builtins=/private/tmp/host-starryos-aligned-j1-target-20260530T171000-native-j1/aarch64-unknown-none-softfloat/release/deps/libcompiler_builtins-fadd5bc9339268c7.rmeta --extern noprelude,nounused:core=/private/tmp/host-starryos-aligned-j1-target-20260530T171000-native-j1/aarch64-unknown-none-softfloat/release/deps/libcore-24028a52cfebc9af.rmeta --extern zerocopy_derive=/private/tmp/host-starryos-aligned-j1-target-20260530T171000-native-j1/release/deps/libzerocopy_derive-3dfd3c1af9caab1e.dylib -Z unstable-options --cap-lints allow -Clink-arg=-Tlinker.x -Clink-arg=-no-pie -Clink-arg=-znostart-stop-gc --check-cfg cfg(no_zerocopy_simd_x86_avx12_1_89_0) --check-cfg cfg(rust, values(""1.89.0"")) --check-cfg cfg(no_zerocopy_core_error_1_81_0) --check-cfg cfg(rust, values(""1.81.0"")) --check-cfg cfg(no_zerocopy_diagnostic_on_unimplemented_1_78_0) --check-cfg cfg(rust, values(""1.78.0"")) --check-cfg cfg(no_zerocopy_generic_bounds_in_const_fn_1_61_0) --check-cfg cfg(rust, values(""1.61.0"")) --check-cfg cfg(no_zerocopy_target_has_atomics_1_60_0) --check-cfg cfg(rust, values(""1.60.0"")) --check-cfg cfg(no_zerocopy_aarch64_simd_1_59_0) --check-cfg cfg(rust, values(""1.59.0"")) --check-cfg cfg(no_zerocopy_aarch64_simd_be_1_87_0) --check-cfg cfg(rust, values(""1.87.0"")) --check-cfg cfg(no_zerocopy_panic_in_const_and_vec_try_reserve_1_57_0) --check-cfg cfg(rust, values(""1.57.0"")) --check-cfg cfg(doc_cfg) --check-cfg cfg(kani) --check-cfg cfg(__ZEROCOPY_INTERNAL_USE_ONLY_NIGHTLY_FEATURES_IN_TESTS) --check-cfg cfg(__ZEROCOPY_INTERNAL_USE_ONLY_DEV_MODE) --check-cfg cfg(coverage_nightly) --check-cfg cfg(zerocopy_inline_always)"
1780132240.452,48.615,35.452,68902,25.40,0.25,3.17,5,0,1,0,24.90,(rustc)
1780132241.483,49.645,36.483,68902,0.00,0.00,0.00,5,0,1,0,0.00,bash /Users/txc/code/Auto-OS/showtime-2/scripts/run-host-aligned-starryos-oracle.sh
1780132242.508,50.671,37.508,68902,35.90,0.36,4.49,5,1,1,0,35.40,"/Users/txc/.rustup/toolchains/nightly-2026-04-27-aarch64-apple-darwin/bin/rustc --crate-name gpt_disk_types --edition=2021 /Users/txc/.cargo/registry/src/index.crates.io-1949cf8c6b5b557f/gpt_disk_types-0.16.1/src/lib.rs --error-format=json --json=diagnostic-rendered-ansi,artifacts,future-incompat --crate-type lib --emit=dep-info,metadata,link -C opt-level=3 -C linker-plugin-lto --cfg feature=""bytemuck"" --check-cfg cfg(docsrs,test) --check-cfg cfg(feature, values(""bytemuck"", ""std"")) -C metadata=814e0446895a00fb -C extra-filename=-0903cd9f18df6b5e --out-dir /private/tmp/host-starryos-aligned-j1-target-20260530T171000-native-j1/aarch64-unknown-none-softfloat/release/deps --target aarch64-unknown-none-softfloat -C strip=debuginfo -L dependency=/private/tmp/host-starryos-aligned-j1-target-20260530T171000-native-j1/aarch64-unknown-none-softfloat/release/deps -L dependency=/private/tmp/host-starryos-aligned-j1-target-20260530T171000-native-j1/release/deps --extern noprelude,nounused:alloc=/private/tmp/host-starryos-aligned-j1-target-20260530T171000-native-j1/aarch64-unknown-none-softfloat/release/deps/liballoc-c68a4ab3c84776d3.rmeta --extern bytemuck=/private/tmp/host-starryos-aligned-j1-target-20260530T171000-native-j1/aarch64-unknown-none-softfloat/release/deps/libbytemuck-15a6f44120f3ae6f.rmeta --extern noprelude,nounused:compiler_builtins=/private/tmp/host-starryos-aligned-j1-target-20260530T171000-native-j1/aarch64-unknown-none-softfloat/release/deps/libcompiler_builtins-fadd5bc9339268c7.rmeta --extern noprelude,nounused:core=/private/tmp/host-starryos-aligned-j1-target-20260530T171000-native-j1/aarch64-unknown-none-softfloat/release/deps/libcore-24028a52cfebc9af.rmeta --extern crc=/private/tmp/host-starryos-aligned-j1-target-20260530T171000-native-j1/aarch64-unknown-none-softfloat/release/deps/libcrc-29a0f0701d4c585f.rmeta --extern ucs2=/private/tmp/host-starryos-aligned-j1-target-20260530T171000-native-j1/aarch64-unknown-none-softfloat/release/deps/libucs2-6bcbffa40625e6fe.rmeta --extern uguid=/private/tmp/host-starryos-aligned-j1-target-20260530T171000-native-j1/aarch64-unknown-none-softfloat/release/deps/libuguid-5869311f0ea3069b.rmeta -Z unstable-options --cap-lints allow -Clink-arg=-Tlinker.x -Clink-arg=-no-pie -Clink-arg=-znostart-stop-gc"
1780132243.540,51.702,38.540,68902,6.40,0.06,0.80,5,1,1,0,6.00,"/Users/txc/.rustup/toolchains/nightly-2026-04-27-aarch64-apple-darwin/bin/rustc --crate-name virtio_drivers --edition=2024 /Users/txc/.cargo/registry/src/index.crates.io-1949cf8c6b5b557f/virtio-drivers-0.13.0/src/lib.rs --error-format=json --json=diagnostic-rendered-ansi,artifacts,future-incompat --crate-type lib --emit=dep-info,metadata,link -C opt-level=3 -C linker-plugin-lto --cfg feature=""alloc"" --check-cfg cfg(docsrs,test) --check-cfg cfg(feature, values(""alloc"", ""default"", ""embedded-io"")) -C metadata=95947261bba3424f -C extra-filename=-6179c7b2c729c37e --out-dir /private/tmp/host-starryos-aligned-j1-target-20260530T171000-native-j1/aarch64-unknown-none-softfloat/release/deps --target aarch64-unknown-none-softfloat -C strip=debuginfo -L dependency=/private/tmp/host-starryos-aligned-j1-target-20260530T171000-native-j1/aarch64-unknown-none-softfloat/release/deps -L dependency=/private/tmp/host-starryos-aligned-j1-target-20260530T171000-native-j1/release/deps --extern noprelude,nounused:alloc=/private/tmp/host-starryos-aligned-j1-target-20260530T171000-native-j1/aarch64-unknown-none-softfloat/release/deps/liballoc-c68a4ab3c84776d3.rmeta --extern bitflags=/private/tmp/host-starryos-aligned-j1-target-20260530T171000-native-j1/aarch64-unknown-none-softfloat/release/deps/libbitflags-b40d3a41ae981966.rmeta --extern noprelude,nounused:compiler_builtins=/private/tmp/host-starryos-aligned-j1-target-20260530T171000-native-j1/aarch64-unknown-none-softfloat/release/deps/libcompiler_builtins-fadd5bc9339268c7.rmeta --extern noprelude,nounused:core=/private/tmp/host-starryos-aligned-j1-target-20260530T171000-native-j1/aarch64-unknown-none-softfloat/release/deps/libcore-24028a52cfebc9af.rmeta --extern enumn=/private/tmp/host-starryos-aligned-j1-target-20260530T171000-native-j1/release/deps/libenumn-5207a548092dfb47.dylib --extern log=/private/tmp/host-starryos-aligned-j1-target-20260530T171000-native-j1/aarch64-unknown-none-softfloat/release/deps/liblog-46941cba8dbfbda7.rmeta --extern safe_mmio=/private/tmp/host-starryos-aligned-j1-target-20260530T171000-native-j1/aarch64-unknown-none-softfloat/release/deps/libsafe_mmio-50aad0d93236e9d7.rmeta --extern thiserror=/private/tmp/host-starryos-aligned-j1-target-20260530T171000-native-j1/aarch64-unknown-none-softfloat/release/deps/libthiserror-ae8fdce2ac0b5875.rmeta --extern zerocopy=/private/tmp/host-starryos-aligned-j1-target-20260530T171000-native-j1/aarch64-unknown-none-softfloat/release/deps/libzerocopy-f0465a348003893d.rmeta -Z unstable-options --cap-lints allow -Clink-arg=-Tlinker.x -Clink-arg=-no-pie -Clink-arg=-znostart-stop-gc"
1780132244.569,52.732,39.569,68902,90.50,0.91,11.31,5,1,1,0,90.50,"/Users/txc/.rustup/toolchains/nightly-2026-04-27-aarch64-apple-darwin/bin/rustc --crate-name virtio_drivers --edition=2024 /Users/txc/.cargo/registry/src/index.crates.io-1949cf8c6b5b557f/virtio-drivers-0.13.0/src/lib.rs --error-format=json --json=diagnostic-rendered-ansi,artifacts,future-incompat --crate-type lib --emit=dep-info,metadata,link -C opt-level=3 -C linker-plugin-lto --cfg feature=""alloc"" --check-cfg cfg(docsrs,test) --check-cfg cfg(feature, values(""alloc"", ""default"", ""embedded-io"")) -C metadata=95947261bba3424f -C extra-filename=-6179c7b2c729c37e --out-dir /private/tmp/host-starryos-aligned-j1-target-20260530T171000-native-j1/aarch64-unknown-none-softfloat/release/deps --target aarch64-unknown-none-softfloat -C strip=debuginfo -L dependency=/private/tmp/host-starryos-aligned-j1-target-20260530T171000-native-j1/aarch64-unknown-none-softfloat/release/deps -L dependency=/private/tmp/host-starryos-aligned-j1-target-20260530T171000-native-j1/release/deps --extern noprelude,nounused:alloc=/private/tmp/host-starryos-aligned-j1-target-20260530T171000-native-j1/aarch64-unknown-none-softfloat/release/deps/liballoc-c68a4ab3c84776d3.rmeta --extern bitflags=/private/tmp/host-starryos-aligned-j1-target-20260530T171000-native-j1/aarch64-unknown-none-softfloat/release/deps/libbitflags-b40d3a41ae981966.rmeta --extern noprelude,nounused:compiler_builtins=/private/tmp/host-starryos-aligned-j1-target-20260530T171000-native-j1/aarch64-unknown-none-softfloat/release/deps/libcompiler_builtins-fadd5bc9339268c7.rmeta --extern noprelude,nounused:core=/private/tmp/host-starryos-aligned-j1-target-20260530T171000-native-j1/aarch64-unknown-none-softfloat/release/deps/libcore-24028a52cfebc9af.rmeta --extern enumn=/private/tmp/host-starryos-aligned-j1-target-20260530T171000-native-j1/release/deps/libenumn-5207a548092dfb47.dylib --extern log=/private/tmp/host-starryos-aligned-j1-target-20260530T171000-native-j1/aarch64-unknown-none-softfloat/release/deps/liblog-46941cba8dbfbda7.rmeta --extern safe_mmio=/private/tmp/host-starryos-aligned-j1-target-20260530T171000-native-j1/aarch64-unknown-none-softfloat/release/deps/libsafe_mmio-50aad0d93236e9d7.rmeta --extern thiserror=/private/tmp/host-starryos-aligned-j1-target-20260530T171000-native-j1/aarch64-unknown-none-softfloat/release/deps/libthiserror-ae8fdce2ac0b5875.rmeta --extern zerocopy=/private/tmp/host-starryos-aligned-j1-target-20260530T171000-native-j1/aarch64-unknown-none-softfloat/release/deps/libzerocopy-f0465a348003893d.rmeta -Z unstable-options --cap-lints allow -Clink-arg=-Tlinker.x -Clink-arg=-no-pie -Clink-arg=-znostart-stop-gc"
1780132245.601,53.764,40.601,68902,16.80,0.17,2.10,5,0,1,0,16.10,(rustc)
1780132246.630,54.793,41.630,68902,31.20,0.31,3.90,5,1,1,0,30.90,"/Users/txc/.rustup/toolchains/nightly-2026-04-27-aarch64-apple-darwin/bin/rustc --crate-name futures_macro --edition=2018 /Users/txc/.cargo/registry/src/index.crates.io-1949cf8c6b5b557f/futures-macro-0.3.32/src/lib.rs --error-format=json --json=diagnostic-rendered-ansi,artifacts,future-incompat --crate-type proc-macro --emit=dep-info,link -C prefer-dynamic -C embed-bitcode=no --warn=unreachable_pub --warn=unexpected_cfgs --warn=single_use_lifetimes --warn=rust_2018_idioms --warn=missing_debug_implementations --check-cfg cfg(futures_sanitizer) -C debug-assertions=off --check-cfg cfg(docsrs,test) --check-cfg cfg(feature, values()) -C metadata=fe376d0ef67537cc -C extra-filename=-948a01527a647cb1 --out-dir /private/tmp/host-starryos-aligned-j1-target-20260530T171000-native-j1/release/deps -C strip=debuginfo -L dependency=/private/tmp/host-starryos-aligned-j1-target-20260530T171000-native-j1/release/deps --extern proc_macro2=/private/tmp/host-starryos-aligned-j1-target-20260530T171000-native-j1/release/deps/libproc_macro2-db7bb0f61d75eb4e.rlib --extern quote=/private/tmp/host-starryos-aligned-j1-target-20260530T171000-native-j1/release/deps/libquote-cec908a394b3b7dc.rlib --extern syn=/private/tmp/host-starryos-aligned-j1-target-20260530T171000-native-j1/release/deps/libsyn-2898b63a571bd6bb.rlib --extern proc_macro --cap-lints allow"
1780132247.664,55.827,42.664,68902,9.00,0.09,1.12,5,1,1,0,8.40,"/Users/txc/.rustup/toolchains/nightly-2026-04-27-aarch64-apple-darwin/bin/rustc --crate-name futures_util --edition=2018 /Users/txc/.cargo/registry/src/index.crates.io-1949cf8c6b5b557f/futures-util-0.3.32/src/lib.rs --error-format=json --json=diagnostic-rendered-ansi,artifacts,future-incompat --crate-type lib --emit=dep-info,metadata,link -C opt-level=3 -C linker-plugin-lto --warn=unreachable_pub --warn=unexpected_cfgs --warn=single_use_lifetimes --warn=rust_2018_idioms --warn=missing_debug_implementations --check-cfg cfg(futures_sanitizer) --cfg feature=""alloc"" --cfg feature=""async-await"" --cfg feature=""async-await-macro"" --cfg feature=""futures-macro"" --cfg feature=""slab"" --check-cfg cfg(docsrs,test) --check-cfg cfg(feature, values(""alloc"", ""async-await"", ""async-await-macro"", ""bilock"", ""cfg-target-has-atomic"", ""channel"", ""compat"", ""default"", ""futures-channel"", ""futures-io"", ""futures-macro"", ""futures-sink"", ""futures_01"", ""io"", ""io-compat"", ""libc"", ""memchr"", ""portable-atomic"", ""sink"", ""slab"", ""spin"", ""std"", ""tokio-io"", ""unstable"", ""write-all-vectored"")) -C metadata=26daaafb800b7d4a -C extra-filename=-577ab6f9506c7f9d --out-dir /private/tmp/host-starryos-aligned-j1-target-20260530T171000-native-j1/aarch64-unknown-none-softfloat/release/deps --target aarch64-unknown-none-softfloat -C strip=debuginfo -L dependency=/private/tmp/host-starryos-aligned-j1-target-20260530T171000-native-j1/aarch64-unknown-none-softfloat/release/deps -L dependency=/private/tmp/host-starryos-aligned-j1-target-20260530T171000-native-j1/release/deps --extern noprelude,nounused:alloc=/private/tmp/host-starryos-aligned-j1-target-20260530T171000-native-j1/aarch64-unknown-none-softfloat/release/deps/liballoc-c68a4ab3c84776d3.rmeta --extern noprelude,nounused:compiler_builtins=/private/tmp/host-starryos-aligned-j1-target-20260530T171000-native-j1/aarch64-unknown-none-softfloat/release/deps/libcompiler_builtins-fadd5bc9339268c7.rmeta --extern noprelude,nounused:core=/private/tmp/host-starryos-aligned-j1-target-20260530T171000-native-j1/aarch64-unknown-none-softfloat/release/deps/libcore-24028a52cfebc9af.rmeta --extern futures_core=/private/tmp/host-starryos-aligned-j1-target-20260530T171000-native-j1/aarch64-unknown-none-softfloat/release/deps/libfutures_core-218fa9b9d42708d7.rmeta --extern futures_macro=/private/tmp/host-starryos-aligned-j1-target-20260530T171000-native-j1/release/deps/libfutures_macro-948a01527a647cb1.dylib --extern futures_task=/private/tmp/host-starryos-aligned-j1-target-20260530T171000-native-j1/aarch64-unknown-none-softfloat/release/deps/libfutures_task-296516f8c6a474ea.rmeta --extern pin_project_lite=/private/tmp/host-starryos-aligned-j1-target-20260530T171000-native-j1/aarch64-unknown-none-softfloat/release/deps/libpin_project_lite-b005b36add09dea1.rmeta --extern slab=/private/tmp/host-starryos-aligned-j1-target-20260530T171000-native-j1/aarch64-unknown-none-softfloat/release/deps/libslab-8b62c9afd1c31434.rmeta -Z unstable-options --cap-lints allow -Clink-arg=-Tlinker.x -Clink-arg=-no-pie -Clink-arg=-znostart-stop-gc"
1780132248.693,56.856,43.693,68902,0.90,0.01,0.11,5,1,1,0,0.50,"/Users/txc/.rustup/toolchains/nightly-2026-04-27-aarch64-apple-darwin/bin/cargo build -p starryos --bin starryos --target aarch64-unknown-none-softfloat -Z build-std=core,alloc,compiler_builtins --target-dir /private/tmp/host-starryos-aligned-j1-target-20260530T171000-native-j1 --features qemu,gic-v3,cntv-timer,smp --release"
1780132249.725,57.888,44.725,68902,70.50,0.70,8.81,5,1,1,0,70.50,"/Users/txc/.rustup/toolchains/nightly-2026-04-27-aarch64-apple-darwin/bin/rustc --crate-name syn --edition=2018 /Users/txc/.cargo/registry/src/index.crates.io-1949cf8c6b5b557f/syn-1.0.109/src/lib.rs --error-format=json --json=diagnostic-rendered-ansi,artifacts,future-incompat --crate-type lib --emit=dep-info,metadata,link -C embed-bitcode=no -C debug-assertions=off --cfg feature=""clone-impls"" --cfg feature=""default"" --cfg feature=""derive"" --cfg feature=""extra-traits"" --cfg feature=""full"" --cfg feature=""parsing"" --cfg feature=""printing"" --cfg feature=""proc-macro"" --cfg feature=""quote"" --check-cfg cfg(docsrs,test) --check-cfg cfg(feature, values(""clone-impls"", ""default"", ""derive"", ""extra-traits"", ""fold"", ""full"", ""parsing"", ""printing"", ""proc-macro"", ""quote"", ""test"", ""visit"", ""visit-mut"")) -C metadata=17c27c617ecb8225 -C extra-filename=-ea950625ad5d88e8 --out-dir /private/tmp/host-starryos-aligned-j1-target-20260530T171000-native-j1/release/deps -C strip=debuginfo -L dependency=/private/tmp/host-starryos-aligned-j1-target-20260530T171000-native-j1/release/deps --extern proc_macro2=/private/tmp/host-starryos-aligned-j1-target-20260530T171000-native-j1/release/deps/libproc_macro2-db7bb0f61d75eb4e.rmeta --extern quote=/private/tmp/host-starryos-aligned-j1-target-20260530T171000-native-j1/release/deps/libquote-cec908a394b3b7dc.rmeta --extern unicode_ident=/private/tmp/host-starryos-aligned-j1-target-20260530T171000-native-j1/release/deps/libunicode_ident-12f5667cc058b72b.rmeta --cap-lints allow"
1780132250.753,58.916,45.753,68902,37.00,0.37,4.62,5,1,1,0,36.70,"/Users/txc/.rustup/toolchains/nightly-2026-04-27-aarch64-apple-darwin/bin/rustc --crate-name darling_core --edition=2018 /Users/txc/.cargo/registry/src/index.crates.io-1949cf8c6b5b557f/darling_core-0.13.4/src/lib.rs --error-format=json --json=diagnostic-rendered-ansi,artifacts,future-incompat --crate-type lib --emit=dep-info,metadata,link -C embed-bitcode=no -C debug-assertions=off --cfg feature=""strsim"" --cfg feature=""suggestions"" --check-cfg cfg(docsrs,test) --check-cfg cfg(feature, values(""diagnostics"", ""strsim"", ""suggestions"")) -C metadata=ba5b4912fcdaf817 -C extra-filename=-e5cfb5eb2f4a11b7 --out-dir /private/tmp/host-starryos-aligned-j1-target-20260530T171000-native-j1/release/deps -C strip=debuginfo -L dependency=/private/tmp/host-starryos-aligned-j1-target-20260530T171000-native-j1/release/deps --extern fnv=/private/tmp/host-starryos-aligned-j1-target-20260530T171000-native-j1/release/deps/libfnv-594647c96563a462.rmeta --extern ident_case=/private/tmp/host-starryos-aligned-j1-target-20260530T171000-native-j1/release/deps/libident_case-97932c1866ae5c7e.rmeta --extern proc_macro2=/private/tmp/host-starryos-aligned-j1-target-20260530T171000-native-j1/release/deps/libproc_macro2-db7bb0f61d75eb4e.rmeta --extern quote=/private/tmp/host-starryos-aligned-j1-target-20260530T171000-native-j1/release/deps/libquote-cec908a394b3b7dc.rmeta --extern strsim=/private/tmp/host-starryos-aligned-j1-target-20260530T171000-native-j1/release/deps/libstrsim-daa015bfb7f44a5c.rmeta --extern syn=/private/tmp/host-starryos-aligned-j1-target-20260530T171000-native-j1/release/deps/libsyn-ea950625ad5d88e8.rmeta --cap-lints allow"
1780132251.785,59.948,46.785,68902,0.00,0.00,0.00,5,1,1,0,0.00,bash /Users/txc/code/Auto-OS/showtime-2/scripts/run-host-aligned-starryos-oracle.sh
1780132252.819,60.982,47.819,68902,0.00,0.00,0.00,5,0,1,1,0.00,bash /Users/txc/code/Auto-OS/showtime-2/scripts/run-host-aligned-starryos-oracle.sh
1780132253.852,62.015,48.852,68902,24.80,0.25,3.10,5,1,1,0,23.90,"/Users/txc/.rustup/toolchains/nightly-2026-04-27-aarch64-apple-darwin/bin/rustc --crate-name hashbrown --edition=2021 /Users/txc/.cargo/registry/src/index.crates.io-1949cf8c6b5b557f/hashbrown-0.16.1/src/lib.rs --error-format=json --json=diagnostic-rendered-ansi,artifacts,future-incompat --crate-type lib --emit=dep-info,metadata,link -C opt-level=3 -C linker-plugin-lto --cfg feature=""allocator-api2"" --cfg feature=""default"" --cfg feature=""default-hasher"" --cfg feature=""equivalent"" --cfg feature=""inline-more"" --cfg feature=""raw-entry"" --check-cfg cfg(docsrs,test) --check-cfg cfg(feature, values(""alloc"", ""allocator-api2"", ""core"", ""default"", ""default-hasher"", ""equivalent"", ""inline-more"", ""nightly"", ""raw-entry"", ""rayon"", ""rustc-dep-of-std"", ""rustc-internal-api"", ""serde"")) -C metadata=500ccbed72ecaee6 -C extra-filename=-49097561ffcf0363 --out-dir /private/tmp/host-starryos-aligned-j1-target-20260530T171000-native-j1/aarch64-unknown-none-softfloat/release/deps --target aarch64-unknown-none-softfloat -C strip=debuginfo -L dependency=/private/tmp/host-starryos-aligned-j1-target-20260530T171000-native-j1/aarch64-unknown-none-softfloat/release/deps -L dependency=/private/tmp/host-starryos-aligned-j1-target-20260530T171000-native-j1/release/deps --extern noprelude,nounused:alloc=/private/tmp/host-starryos-aligned-j1-target-20260530T171000-native-j1/aarch64-unknown-none-softfloat/release/deps/liballoc-c68a4ab3c84776d3.rmeta --extern allocator_api2=/private/tmp/host-starryos-aligned-j1-target-20260530T171000-native-j1/aarch64-unknown-none-softfloat/release/deps/liballocator_api2-5769a98235f5fcca.rmeta --extern noprelude,nounused:compiler_builtins=/private/tmp/host-starryos-aligned-j1-target-20260530T171000-native-j1/aarch64-unknown-none-softfloat/release/deps/libcompiler_builtins-fadd5bc9339268c7.rmeta --extern noprelude,nounused:core=/private/tmp/host-starryos-aligned-j1-target-20260530T171000-native-j1/aarch64-unknown-none-softfloat/release/deps/libcore-24028a52cfebc9af.rmeta --extern equivalent=/private/tmp/host-starryos-aligned-j1-target-20260530T171000-native-j1/aarch64-unknown-none-softfloat/release/deps/libequivalent-f3deeea0a117042d.rmeta --extern foldhash=/private/tmp/host-starryos-aligned-j1-target-20260530T171000-native-j1/aarch64-unknown-none-softfloat/release/deps/libfoldhash-fe4c92cb34dce516.rmeta -Z unstable-options --cap-lints allow -Clink-arg=-Tlinker.x -Clink-arg=-no-pie -Clink-arg=-znostart-stop-gc"
1780132254.883,63.046,49.883,68902,61.30,0.61,7.66,5,1,1,0,60.90,"/Users/txc/.rustup/toolchains/nightly-2026-04-27-aarch64-apple-darwin/bin/rustc --crate-name rsext4 --edition=2024 components/rsext4/src/lib.rs --error-format=json --json=diagnostic-rendered-ansi,artifacts,future-incompat --crate-type lib --emit=dep-info,metadata,link -C opt-level=3 -C linker-plugin-lto --cfg feature=""USE_MULTILEVEL_CACHE"" --cfg feature=""default"" --check-cfg cfg(docsrs,test) --check-cfg cfg(feature, values(""USE_MULTILEVEL_CACHE"", ""default"")) -C metadata=91a63b383c43beef -C extra-filename=-b14a43d41f09b790 --out-dir /private/tmp/host-starryos-aligned-j1-target-20260530T171000-native-j1/aarch64-unknown-none-softfloat/release/deps --target aarch64-unknown-none-softfloat -C strip=debuginfo -L dependency=/private/tmp/host-starryos-aligned-j1-target-20260530T171000-native-j1/aarch64-unknown-none-softfloat/release/deps -L dependency=/private/tmp/host-starryos-aligned-j1-target-20260530T171000-native-j1/release/deps --extern noprelude,nounused:alloc=/private/tmp/host-starryos-aligned-j1-target-20260530T171000-native-j1/aarch64-unknown-none-softfloat/release/deps/liballoc-c68a4ab3c84776d3.rmeta --extern bitflags=/private/tmp/host-starryos-aligned-j1-target-20260530T171000-native-j1/aarch64-unknown-none-softfloat/release/deps/libbitflags-b40d3a41ae981966.rmeta --extern noprelude,nounused:compiler_builtins=/private/tmp/host-starryos-aligned-j1-target-20260530T171000-native-j1/aarch64-unknown-none-softfloat/release/deps/libcompiler_builtins-fadd5bc9339268c7.rmeta --extern noprelude,nounused:core=/private/tmp/host-starryos-aligned-j1-target-20260530T171000-native-j1/aarch64-unknown-none-softfloat/release/deps/libcore-24028a52cfebc9af.rmeta --extern lazy_static=/private/tmp/host-starryos-aligned-j1-target-20260530T171000-native-j1/aarch64-unknown-none-softfloat/release/deps/liblazy_static-08b103175664ddc2.rmeta --extern log=/private/tmp/host-starryos-aligned-j1-target-20260530T171000-native-j1/aarch64-unknown-none-softfloat/release/deps/liblog-46941cba8dbfbda7.rmeta -Z unstable-options -Clink-arg=-Tlinker.x -Clink-arg=-no-pie -Clink-arg=-znostart-stop-gc"
1780132255.914,64.077,50.914,68902,2.90,0.03,0.36,5,1,1,0,2.40,"/Users/txc/.rustup/toolchains/nightly-2026-04-27-aarch64-apple-darwin/bin/rustc --crate-name version_check --edition=2015 /Users/txc/.cargo/registry/src/index.crates.io-1949cf8c6b5b557f/version_check-0.9.5/src/lib.rs --error-format=json --json=diagnostic-rendered-ansi,artifacts,future-incompat --crate-type lib --emit=dep-info,metadata,link -C embed-bitcode=no -C debug-assertions=off --check-cfg cfg(docsrs,test) --check-cfg cfg(feature, values()) -C metadata=20afd83b26f9adb0 -C extra-filename=-fca80491a8b00809 --out-dir /private/tmp/host-starryos-aligned-j1-target-20260530T171000-native-j1/release/deps -C strip=debuginfo -L dependency=/private/tmp/host-starryos-aligned-j1-target-20260530T171000-native-j1/release/deps --cap-lints allow"
1780132256.946,65.109,51.946,68902,95.50,0.95,11.94,5,1,1,0,95.50,"/Users/txc/.rustup/toolchains/nightly-2026-04-27-aarch64-apple-darwin/bin/rustc --crate-name smoltcp --edition=2024 /Users/txc/.cargo/registry/src/index.crates.io-1949cf8c6b5b557f/smoltcp-0.13.1/src/lib.rs --error-format=json --json=diagnostic-rendered-ansi,artifacts,future-incompat --crate-type lib --emit=dep-info,metadata,link -C opt-level=3 -C linker-plugin-lto --warn=unexpected_cfgs --check-cfg cfg(fuzzing) --cfg feature=""alloc"" --cfg feature=""async"" --cfg feature=""log"" --cfg feature=""medium-ethernet"" --cfg feature=""medium-ip"" --cfg feature=""proto-dhcpv4"" --cfg feature=""proto-dns"" --cfg feature=""proto-ipv4"" --cfg feature=""proto-ipv6"" --cfg feature=""socket"" --cfg feature=""socket-dhcpv4"" --cfg feature=""socket-dns"" --cfg feature=""socket-icmp"" --cfg feature=""socket-raw"" --cfg feature=""socket-tcp"" --cfg feature=""socket-udp"" --check-cfg cfg(docsrs,test) --check-cfg cfg(feature, values(""_netsim"", ""_proto-fragmentation"", ""alloc"", ""assembler-max-segment-count-1"", ""assembler-max-segment-count-16"", ""assembler-max-segment-count-2"", ""assembler-max-segment-count-3"", ""assembler-max-segment-count-32"", ""assembler-max-segment-count-4"", ""assembler-max-segment-count-8"", ""async"", ""auto-icmp-echo-reply"", ""default"", ""defmt"", ""dns-max-name-size-128"", ""dns-max-name-size-255"", ""dns-max-name-size-64"", ""dns-max-result-count-1"", ""dns-max-result-count-16"", ""dns-max-result-count-2"", ""dns-max-result-count-3"", ""dns-max-result-count-32"", ""dns-max-result-count-4"", ""dns-max-result-count-8"", ""dns-max-server-count-1"", ""dns-max-server-count-16"", ""dns-max-server-count-2"", ""dns-max-server-count-3"", ""dns-max-server-count-32"", ""dns-max-server-count-4"", ""dns-max-server-count-8"", ""fragmentation-buffer-size-1024"", ""fragmentation-buffer-size-1500"", ""fragmentation-buffer-size-16384"", ""fragmentation-buffer-size-2048"", ""fragmentation-buffer-size-256"", ""fragmentation-buffer-size-32768"", ""fragmentation-buffer-size-4096"", ""fragmentation-buffer-size-512"", ""fragmentation-buffer-size-65536"", ""fragmentation-buffer-size-8192"", ""iface-max-addr-count-1"", ""iface-max-addr-count-2"", ""iface-max-addr-count-3"", ""iface-max-addr-count-4"", ""iface-max-addr-count-5"", ""iface-max-addr-count-6"", ""iface-max-addr-count-7"", ""iface-max-addr-count-8"", ""iface-max-multicast-group-count-1"", ""iface-max-multicast-group-count-1024"", ""iface-max-multicast-group-count-128"", ""iface-max-multicast-group-count-16"", ""iface-max-multicast-group-count-2"", ""iface-max-multicast-group-count-256"", ""iface-max-multicast-group-count-3"", ""iface-max-multicast-group-count-32"", ""iface-max-multicast-group-count-4"", ""iface-max-multicast-group-count-5"", ""iface-max-multicast-group-count-512"", ""iface-max-multicast-group-count-6"", ""iface-max-multicast-group-count-64"", ""iface-max-multicast-group-count-7"", ""iface-max-multicast-group-count-8"", ""iface-max-prefix-count-1"", ""iface-max-prefix-count-2"", ""iface-max-prefix-count-3"", ""iface-max-prefix-count-4"", ""iface-max-prefix-count-5"", ""iface-max-prefix-count-6"", ""iface-max-prefix-count-7"", ""iface-max-prefix-count-8"", ""iface-max-route-count-0"", ""iface-max-route-count-1"", ""iface-max-route-count-1024"", ""iface-max-route-count-128"", ""iface-max-route-count-16"", ""iface-max-route-count-2"", ""iface-max-route-count-256"", ""iface-max-route-count-3"", ""iface-max-route-count-32"", ""iface-max-route-count-4"", ""iface-max-route-count-5"", ""iface-max-route-count-512"", ""iface-max-route-count-6"", ""iface-max-route-count-64"", ""iface-max-route-count-7"", ""iface-max-route-count-8"", ""iface-max-sixlowpan-address-context-count-1"", ""iface-max-sixlowpan-address-context-count-1024"", ""iface-max-sixlowpan-address-context-count-128"", ""iface-max-sixlowpan-address-context-count-16"", ""iface-max-sixlowpan-address-context-count-2"", ""iface-max-sixlowpan-address-context-count-256"", ""iface-max-sixlowpan-address-context-count-3"", ""iface-max-sixlowpan-address-context-count-32"", ""iface-max-sixlowpan-address-context-count-4"", ""iface-max-sixlowpan-address-context-count-5"", ""iface-max-sixlowpan-address-context-count-512"", ""iface-max-sixlowpan-address-context-count-6"", ""iface-max-sixlowpan-address-context-count-64"", ""iface-max-sixlowpan-address-context-count-7"", ""iface-max-sixlowpan-address-context-count-8"", ""iface-neighbor-cache-count-1"", ""iface-neighbor-cache-count-1024"", ""iface-neighbor-cache-count-128"", ""iface-neighbor-cache-count-16"", ""iface-neighbor-cache-count-2"", ""iface-neighbor-cache-count-256"", ""iface-neighbor-cache-count-3"", ""iface-neighbor-cache-count-32"", ""iface-neighbor-cache-count-4"", ""iface-neighbor-cache-count-5"", ""iface-neighbor-cache-count-512"", ""iface-neighbor-cache-count-6"", ""iface-neighbor-cache-count-64"", ""iface-neighbor-cache-count-7"", ""iface-neighbor-cache-count-8"", ""ipv6-hbh-max-options-1"", ""ipv6-hbh-max-options-16"", ""ipv6-hbh-max-options-2"", ""ipv6-hbh-max-options-3"", ""ipv6-hbh-max-options-32"", ""ipv6-hbh-max-options-4"", ""ipv6-hbh-max-options-8"", ""libc"", ""log"", ""medium-ethernet"", ""medium-ieee802154"", ""medium-ip"", ""multicast"", ""packetmeta-id"", ""phy-raw_socket"", ""phy-tuntap_interface"", ""proto-dhcpv4"", ""proto-dns"", ""proto-ipsec"", ""proto-ipsec-ah"", ""proto-ipsec-esp"", ""proto-ipv4"", ""proto-ipv4-fragmentation"", ""proto-ipv6"", ""proto-ipv6-fragmentation"", ""proto-ipv6-hbh"", ""proto-ipv6-routing"", ""proto-ipv6-slaac"", ""proto-rpl"", ""proto-sixlowpan"", ""proto-sixlowpan-fragmentation"", ""reassembly-buffer-count-1"", ""reassembly-buffer-count-16"", ""reassembly-buffer-count-2"", ""reassembly-buffer-count-3"", ""reassembly-buffer-count-32"", ""reassembly-buffer-count-4"", ""reassembly-buffer-count-8"", ""reassembly-buffer-size-1024"", ""reassembly-buffer-size-1500"", ""reassembly-buffer-size-16384"", ""reassembly-buffer-size-2048"", ""reassembly-buffer-size-256"", ""reassembly-buffer-size-32768"", ""reassembly-buffer-size-4096"", ""reassembly-buffer-size-512"", ""reassembly-buffer-size-65536"", ""reassembly-buffer-size-8192"", ""rpl-parents-buffer-count-16"", ""rpl-parents-buffer-count-2"", ""rpl-parents-buffer-count-32"", ""rpl-parents-buffer-count-4"", ""rpl-parents-buffer-count-8"", ""rpl-relations-buffer-count-1"", ""rpl-relations-buffer-count-128"", ""rpl-relations-buffer-count-16"", ""rpl-relations-buffer-count-2"", ""rpl-relations-buffer-count-32"", ""rpl-relations-buffer-count-4"", ""rpl-relations-buffer-count-64"", ""rpl-relations-buffer-count-8"", ""socket"", ""socket-dhcpv4"", ""socket-dns"", ""socket-icmp"", ""socket-mdns"", ""socket-raw"", ""socket-tcp"", ""socket-tcp-cubic"", ""socket-tcp-pause-synack"", ""socket-tcp-reno"", ""socket-udp"", ""std"", ""verbose"")) -C metadata=5c015a19c9b61897 -C extra-filename=-b6a62d915dd0f096 --out-dir /private/tmp/host-starryos-aligned-j1-target-20260530T171000-native-j1/aarch64-unknown-none-softfloat/release/deps --target aarch64-unknown-none-softfloat -C strip=debuginfo -L dependency=/private/tmp/host-starryos-aligned-j1-target-20260530T171000-native-j1/aarch64-unknown-none-softfloat/release/deps -L dependency=/private/tmp/host-starryos-aligned-j1-target-20260530T171000-native-j1/release/deps --extern noprelude,nounused:alloc=/private/tmp/host-starryos-aligned-j1-target-20260530T171000-native-j1/aarch64-unknown-none-softfloat/release/deps/liballoc-c68a4ab3c84776d3.rmeta --extern bitflags=/private/tmp/host-starryos-aligned-j1-target-20260530T171000-native-j1/aarch64-unknown-none-softfloat/release/deps/libbitflags-7095accb96806394.rmeta --extern byteorder=/private/tmp/host-starryos-aligned-j1-target-20260530T171000-native-j1/aarch64-unknown-none-softfloat/release/deps/libbyteorder-5a772b1c2c93f0d9.rmeta --extern cfg_if=/private/tmp/host-starryos-aligned-j1-target-20260530T171000-native-j1/aarch64-unknown-none-softfloat/release/deps/libcfg_if-70e29000d574299d.rmeta --extern noprelude,nounused:compiler_builtins=/private/tmp/host-starryos-aligned-j1-target-20260530T171000-native-j1/aarch64-unknown-none-softfloat/release/deps/libcompiler_builtins-fadd5bc9339268c7.rmeta --extern noprelude,nounused:core=/private/tmp/host-starryos-aligned-j1-target-20260530T171000-native-j1/aarch64-unknown-none-softfloat/release/deps/libcore-24028a52cfebc9af.rmeta --extern heapless=/private/tmp/host-starryos-aligned-j1-target-20260530T171000-native-j1/aarch64-unknown-none-softfloat/release/deps/libheapless-0c735012b2e1176f.rmeta --extern log=/private/tmp/host-starryos-aligned-j1-target-20260530T171000-native-j1/aarch64-unknown-none-softfloat/release/deps/liblog-46941cba8dbfbda7.rmeta --extern managed=/private/tmp/host-starryos-aligned-j1-target-20260530T171000-native-j1/aarch64-unknown-none-softfloat/release/deps/libmanaged-e77ac1bc048e6f59.rmeta -Z unstable-options --cap-lints allow -Clink-arg=-Tlinker.x -Clink-arg=-no-pie -Clink-arg=-znostart-stop-gc"
1780132258.002,66.164,53.002,68902,1.40,0.01,0.18,5,1,1,0,1.30,"/Users/txc/.rustup/toolchains/nightly-2026-04-27-aarch64-apple-darwin/bin/rustc --crate-name axfs_ng_vfs --edition=2024 components/axfs-ng-vfs/src/lib.rs --error-format=json --json=diagnostic-rendered-ansi,artifacts,future-incompat --crate-type lib --emit=dep-info,metadata,link -C opt-level=3 -C linker-plugin-lto --check-cfg cfg(docsrs,test) --check-cfg cfg(feature, values()) -C metadata=e685df6c4a3289e6 -C extra-filename=-4cf7f6f1376e4163 --out-dir /private/tmp/host-starryos-aligned-j1-target-20260530T171000-native-j1/aarch64-unknown-none-softfloat/release/deps --target aarch64-unknown-none-softfloat -C strip=debuginfo -L dependency=/private/tmp/host-starryos-aligned-j1-target-20260530T171000-native-j1/aarch64-unknown-none-softfloat/release/deps -L dependency=/private/tmp/host-starryos-aligned-j1-target-20260530T171000-native-j1/release/deps --extern noprelude,nounused:alloc=/private/tmp/host-starryos-aligned-j1-target-20260530T171000-native-j1/aarch64-unknown-none-softfloat/release/deps/liballoc-c68a4ab3c84776d3.rmeta --extern ax_errno=/private/tmp/host-starryos-aligned-j1-target-20260530T171000-native-j1/aarch64-unknown-none-softfloat/release/deps/libax_errno-154081d700f1ec9e.rmeta --extern axpoll=/private/tmp/host-starryos-aligned-j1-target-20260530T171000-native-j1/aarch64-unknown-none-softfloat/release/deps/libaxpoll-cab064486da6bb3a.rmeta --extern bitflags=/private/tmp/host-starryos-aligned-j1-target-20260530T171000-native-j1/aarch64-unknown-none-softfloat/release/deps/libbitflags-b40d3a41ae981966.rmeta --extern cfg_if=/private/tmp/host-starryos-aligned-j1-target-20260530T171000-native-j1/aarch64-unknown-none-softfloat/release/deps/libcfg_if-70e29000d574299d.rmeta --extern noprelude,nounused:compiler_builtins=/private/tmp/host-starryos-aligned-j1-target-20260530T171000-native-j1/aarch64-unknown-none-softfloat/release/deps/libcompiler_builtins-fadd5bc9339268c7.rmeta --extern noprelude,nounused:core=/private/tmp/host-starryos-aligned-j1-target-20260530T171000-native-j1/aarch64-unknown-none-softfloat/release/deps/libcore-24028a52cfebc9af.rmeta --extern hashbrown=/private/tmp/host-starryos-aligned-j1-target-20260530T171000-native-j1/aarch64-unknown-none-softfloat/release/deps/libhashbrown-49097561ffcf0363.rmeta --extern inherit_methods_macro=/private/tmp/host-starryos-aligned-j1-target-20260530T171000-native-j1/release/deps/libinherit_methods_macro-069afc4a9c5f695d.dylib --extern log=/private/tmp/host-starryos-aligned-j1-target-20260530T171000-native-j1/aarch64-unknown-none-softfloat/release/deps/liblog-46941cba8dbfbda7.rmeta --extern smallvec=/private/tmp/host-starryos-aligned-j1-target-20260530T171000-native-j1/aarch64-unknown-none-softfloat/release/deps/libsmallvec-8db57e62eb9413e5.rmeta --extern spin=/private/tmp/host-starryos-aligned-j1-target-20260530T171000-native-j1/aarch64-unknown-none-softfloat/release/deps/libspin-fb66c554f06db42b.rmeta -Z unstable-options -Clink-arg=-Tlinker.x -Clink-arg=-no-pie -Clink-arg=-znostart-stop-gc"
1780132259.032,67.194,54.032,68902,7.20,0.07,0.90,5,1,1,0,6.70,"/Users/txc/.rustup/toolchains/nightly-2026-04-27-aarch64-apple-darwin/bin/rustc --crate-name ax_fs_ng --edition=2024 os/arceos/modules/axfs-ng/src/lib.rs --error-format=json --json=diagnostic-rendered-ansi,artifacts,future-incompat --crate-type lib --emit=dep-info,metadata,link -C opt-level=3 -C linker-plugin-lto --cfg feature=""ext4"" --cfg feature=""ext4-rsext4"" --cfg feature=""times"" --check-cfg cfg(docsrs,test) --check-cfg cfg(feature, values(""ext4"", ""ext4-lwext4"", ""ext4-rsext4"", ""fat"", ""std"", ""times"")) -C metadata=310e3064eb5ffb58 -C extra-filename=-ea8ffb2902970035 --out-dir /private/tmp/host-starryos-aligned-j1-target-20260530T171000-native-j1/aarch64-unknown-none-softfloat/release/deps --target aarch64-unknown-none-softfloat -C strip=debuginfo -L dependency=/private/tmp/host-starryos-aligned-j1-target-20260530T171000-native-j1/aarch64-unknown-none-softfloat/release/deps -L dependency=/private/tmp/host-starryos-aligned-j1-target-20260530T171000-native-j1/release/deps --extern noprelude,nounused:alloc=/private/tmp/host-starryos-aligned-j1-target-20260530T171000-native-j1/aarch64-unknown-none-softfloat/release/deps/liballoc-c68a4ab3c84776d3.rmeta --extern ax_alloc=/private/tmp/host-starryos-aligned-j1-target-20260530T171000-native-j1/aarch64-unknown-none-softfloat/release/deps/libax_alloc-03a242702bccc78f.rmeta --extern ax_driver=/private/tmp/host-starryos-aligned-j1-target-20260530T171000-native-j1/aarch64-unknown-none-softfloat/release/deps/libax_driver-ce6f3124ce0e2c89.rmeta --extern ax_errno=/private/tmp/host-starryos-aligned-j1-target-20260530T171000-native-j1/aarch64-unknown-none-softfloat/release/deps/libax_errno-154081d700f1ec9e.rmeta --extern ax_hal=/private/tmp/host-starryos-aligned-j1-target-20260530T171000-native-j1/aarch64-unknown-none-softfloat/release/deps/libax_hal-c88911c63a3c6849.rmeta --extern ax_io=/private/tmp/host-starryos-aligned-j1-target-20260530T171000-native-j1/aarch64-unknown-none-softfloat/release/deps/libax_io-281345aece1e0dc1.rmeta --extern ax_kspin=/private/tmp/host-starryos-aligned-j1-target-20260530T171000-native-j1/aarch64-unknown-none-softfloat/release/deps/libax_kspin-7f23ffbe8e419cf0.rmeta --extern ax_sync=/private/tmp/host-starryos-aligned-j1-target-20260530T171000-native-j1/aarch64-unknown-none-softfloat/release/deps/libax_sync-814bdc36cb6391fe.rmeta --extern axfs_ng_vfs=/private/tmp/host-starryos-aligned-j1-target-20260530T171000-native-j1/aarch64-unknown-none-softfloat/release/deps/libaxfs_ng_vfs-4cf7f6f1376e4163.rmeta --extern axpoll=/private/tmp/host-starryos-aligned-j1-target-20260530T171000-native-j1/aarch64-unknown-none-softfloat/release/deps/libaxpoll-cab064486da6bb3a.rmeta --extern bitflags=/private/tmp/host-starryos-aligned-j1-target-20260530T171000-native-j1/aarch64-unknown-none-softfloat/release/deps/libbitflags-b40d3a41ae981966.rmeta --extern cfg_if=/private/tmp/host-starryos-aligned-j1-target-20260530T171000-native-j1/aarch64-unknown-none-softfloat/release/deps/libcfg_if-70e29000d574299d.rmeta --extern chrono=/private/tmp/host-starryos-aligned-j1-target-20260530T171000-native-j1/aarch64-unknown-none-softfloat/release/deps/libchrono-74fe4398c75daf6d.rmeta --extern noprelude,nounused:compiler_builtins=/private/tmp/host-starryos-aligned-j1-target-20260530T171000-native-j1/aarch64-unknown-none-softfloat/release/deps/libcompiler_builtins-fadd5bc9339268c7.rmeta --extern noprelude,nounused:core=/private/tmp/host-starryos-aligned-j1-target-20260530T171000-native-j1/aarch64-unknown-none-softfloat/release/deps/libcore-24028a52cfebc9af.rmeta --extern intrusive_collections=/private/tmp/host-starryos-aligned-j1-target-20260530T171000-native-j1/aarch64-unknown-none-softfloat/release/deps/libintrusive_collections-c481e025c9fdf5a3.rmeta --extern log=/private/tmp/host-starryos-aligned-j1-target-20260530T171000-native-j1/aarch64-unknown-none-softfloat/release/deps/liblog-46941cba8dbfbda7.rmeta --extern lru=/private/tmp/host-starryos-aligned-j1-target-20260530T171000-native-j1/aarch64-unknown-none-softfloat/release/deps/liblru-33c7ea0e0b528f80.rmeta --extern rsext4=/private/tmp/host-starryos-aligned-j1-target-20260530T171000-native-j1/aarch64-unknown-none-softfloat/release/deps/librsext4-b14a43d41f09b790.rmeta --extern scope_local=/private/tmp/host-starryos-aligned-j1-target-20260530T171000-native-j1/aarch64-unknown-none-softfloat/release/deps/libscope_local-57f25bd7f8458b4a.rmeta --extern slab=/private/tmp/host-starryos-aligned-j1-target-20260530T171000-native-j1/aarch64-unknown-none-softfloat/release/deps/libslab-8b62c9afd1c31434.rmeta --extern spin=/private/tmp/host-starryos-aligned-j1-target-20260530T171000-native-j1/aarch64-unknown-none-softfloat/release/deps/libspin-fb66c554f06db42b.rmeta -Z unstable-options -Clink-arg=-Tlinker.x -Clink-arg=-no-pie -Clink-arg=-znostart-stop-gc -L /private/tmp/host-starryos-aligned-j1-target-20260530T171000-native-j1/aarch64-unknown-none-softfloat/release/build/ax-hal-79fb33ffe0d58464/out"
1780132260.062,68.225,55.062,68902,9.50,0.10,1.19,5,1,1,0,9.50,"/Users/txc/.rustup/toolchains/nightly-2026-04-27-aarch64-apple-darwin/bin/rustc --crate-name ax_fs_ng --edition=2024 os/arceos/modules/axfs-ng/src/lib.rs --error-format=json --json=diagnostic-rendered-ansi,artifacts,future-incompat --crate-type lib --emit=dep-info,metadata,link -C opt-level=3 -C linker-plugin-lto --cfg feature=""ext4"" --cfg feature=""ext4-rsext4"" --cfg feature=""times"" --check-cfg cfg(docsrs,test) --check-cfg cfg(feature, values(""ext4"", ""ext4-lwext4"", ""ext4-rsext4"", ""fat"", ""std"", ""times"")) -C metadata=310e3064eb5ffb58 -C extra-filename=-ea8ffb2902970035 --out-dir /private/tmp/host-starryos-aligned-j1-target-20260530T171000-native-j1/aarch64-unknown-none-softfloat/release/deps --target aarch64-unknown-none-softfloat -C strip=debuginfo -L dependency=/private/tmp/host-starryos-aligned-j1-target-20260530T171000-native-j1/aarch64-unknown-none-softfloat/release/deps -L dependency=/private/tmp/host-starryos-aligned-j1-target-20260530T171000-native-j1/release/deps --extern noprelude,nounused:alloc=/private/tmp/host-starryos-aligned-j1-target-20260530T171000-native-j1/aarch64-unknown-none-softfloat/release/deps/liballoc-c68a4ab3c84776d3.rmeta --extern ax_alloc=/private/tmp/host-starryos-aligned-j1-target-20260530T171000-native-j1/aarch64-unknown-none-softfloat/release/deps/libax_alloc-03a242702bccc78f.rmeta --extern ax_driver=/private/tmp/host-starryos-aligned-j1-target-20260530T171000-native-j1/aarch64-unknown-none-softfloat/release/deps/libax_driver-ce6f3124ce0e2c89.rmeta --extern ax_errno=/private/tmp/host-starryos-aligned-j1-target-20260530T171000-native-j1/aarch64-unknown-none-softfloat/release/deps/libax_errno-154081d700f1ec9e.rmeta --extern ax_hal=/private/tmp/host-starryos-aligned-j1-target-20260530T171000-native-j1/aarch64-unknown-none-softfloat/release/deps/libax_hal-c88911c63a3c6849.rmeta --extern ax_io=/private/tmp/host-starryos-aligned-j1-target-20260530T171000-native-j1/aarch64-unknown-none-softfloat/release/deps/libax_io-281345aece1e0dc1.rmeta --extern ax_kspin=/private/tmp/host-starryos-aligned-j1-target-20260530T171000-native-j1/aarch64-unknown-none-softfloat/release/deps/libax_kspin-7f23ffbe8e419cf0.rmeta --extern ax_sync=/private/tmp/host-starryos-aligned-j1-target-20260530T171000-native-j1/aarch64-unknown-none-softfloat/release/deps/libax_sync-814bdc36cb6391fe.rmeta --extern axfs_ng_vfs=/private/tmp/host-starryos-aligned-j1-target-20260530T171000-native-j1/aarch64-unknown-none-softfloat/release/deps/libaxfs_ng_vfs-4cf7f6f1376e4163.rmeta --extern axpoll=/private/tmp/host-starryos-aligned-j1-target-20260530T171000-native-j1/aarch64-unknown-none-softfloat/release/deps/libaxpoll-cab064486da6bb3a.rmeta --extern bitflags=/private/tmp/host-starryos-aligned-j1-target-20260530T171000-native-j1/aarch64-unknown-none-softfloat/release/deps/libbitflags-b40d3a41ae981966.rmeta --extern cfg_if=/private/tmp/host-starryos-aligned-j1-target-20260530T171000-native-j1/aarch64-unknown-none-softfloat/release/deps/libcfg_if-70e29000d574299d.rmeta --extern chrono=/private/tmp/host-starryos-aligned-j1-target-20260530T171000-native-j1/aarch64-unknown-none-softfloat/release/deps/libchrono-74fe4398c75daf6d.rmeta --extern noprelude,nounused:compiler_builtins=/private/tmp/host-starryos-aligned-j1-target-20260530T171000-native-j1/aarch64-unknown-none-softfloat/release/deps/libcompiler_builtins-fadd5bc9339268c7.rmeta --extern noprelude,nounused:core=/private/tmp/host-starryos-aligned-j1-target-20260530T171000-native-j1/aarch64-unknown-none-softfloat/release/deps/libcore-24028a52cfebc9af.rmeta --extern intrusive_collections=/private/tmp/host-starryos-aligned-j1-target-20260530T171000-native-j1/aarch64-unknown-none-softfloat/release/deps/libintrusive_collections-c481e025c9fdf5a3.rmeta --extern log=/private/tmp/host-starryos-aligned-j1-target-20260530T171000-native-j1/aarch64-unknown-none-softfloat/release/deps/liblog-46941cba8dbfbda7.rmeta --extern lru=/private/tmp/host-starryos-aligned-j1-target-20260530T171000-native-j1/aarch64-unknown-none-softfloat/release/deps/liblru-33c7ea0e0b528f80.rmeta --extern rsext4=/private/tmp/host-starryos-aligned-j1-target-20260530T171000-native-j1/aarch64-unknown-none-softfloat/release/deps/librsext4-b14a43d41f09b790.rmeta --extern scope_local=/private/tmp/host-starryos-aligned-j1-target-20260530T171000-native-j1/aarch64-unknown-none-softfloat/release/deps/libscope_local-57f25bd7f8458b4a.rmeta --extern slab=/private/tmp/host-starryos-aligned-j1-target-20260530T171000-native-j1/aarch64-unknown-none-softfloat/release/deps/libslab-8b62c9afd1c31434.rmeta --extern spin=/private/tmp/host-starryos-aligned-j1-target-20260530T171000-native-j1/aarch64-unknown-none-softfloat/release/deps/libspin-fb66c554f06db42b.rmeta -Z unstable-options -Clink-arg=-Tlinker.x -Clink-arg=-no-pie -Clink-arg=-znostart-stop-gc -L /private/tmp/host-starryos-aligned-j1-target-20260530T171000-native-j1/aarch64-unknown-none-softfloat/release/build/ax-hal-79fb33ffe0d58464/out"
1780132261.092,69.255,56.092,68902,15.10,0.15,1.89,5,1,1,0,14.60,"/Users/txc/.rustup/toolchains/nightly-2026-04-27-aarch64-apple-darwin/bin/rustc --crate-name ax_fs_ramfs --edition=2024 components/axfs_crates/axfs_ramfs/src/lib.rs --error-format=json --json=diagnostic-rendered-ansi,artifacts,future-incompat --crate-type lib --emit=dep-info,metadata,link -C opt-level=3 -C linker-plugin-lto --check-cfg cfg(docsrs,test) --check-cfg cfg(feature, values()) -C metadata=1c5a96377d987fc1 -C extra-filename=-c31692a8e74a98f7 --out-dir /private/tmp/host-starryos-aligned-j1-target-20260530T171000-native-j1/aarch64-unknown-none-softfloat/release/deps --target aarch64-unknown-none-softfloat -C strip=debuginfo -L dependency=/private/tmp/host-starryos-aligned-j1-target-20260530T171000-native-j1/aarch64-unknown-none-softfloat/release/deps -L dependency=/private/tmp/host-starryos-aligned-j1-target-20260530T171000-native-j1/release/deps --extern noprelude,nounused:alloc=/private/tmp/host-starryos-aligned-j1-target-20260530T171000-native-j1/aarch64-unknown-none-softfloat/release/deps/liballoc-c68a4ab3c84776d3.rmeta --extern ax_fs_vfs=/private/tmp/host-starryos-aligned-j1-target-20260530T171000-native-j1/aarch64-unknown-none-softfloat/release/deps/libax_fs_vfs-a4083aa500f63b7f.rmeta --extern noprelude,nounused:compiler_builtins=/private/tmp/host-starryos-aligned-j1-target-20260530T171000-native-j1/aarch64-unknown-none-softfloat/release/deps/libcompiler_builtins-fadd5bc9339268c7.rmeta --extern noprelude,nounused:core=/private/tmp/host-starryos-aligned-j1-target-20260530T171000-native-j1/aarch64-unknown-none-softfloat/release/deps/libcore-24028a52cfebc9af.rmeta --extern log=/private/tmp/host-starryos-aligned-j1-target-20260530T171000-native-j1/aarch64-unknown-none-softfloat/release/deps/liblog-46941cba8dbfbda7.rmeta --extern spin=/private/tmp/host-starryos-aligned-j1-target-20260530T171000-native-j1/aarch64-unknown-none-softfloat/release/deps/libspin-f5c57d01931fee29.rmeta -Z unstable-options -Clink-arg=-Tlinker.x -Clink-arg=-no-pie -Clink-arg=-znostart-stop-gc"
1780132262.126,70.289,57.126,68902,26.20,0.26,3.27,7,1,1,0,25.90,"/Users/txc/.rustup/toolchains/nightly-2026-04-27-aarch64-apple-darwin/bin/rustc --crate-name async_trait --edition=2021 /Users/txc/.cargo/registry/src/index.crates.io-1949cf8c6b5b557f/async-trait-0.1.89/src/lib.rs --error-format=json --json=diagnostic-rendered-ansi,artifacts,future-incompat --crate-type proc-macro --emit=dep-info,link -C prefer-dynamic -C embed-bitcode=no -C debug-assertions=off --check-cfg cfg(docsrs,test) --check-cfg cfg(feature, values()) -C metadata=fe39855badc90951 -C extra-filename=-69e4e0e486b451b0 --out-dir /private/tmp/host-starryos-aligned-j1-target-20260530T171000-native-j1/release/deps -C strip=debuginfo -L dependency=/private/tmp/host-starryos-aligned-j1-target-20260530T171000-native-j1/release/deps --extern proc_macro2=/private/tmp/host-starryos-aligned-j1-target-20260530T171000-native-j1/release/deps/libproc_macro2-db7bb0f61d75eb4e.rlib --extern quote=/private/tmp/host-starryos-aligned-j1-target-20260530T171000-native-j1/release/deps/libquote-cec908a394b3b7dc.rlib --extern syn=/private/tmp/host-starryos-aligned-j1-target-20260530T171000-native-j1/release/deps/libsyn-2898b63a571bd6bb.rlib --extern proc_macro --cap-lints allow"
1780132263.152,71.315,58.152,68902,81.00,0.81,10.12,5,1,1,0,80.90,"/Users/txc/.rustup/toolchains/nightly-2026-04-27-aarch64-apple-darwin/bin/rustc --crate-name derive_more_impl --edition=2021 /Users/txc/.cargo/registry/src/index.crates.io-1949cf8c6b5b557f/derive_more-impl-2.1.1/src/lib.rs --error-format=json --json=diagnostic-rendered-ansi,artifacts,future-incompat --crate-type proc-macro --emit=dep-info,link -C prefer-dynamic -C embed-bitcode=no --warn=unexpected_cfgs --check-cfg cfg(ci) --check-cfg cfg(error_generic_member_access) --check-cfg cfg(nightly) -C debug-assertions=off --cfg feature=""add"" --cfg feature=""add_assign"" --cfg feature=""as_ref"" --cfg feature=""constructor"" --cfg feature=""debug"" --cfg feature=""default"" --cfg feature=""deref"" --cfg feature=""deref_mut"" --cfg feature=""display"" --cfg feature=""eq"" --cfg feature=""error"" --cfg feature=""from"" --cfg feature=""from_str"" --cfg feature=""index"" --cfg feature=""index_mut"" --cfg feature=""into"" --cfg feature=""into_iterator"" --cfg feature=""is_variant"" --cfg feature=""mul"" --cfg feature=""mul_assign"" --cfg feature=""not"" --cfg feature=""sum"" --cfg feature=""try_from"" --cfg feature=""try_into"" --cfg feature=""try_unwrap"" --cfg feature=""unwrap"" --check-cfg cfg(docsrs,test) --check-cfg cfg(feature, values(""add"", ""add_assign"", ""as_ref"", ""constructor"", ""debug"", ""default"", ""deref"", ""deref_mut"", ""display"", ""eq"", ""error"", ""from"", ""from_str"", ""full"", ""index"", ""index_mut"", ""into"", ""into_iterator"", ""is_variant"", ""mul"", ""mul_assign"", ""not"", ""sum"", ""testing-helpers"", ""try_from"", ""try_into"", ""try_unwrap"", ""unwrap"")) -C metadata=ca164a5069998a34 -C extra-filename=-43643e263f188e74 --out-dir /private/tmp/host-starryos-aligned-j1-target-20260530T171000-native-j1/release/deps -C strip=debuginfo -L dependency=/private/tmp/host-starryos-aligned-j1-target-20260530T171000-native-j1/release/deps --extern convert_case=/private/tmp/host-starryos-aligned-j1-target-20260530T171000-native-j1/release/deps/libconvert_case-497b2be19c24db02.rlib --extern proc_macro2=/private/tmp/host-starryos-aligned-j1-target-20260530T171000-native-j1/release/deps/libproc_macro2-db7bb0f61d75eb4e.rlib --extern quote=/private/tmp/host-starryos-aligned-j1-target-20260530T171000-native-j1/release/deps/libquote-cec908a394b3b7dc.rlib --extern syn=/private/tmp/host-starryos-aligned-j1-target-20260530T171000-native-j1/release/deps/libsyn-2898b63a571bd6bb.rlib --extern unicode_xid=/private/tmp/host-starryos-aligned-j1-target-20260530T171000-native-j1/release/deps/libunicode_xid-3ad476388faf7c72.rlib --extern proc_macro --cap-lints allow"
1780132264.178,72.341,59.178,68902,22.10,0.22,2.76,5,1,1,0,22.10,"/Users/txc/.rustup/toolchains/nightly-2026-04-27-aarch64-apple-darwin/bin/rustc --crate-name derive_more_impl --edition=2021 /Users/txc/.cargo/registry/src/index.crates.io-1949cf8c6b5b557f/derive_more-impl-2.1.1/src/lib.rs --error-format=json --json=diagnostic-rendered-ansi,artifacts,future-incompat --crate-type proc-macro --emit=dep-info,link -C prefer-dynamic -C embed-bitcode=no --warn=unexpected_cfgs --check-cfg cfg(ci) --check-cfg cfg(error_generic_member_access) --check-cfg cfg(nightly) -C debug-assertions=off --cfg feature=""add"" --cfg feature=""add_assign"" --cfg feature=""as_ref"" --cfg feature=""constructor"" --cfg feature=""debug"" --cfg feature=""default"" --cfg feature=""deref"" --cfg feature=""deref_mut"" --cfg feature=""display"" --cfg feature=""eq"" --cfg feature=""error"" --cfg feature=""from"" --cfg feature=""from_str"" --cfg feature=""index"" --cfg feature=""index_mut"" --cfg feature=""into"" --cfg feature=""into_iterator"" --cfg feature=""is_variant"" --cfg feature=""mul"" --cfg feature=""mul_assign"" --cfg feature=""not"" --cfg feature=""sum"" --cfg feature=""try_from"" --cfg feature=""try_into"" --cfg feature=""try_unwrap"" --cfg feature=""unwrap"" --check-cfg cfg(docsrs,test) --check-cfg cfg(feature, values(""add"", ""add_assign"", ""as_ref"", ""constructor"", ""debug"", ""default"", ""deref"", ""deref_mut"", ""display"", ""eq"", ""error"", ""from"", ""from_str"", ""full"", ""index"", ""index_mut"", ""into"", ""into_iterator"", ""is_variant"", ""mul"", ""mul_assign"", ""not"", ""sum"", ""testing-helpers"", ""try_from"", ""try_into"", ""try_unwrap"", ""unwrap"")) -C metadata=ca164a5069998a34 -C extra-filename=-43643e263f188e74 --out-dir /private/tmp/host-starryos-aligned-j1-target-20260530T171000-native-j1/release/deps -C strip=debuginfo -L dependency=/private/tmp/host-starryos-aligned-j1-target-20260530T171000-native-j1/release/deps --extern convert_case=/private/tmp/host-starryos-aligned-j1-target-20260530T171000-native-j1/release/deps/libconvert_case-497b2be19c24db02.rlib --extern proc_macro2=/private/tmp/host-starryos-aligned-j1-target-20260530T171000-native-j1/release/deps/libproc_macro2-db7bb0f61d75eb4e.rlib --extern quote=/private/tmp/host-starryos-aligned-j1-target-20260530T171000-native-j1/release/deps/libquote-cec908a394b3b7dc.rlib --extern syn=/private/tmp/host-starryos-aligned-j1-target-20260530T171000-native-j1/release/deps/libsyn-2898b63a571bd6bb.rlib --extern unicode_xid=/private/tmp/host-starryos-aligned-j1-target-20260530T171000-native-j1/release/deps/libunicode_xid-3ad476388faf7c72.rlib --extern proc_macro --cap-lints allow"
1780132265.214,73.377,60.214,68902,0.90,0.01,0.11,5,1,1,0,0.90,"/Users/txc/.rustup/toolchains/nightly-2026-04-27-aarch64-apple-darwin/bin/rustc --crate-name ax_net_ng --edition=2024 os/arceos/modules/axnet-ng/src/lib.rs --error-format=json --json=diagnostic-rendered-ansi,artifacts,future-incompat --crate-type lib --emit=dep-info,metadata,link -C opt-level=3 -C linker-plugin-lto --cfg feature=""vsock"" --check-cfg cfg(docsrs,test) --check-cfg cfg(feature, values(""vsock"")) -C metadata=7b487a4d5443b4df -C extra-filename=-6377114b128f93fc --out-dir /private/tmp/host-starryos-aligned-j1-target-20260530T171000-native-j1/aarch64-unknown-none-softfloat/release/deps --target aarch64-unknown-none-softfloat -C strip=debuginfo -L dependency=/private/tmp/host-starryos-aligned-j1-target-20260530T171000-native-j1/aarch64-unknown-none-softfloat/release/deps -L dependency=/private/tmp/host-starryos-aligned-j1-target-20260530T171000-native-j1/release/deps --extern noprelude,nounused:alloc=/private/tmp/host-starryos-aligned-j1-target-20260530T171000-native-j1/aarch64-unknown-none-softfloat/release/deps/liballoc-c68a4ab3c84776d3.rmeta --extern async_channel=/private/tmp/host-starryos-aligned-j1-target-20260530T171000-native-j1/aarch64-unknown-none-softfloat/release/deps/libasync_channel-a01c76d23517bdba.rmeta --extern async_trait=/private/tmp/host-starryos-aligned-j1-target-20260530T171000-native-j1/release/deps/libasync_trait-69e4e0e486b451b0.dylib --extern ax_config=/private/tmp/host-starryos-aligned-j1-target-20260530T171000-native-j1/aarch64-unknown-none-softfloat/release/deps/libax_config-9f3632074c315a97.rmeta --extern ax_driver=/private/tmp/host-starryos-aligned-j1-target-20260530T171000-native-j1/aarch64-unknown-none-softfloat/release/deps/libax_driver-ce6f3124ce0e2c89.rmeta --extern ax_errno=/private/tmp/host-starryos-aligned-j1-target-20260530T171000-native-j1/aarch64-unknown-none-softfloat/release/deps/libax_errno-154081d700f1ec9e.rmeta --extern ax_fs_ng=/private/tmp/host-starryos-aligned-j1-target-20260530T171000-native-j1/aarch64-unknown-none-softfloat/release/deps/libax_fs_ng-ea8ffb2902970035.rmeta --extern ax_hal=/private/tmp/host-starryos-aligned-j1-target-20260530T171000-native-j1/aarch64-unknown-none-softfloat/release/deps/libax_hal-c88911c63a3c6849.rmeta --extern ax_io=/private/tmp/host-starryos-aligned-j1-target-20260530T171000-native-j1/aarch64-unknown-none-softfloat/release/deps/libax_io-281345aece1e0dc1.rmeta --extern ax_sync=/private/tmp/host-starryos-aligned-j1-target-20260530T171000-native-j1/aarch64-unknown-none-softfloat/release/deps/libax_sync-814bdc36cb6391fe.rmeta --extern ax_task=/private/tmp/host-starryos-aligned-j1-target-20260530T171000-native-j1/aarch64-unknown-none-softfloat/release/deps/libax_task-c082cf747382d35b.rmeta --extern axfs_ng_vfs=/private/tmp/host-starryos-aligned-j1-target-20260530T171000-native-j1/aarch64-unknown-none-softfloat/release/deps/libaxfs_ng_vfs-4cf7f6f1376e4163.rmeta --extern axpoll=/private/tmp/host-starryos-aligned-j1-target-20260530T171000-native-j1/aarch64-unknown-none-softfloat/release/deps/libaxpoll-cab064486da6bb3a.rmeta --extern bitflags=/private/tmp/host-starryos-aligned-j1-target-20260530T171000-native-j1/aarch64-unknown-none-softfloat/release/deps/libbitflags-b40d3a41ae981966.rmeta --extern cfg_if=/private/tmp/host-starryos-aligned-j1-target-20260530T171000-native-j1/aarch64-unknown-none-softfloat/release/deps/libcfg_if-70e29000d574299d.rmeta --extern noprelude,nounused:compiler_builtins=/private/tmp/host-starryos-aligned-j1-target-20260530T171000-native-j1/aarch64-unknown-none-softfloat/release/deps/libcompiler_builtins-fadd5bc9339268c7.rmeta --extern noprelude,nounused:core=/private/tmp/host-starryos-aligned-j1-target-20260530T171000-native-j1/aarch64-unknown-none-softfloat/release/deps/libcore-24028a52cfebc9af.rmeta --extern enum_dispatch=/private/tmp/host-starryos-aligned-j1-target-20260530T171000-native-j1/release/deps/libenum_dispatch-621e877153440a5f.dylib --extern event_listener=/private/tmp/host-starryos-aligned-j1-target-20260530T171000-native-j1/aarch64-unknown-none-softfloat/release/deps/libevent_listener-1f9aff207de5d614.rmeta --extern hashbrown=/private/tmp/host-starryos-aligned-j1-target-20260530T171000-native-j1/aarch64-unknown-none-softfloat/release/deps/libhashbrown-49097561ffcf0363.rmeta --extern lazy_static=/private/tmp/host-starryos-aligned-j1-target-20260530T171000-native-j1/aarch64-unknown-none-softfloat/release/deps/liblazy_static-08b103175664ddc2.rmeta --extern log=/private/tmp/host-starryos-aligned-j1-target-20260530T171000-native-j1/aarch64-unknown-none-softfloat/release/deps/liblog-46941cba8dbfbda7.rmeta --extern ringbuf=/private/tmp/host-starryos-aligned-j1-target-20260530T171000-native-j1/aarch64-unknown-none-softfloat/release/deps/libringbuf-15016d834f01b7ef.rmeta --extern smoltcp=/private/tmp/host-starryos-aligned-j1-target-20260530T171000-native-j1/aarch64-unknown-none-softfloat/release/deps/libsmoltcp-b6a62d915dd0f096.rmeta --extern spin=/private/tmp/host-starryos-aligned-j1-target-20260530T171000-native-j1/aarch64-unknown-none-softfloat/release/deps/libspin-fb66c554f06db42b.rmeta -Z unstable-options -Clink-arg=-Tlinker.x -Clink-arg=-no-pie -Clink-arg=-znostart-stop-gc -L /private/tmp/host-starryos-aligned-j1-target-20260530T171000-native-j1/aarch64-unknown-none-softfloat/release/build/ax-hal-79fb33ffe0d58464/out"
1780132266.245,74.408,61.245,68902,21.30,0.21,2.66,5,1,1,0,21.30,"/Users/txc/.rustup/toolchains/nightly-2026-04-27-aarch64-apple-darwin/bin/rustc --crate-name ax_net_ng --edition=2024 os/arceos/modules/axnet-ng/src/lib.rs --error-format=json --json=diagnostic-rendered-ansi,artifacts,future-incompat --crate-type lib --emit=dep-info,metadata,link -C opt-level=3 -C linker-plugin-lto --cfg feature=""vsock"" --check-cfg cfg(docsrs,test) --check-cfg cfg(feature, values(""vsock"")) -C metadata=7b487a4d5443b4df -C extra-filename=-6377114b128f93fc --out-dir /private/tmp/host-starryos-aligned-j1-target-20260530T171000-native-j1/aarch64-unknown-none-softfloat/release/deps --target aarch64-unknown-none-softfloat -C strip=debuginfo -L dependency=/private/tmp/host-starryos-aligned-j1-target-20260530T171000-native-j1/aarch64-unknown-none-softfloat/release/deps -L dependency=/private/tmp/host-starryos-aligned-j1-target-20260530T171000-native-j1/release/deps --extern noprelude,nounused:alloc=/private/tmp/host-starryos-aligned-j1-target-20260530T171000-native-j1/aarch64-unknown-none-softfloat/release/deps/liballoc-c68a4ab3c84776d3.rmeta --extern async_channel=/private/tmp/host-starryos-aligned-j1-target-20260530T171000-native-j1/aarch64-unknown-none-softfloat/release/deps/libasync_channel-a01c76d23517bdba.rmeta --extern async_trait=/private/tmp/host-starryos-aligned-j1-target-20260530T171000-native-j1/release/deps/libasync_trait-69e4e0e486b451b0.dylib --extern ax_config=/private/tmp/host-starryos-aligned-j1-target-20260530T171000-native-j1/aarch64-unknown-none-softfloat/release/deps/libax_config-9f3632074c315a97.rmeta --extern ax_driver=/private/tmp/host-starryos-aligned-j1-target-20260530T171000-native-j1/aarch64-unknown-none-softfloat/release/deps/libax_driver-ce6f3124ce0e2c89.rmeta --extern ax_errno=/private/tmp/host-starryos-aligned-j1-target-20260530T171000-native-j1/aarch64-unknown-none-softfloat/release/deps/libax_errno-154081d700f1ec9e.rmeta --extern ax_fs_ng=/private/tmp/host-starryos-aligned-j1-target-20260530T171000-native-j1/aarch64-unknown-none-softfloat/release/deps/libax_fs_ng-ea8ffb2902970035.rmeta --extern ax_hal=/private/tmp/host-starryos-aligned-j1-target-20260530T171000-native-j1/aarch64-unknown-none-softfloat/release/deps/libax_hal-c88911c63a3c6849.rmeta --extern ax_io=/private/tmp/host-starryos-aligned-j1-target-20260530T171000-native-j1/aarch64-unknown-none-softfloat/release/deps/libax_io-281345aece1e0dc1.rmeta --extern ax_sync=/private/tmp/host-starryos-aligned-j1-target-20260530T171000-native-j1/aarch64-unknown-none-softfloat/release/deps/libax_sync-814bdc36cb6391fe.rmeta --extern ax_task=/private/tmp/host-starryos-aligned-j1-target-20260530T171000-native-j1/aarch64-unknown-none-softfloat/release/deps/libax_task-c082cf747382d35b.rmeta --extern axfs_ng_vfs=/private/tmp/host-starryos-aligned-j1-target-20260530T171000-native-j1/aarch64-unknown-none-softfloat/release/deps/libaxfs_ng_vfs-4cf7f6f1376e4163.rmeta --extern axpoll=/private/tmp/host-starryos-aligned-j1-target-20260530T171000-native-j1/aarch64-unknown-none-softfloat/release/deps/libaxpoll-cab064486da6bb3a.rmeta --extern bitflags=/private/tmp/host-starryos-aligned-j1-target-20260530T171000-native-j1/aarch64-unknown-none-softfloat/release/deps/libbitflags-b40d3a41ae981966.rmeta --extern cfg_if=/private/tmp/host-starryos-aligned-j1-target-20260530T171000-native-j1/aarch64-unknown-none-softfloat/release/deps/libcfg_if-70e29000d574299d.rmeta --extern noprelude,nounused:compiler_builtins=/private/tmp/host-starryos-aligned-j1-target-20260530T171000-native-j1/aarch64-unknown-none-softfloat/release/deps/libcompiler_builtins-fadd5bc9339268c7.rmeta --extern noprelude,nounused:core=/private/tmp/host-starryos-aligned-j1-target-20260530T171000-native-j1/aarch64-unknown-none-softfloat/release/deps/libcore-24028a52cfebc9af.rmeta --extern enum_dispatch=/private/tmp/host-starryos-aligned-j1-target-20260530T171000-native-j1/release/deps/libenum_dispatch-621e877153440a5f.dylib --extern event_listener=/private/tmp/host-starryos-aligned-j1-target-20260530T171000-native-j1/aarch64-unknown-none-softfloat/release/deps/libevent_listener-1f9aff207de5d614.rmeta --extern hashbrown=/private/tmp/host-starryos-aligned-j1-target-20260530T171000-native-j1/aarch64-unknown-none-softfloat/release/deps/libhashbrown-49097561ffcf0363.rmeta --extern lazy_static=/private/tmp/host-starryos-aligned-j1-target-20260530T171000-native-j1/aarch64-unknown-none-softfloat/release/deps/liblazy_static-08b103175664ddc2.rmeta --extern log=/private/tmp/host-starryos-aligned-j1-target-20260530T171000-native-j1/aarch64-unknown-none-softfloat/release/deps/liblog-46941cba8dbfbda7.rmeta --extern ringbuf=/private/tmp/host-starryos-aligned-j1-target-20260530T171000-native-j1/aarch64-unknown-none-softfloat/release/deps/libringbuf-15016d834f01b7ef.rmeta --extern smoltcp=/private/tmp/host-starryos-aligned-j1-target-20260530T171000-native-j1/aarch64-unknown-none-softfloat/release/deps/libsmoltcp-b6a62d915dd0f096.rmeta --extern spin=/private/tmp/host-starryos-aligned-j1-target-20260530T171000-native-j1/aarch64-unknown-none-softfloat/release/deps/libspin-fb66c554f06db42b.rmeta -Z unstable-options -Clink-arg=-Tlinker.x -Clink-arg=-no-pie -Clink-arg=-znostart-stop-gc -L /private/tmp/host-starryos-aligned-j1-target-20260530T171000-native-j1/aarch64-unknown-none-softfloat/release/build/ax-hal-79fb33ffe0d58464/out"
1780132267.276,75.439,62.276,68902,17.70,0.18,2.21,5,1,1,0,16.80,"/Users/txc/.rustup/toolchains/nightly-2026-04-27-aarch64-apple-darwin/bin/rustc --crate-name ax_fs --edition=2024 os/arceos/modules/axfs/src/lib.rs --error-format=json --json=diagnostic-rendered-ansi,artifacts,future-incompat --crate-type lib --emit=dep-info,metadata,link -C opt-level=3 -C linker-plugin-lto --cfg feature=""default"" --check-cfg cfg(docsrs,test) --check-cfg cfg(feature, values(""default"", ""times"", ""use-ramdisk"")) -C metadata=56bae410a7aea83f -C extra-filename=-bc402d3f93b9d677 --out-dir /private/tmp/host-starryos-aligned-j1-target-20260530T171000-native-j1/aarch64-unknown-none-softfloat/release/deps --target aarch64-unknown-none-softfloat -C strip=debuginfo -L dependency=/private/tmp/host-starryos-aligned-j1-target-20260530T171000-native-j1/aarch64-unknown-none-softfloat/release/deps -L dependency=/private/tmp/host-starryos-aligned-j1-target-20260530T171000-native-j1/release/deps --extern noprelude,nounused:alloc=/private/tmp/host-starryos-aligned-j1-target-20260530T171000-native-j1/aarch64-unknown-none-softfloat/release/deps/liballoc-c68a4ab3c84776d3.rmeta --extern ax_cap_access=/private/tmp/host-starryos-aligned-j1-target-20260530T171000-native-j1/aarch64-unknown-none-softfloat/release/deps/libax_cap_access-ba85860b0b8f4ecb.rmeta --extern ax_driver=/private/tmp/host-starryos-aligned-j1-target-20260530T171000-native-j1/aarch64-unknown-none-softfloat/release/deps/libax_driver-ce6f3124ce0e2c89.rmeta --extern ax_errno=/private/tmp/host-starryos-aligned-j1-target-20260530T171000-native-j1/aarch64-unknown-none-softfloat/release/deps/libax_errno-154081d700f1ec9e.rmeta --extern ax_fs_devfs=/private/tmp/host-starryos-aligned-j1-target-20260530T171000-native-j1/aarch64-unknown-none-softfloat/release/deps/libax_fs_devfs-0996745fcbd5ff1f.rmeta --extern ax_fs_ramfs=/private/tmp/host-starryos-aligned-j1-target-20260530T171000-native-j1/aarch64-unknown-none-softfloat/release/deps/libax_fs_ramfs-c31692a8e74a98f7.rmeta --extern ax_fs_vfs=/private/tmp/host-starryos-aligned-j1-target-20260530T171000-native-j1/aarch64-unknown-none-softfloat/release/deps/libax_fs_vfs-a4083aa500f63b7f.rmeta --extern ax_hal=/private/tmp/host-starryos-aligned-j1-target-20260530T171000-native-j1/aarch64-unknown-none-softfloat/release/deps/libax_hal-c88911c63a3c6849.rmeta --extern ax_io=/private/tmp/host-starryos-aligned-j1-target-20260530T171000-native-j1/aarch64-unknown-none-softfloat/release/deps/libax_io-281345aece1e0dc1.rmeta --extern ax_lazyinit=/private/tmp/host-starryos-aligned-j1-target-20260530T171000-native-j1/aarch64-unknown-none-softfloat/release/deps/libax_lazyinit-ce7db22536bba087.rmeta --extern axfatfs=/private/tmp/host-starryos-aligned-j1-target-20260530T171000-native-j1/aarch64-unknown-none-softfloat/release/deps/libaxfatfs-c57f7c1cc00a2ea1.rmeta --extern noprelude,nounused:compiler_builtins=/private/tmp/host-starryos-aligned-j1-target-20260530T171000-native-j1/aarch64-unknown-none-softfloat/release/deps/libcompiler_builtins-fadd5bc9339268c7.rmeta --extern noprelude,nounused:core=/private/tmp/host-starryos-aligned-j1-target-20260530T171000-native-j1/aarch64-unknown-none-softfloat/release/deps/libcore-24028a52cfebc9af.rmeta --extern log=/private/tmp/host-starryos-aligned-j1-target-20260530T171000-native-j1/aarch64-unknown-none-softfloat/release/deps/liblog-46941cba8dbfbda7.rmeta --extern rsext4=/private/tmp/host-starryos-aligned-j1-target-20260530T171000-native-j1/aarch64-unknown-none-softfloat/release/deps/librsext4-b14a43d41f09b790.rmeta --extern spin=/private/tmp/host-starryos-aligned-j1-target-20260530T171000-native-j1/aarch64-unknown-none-softfloat/release/deps/libspin-fb66c554f06db42b.rmeta -Z unstable-options -Clink-arg=-Tlinker.x -Clink-arg=-no-pie -Clink-arg=-znostart-stop-gc -L /private/tmp/host-starryos-aligned-j1-target-20260530T171000-native-j1/aarch64-unknown-none-softfloat/release/build/ax-hal-79fb33ffe0d58464/out"
1780132268.303,76.466,63.303,68902,8.10,0.08,1.01,5,1,1,0,8.10,"/Users/txc/.rustup/toolchains/nightly-2026-04-27-aarch64-apple-darwin/bin/rustc --crate-name ax_fs --edition=2024 os/arceos/modules/axfs/src/lib.rs --error-format=json --json=diagnostic-rendered-ansi,artifacts,future-incompat --crate-type lib --emit=dep-info,metadata,link -C opt-level=3 -C linker-plugin-lto --cfg feature=""default"" --check-cfg cfg(docsrs,test) --check-cfg cfg(feature, values(""default"", ""times"", ""use-ramdisk"")) -C metadata=56bae410a7aea83f -C extra-filename=-bc402d3f93b9d677 --out-dir /private/tmp/host-starryos-aligned-j1-target-20260530T171000-native-j1/aarch64-unknown-none-softfloat/release/deps --target aarch64-unknown-none-softfloat -C strip=debuginfo -L dependency=/private/tmp/host-starryos-aligned-j1-target-20260530T171000-native-j1/aarch64-unknown-none-softfloat/release/deps -L dependency=/private/tmp/host-starryos-aligned-j1-target-20260530T171000-native-j1/release/deps --extern noprelude,nounused:alloc=/private/tmp/host-starryos-aligned-j1-target-20260530T171000-native-j1/aarch64-unknown-none-softfloat/release/deps/liballoc-c68a4ab3c84776d3.rmeta --extern ax_cap_access=/private/tmp/host-starryos-aligned-j1-target-20260530T171000-native-j1/aarch64-unknown-none-softfloat/release/deps/libax_cap_access-ba85860b0b8f4ecb.rmeta --extern ax_driver=/private/tmp/host-starryos-aligned-j1-target-20260530T171000-native-j1/aarch64-unknown-none-softfloat/release/deps/libax_driver-ce6f3124ce0e2c89.rmeta --extern ax_errno=/private/tmp/host-starryos-aligned-j1-target-20260530T171000-native-j1/aarch64-unknown-none-softfloat/release/deps/libax_errno-154081d700f1ec9e.rmeta --extern ax_fs_devfs=/private/tmp/host-starryos-aligned-j1-target-20260530T171000-native-j1/aarch64-unknown-none-softfloat/release/deps/libax_fs_devfs-0996745fcbd5ff1f.rmeta --extern ax_fs_ramfs=/private/tmp/host-starryos-aligned-j1-target-20260530T171000-native-j1/aarch64-unknown-none-softfloat/release/deps/libax_fs_ramfs-c31692a8e74a98f7.rmeta --extern ax_fs_vfs=/private/tmp/host-starryos-aligned-j1-target-20260530T171000-native-j1/aarch64-unknown-none-softfloat/release/deps/libax_fs_vfs-a4083aa500f63b7f.rmeta --extern ax_hal=/private/tmp/host-starryos-aligned-j1-target-20260530T171000-native-j1/aarch64-unknown-none-softfloat/release/deps/libax_hal-c88911c63a3c6849.rmeta --extern ax_io=/private/tmp/host-starryos-aligned-j1-target-20260530T171000-native-j1/aarch64-unknown-none-softfloat/release/deps/libax_io-281345aece1e0dc1.rmeta --extern ax_lazyinit=/private/tmp/host-starryos-aligned-j1-target-20260530T171000-native-j1/aarch64-unknown-none-softfloat/release/deps/libax_lazyinit-ce7db22536bba087.rmeta --extern axfatfs=/private/tmp/host-starryos-aligned-j1-target-20260530T171000-native-j1/aarch64-unknown-none-softfloat/release/deps/libaxfatfs-c57f7c1cc00a2ea1.rmeta --extern noprelude,nounused:compiler_builtins=/private/tmp/host-starryos-aligned-j1-target-20260530T171000-native-j1/aarch64-unknown-none-softfloat/release/deps/libcompiler_builtins-fadd5bc9339268c7.rmeta --extern noprelude,nounused:core=/private/tmp/host-starryos-aligned-j1-target-20260530T171000-native-j1/aarch64-unknown-none-softfloat/release/deps/libcore-24028a52cfebc9af.rmeta --extern log=/private/tmp/host-starryos-aligned-j1-target-20260530T171000-native-j1/aarch64-unknown-none-softfloat/release/deps/liblog-46941cba8dbfbda7.rmeta --extern rsext4=/private/tmp/host-starryos-aligned-j1-target-20260530T171000-native-j1/aarch64-unknown-none-softfloat/release/deps/librsext4-b14a43d41f09b790.rmeta --extern spin=/private/tmp/host-starryos-aligned-j1-target-20260530T171000-native-j1/aarch64-unknown-none-softfloat/release/deps/libspin-fb66c554f06db42b.rmeta -Z unstable-options -Clink-arg=-Tlinker.x -Clink-arg=-no-pie -Clink-arg=-znostart-stop-gc -L /private/tmp/host-starryos-aligned-j1-target-20260530T171000-native-j1/aarch64-unknown-none-softfloat/release/build/ax-hal-79fb33ffe0d58464/out"
1780132269.333,77.495,64.333,68902,36.50,0.36,4.56,5,1,1,0,36.50,"/Users/txc/.rustup/toolchains/nightly-2026-04-27-aarch64-apple-darwin/bin/rustc --crate-name ax_fs --edition=2024 os/arceos/modules/axfs/src/lib.rs --error-format=json --json=diagnostic-rendered-ansi,artifacts,future-incompat --crate-type lib --emit=dep-info,metadata,link -C opt-level=3 -C linker-plugin-lto --cfg feature=""default"" --check-cfg cfg(docsrs,test) --check-cfg cfg(feature, values(""default"", ""times"", ""use-ramdisk"")) -C metadata=56bae410a7aea83f -C extra-filename=-bc402d3f93b9d677 --out-dir /private/tmp/host-starryos-aligned-j1-target-20260530T171000-native-j1/aarch64-unknown-none-softfloat/release/deps --target aarch64-unknown-none-softfloat -C strip=debuginfo -L dependency=/private/tmp/host-starryos-aligned-j1-target-20260530T171000-native-j1/aarch64-unknown-none-softfloat/release/deps -L dependency=/private/tmp/host-starryos-aligned-j1-target-20260530T171000-native-j1/release/deps --extern noprelude,nounused:alloc=/private/tmp/host-starryos-aligned-j1-target-20260530T171000-native-j1/aarch64-unknown-none-softfloat/release/deps/liballoc-c68a4ab3c84776d3.rmeta --extern ax_cap_access=/private/tmp/host-starryos-aligned-j1-target-20260530T171000-native-j1/aarch64-unknown-none-softfloat/release/deps/libax_cap_access-ba85860b0b8f4ecb.rmeta --extern ax_driver=/private/tmp/host-starryos-aligned-j1-target-20260530T171000-native-j1/aarch64-unknown-none-softfloat/release/deps/libax_driver-ce6f3124ce0e2c89.rmeta --extern ax_errno=/private/tmp/host-starryos-aligned-j1-target-20260530T171000-native-j1/aarch64-unknown-none-softfloat/release/deps/libax_errno-154081d700f1ec9e.rmeta --extern ax_fs_devfs=/private/tmp/host-starryos-aligned-j1-target-20260530T171000-native-j1/aarch64-unknown-none-softfloat/release/deps/libax_fs_devfs-0996745fcbd5ff1f.rmeta --extern ax_fs_ramfs=/private/tmp/host-starryos-aligned-j1-target-20260530T171000-native-j1/aarch64-unknown-none-softfloat/release/deps/libax_fs_ramfs-c31692a8e74a98f7.rmeta --extern ax_fs_vfs=/private/tmp/host-starryos-aligned-j1-target-20260530T171000-native-j1/aarch64-unknown-none-softfloat/release/deps/libax_fs_vfs-a4083aa500f63b7f.rmeta --extern ax_hal=/private/tmp/host-starryos-aligned-j1-target-20260530T171000-native-j1/aarch64-unknown-none-softfloat/release/deps/libax_hal-c88911c63a3c6849.rmeta --extern ax_io=/private/tmp/host-starryos-aligned-j1-target-20260530T171000-native-j1/aarch64-unknown-none-softfloat/release/deps/libax_io-281345aece1e0dc1.rmeta --extern ax_lazyinit=/private/tmp/host-starryos-aligned-j1-target-20260530T171000-native-j1/aarch64-unknown-none-softfloat/release/deps/libax_lazyinit-ce7db22536bba087.rmeta --extern axfatfs=/private/tmp/host-starryos-aligned-j1-target-20260530T171000-native-j1/aarch64-unknown-none-softfloat/release/deps/libaxfatfs-c57f7c1cc00a2ea1.rmeta --extern noprelude,nounused:compiler_builtins=/private/tmp/host-starryos-aligned-j1-target-20260530T171000-native-j1/aarch64-unknown-none-softfloat/release/deps/libcompiler_builtins-fadd5bc9339268c7.rmeta --extern noprelude,nounused:core=/private/tmp/host-starryos-aligned-j1-target-20260530T171000-native-j1/aarch64-unknown-none-softfloat/release/deps/libcore-24028a52cfebc9af.rmeta --extern log=/private/tmp/host-starryos-aligned-j1-target-20260530T171000-native-j1/aarch64-unknown-none-softfloat/release/deps/liblog-46941cba8dbfbda7.rmeta --extern rsext4=/private/tmp/host-starryos-aligned-j1-target-20260530T171000-native-j1/aarch64-unknown-none-softfloat/release/deps/librsext4-b14a43d41f09b790.rmeta --extern spin=/private/tmp/host-starryos-aligned-j1-target-20260530T171000-native-j1/aarch64-unknown-none-softfloat/release/deps/libspin-fb66c554f06db42b.rmeta -Z unstable-options -Clink-arg=-Tlinker.x -Clink-arg=-no-pie -Clink-arg=-znostart-stop-gc -L /private/tmp/host-starryos-aligned-j1-target-20260530T171000-native-j1/aarch64-unknown-none-softfloat/release/build/ax-hal-79fb33ffe0d58464/out"
1780132270.362,78.525,65.362,68902,30.30,0.30,3.79,5,1,1,0,29.50,"/Users/txc/.rustup/toolchains/nightly-2026-04-27-aarch64-apple-darwin/bin/rustc --crate-name ax_net --edition=2024 os/arceos/modules/axnet/src/lib.rs --error-format=json --json=diagnostic-rendered-ansi,artifacts,future-incompat --crate-type lib --emit=dep-info,metadata,link -C opt-level=3 -C linker-plugin-lto --cfg feature=""default"" --cfg feature=""smoltcp"" --check-cfg cfg(docsrs,test) --check-cfg cfg(feature, values(""default"", ""smoltcp"", ""vsock"")) -C metadata=299a40514668cb85 -C extra-filename=-812dc75749e84247 --out-dir /private/tmp/host-starryos-aligned-j1-target-20260530T171000-native-j1/aarch64-unknown-none-softfloat/release/deps --target aarch64-unknown-none-softfloat -C strip=debuginfo -L dependency=/private/tmp/host-starryos-aligned-j1-target-20260530T171000-native-j1/aarch64-unknown-none-softfloat/release/deps -L dependency=/private/tmp/host-starryos-aligned-j1-target-20260530T171000-native-j1/release/deps --extern noprelude,nounused:alloc=/private/tmp/host-starryos-aligned-j1-target-20260530T171000-native-j1/aarch64-unknown-none-softfloat/release/deps/liballoc-c68a4ab3c84776d3.rmeta --extern ax_driver=/private/tmp/host-starryos-aligned-j1-target-20260530T171000-native-j1/aarch64-unknown-none-softfloat/release/deps/libax_driver-ce6f3124ce0e2c89.rmeta --extern ax_errno=/private/tmp/host-starryos-aligned-j1-target-20260530T171000-native-j1/aarch64-unknown-none-softfloat/release/deps/libax_errno-154081d700f1ec9e.rmeta --extern ax_hal=/private/tmp/host-starryos-aligned-j1-target-20260530T171000-native-j1/aarch64-unknown-none-softfloat/release/deps/libax_hal-c88911c63a3c6849.rmeta --extern ax_io=/private/tmp/host-starryos-aligned-j1-target-20260530T171000-native-j1/aarch64-unknown-none-softfloat/release/deps/libax_io-281345aece1e0dc1.rmeta --extern ax_lazyinit=/private/tmp/host-starryos-aligned-j1-target-20260530T171000-native-j1/aarch64-unknown-none-softfloat/release/deps/libax_lazyinit-ce7db22536bba087.rmeta --extern ax_sync=/private/tmp/host-starryos-aligned-j1-target-20260530T171000-native-j1/aarch64-unknown-none-softfloat/release/deps/libax_sync-814bdc36cb6391fe.rmeta --extern ax_task=/private/tmp/host-starryos-aligned-j1-target-20260530T171000-native-j1/aarch64-unknown-none-softfloat/release/deps/libax_task-c082cf747382d35b.rmeta --extern cfg_if=/private/tmp/host-starryos-aligned-j1-target-20260530T171000-native-j1/aarch64-unknown-none-softfloat/release/deps/libcfg_if-70e29000d574299d.rmeta --extern noprelude,nounused:compiler_builtins=/private/tmp/host-starryos-aligned-j1-target-20260530T171000-native-j1/aarch64-unknown-none-softfloat/release/deps/libcompiler_builtins-fadd5bc9339268c7.rmeta --extern noprelude,nounused:core=/private/tmp/host-starryos-aligned-j1-target-20260530T171000-native-j1/aarch64-unknown-none-softfloat/release/deps/libcore-24028a52cfebc9af.rmeta --extern log=/private/tmp/host-starryos-aligned-j1-target-20260530T171000-native-j1/aarch64-unknown-none-softfloat/release/deps/liblog-46941cba8dbfbda7.rmeta --extern smoltcp=/private/tmp/host-starryos-aligned-j1-target-20260530T171000-native-j1/aarch64-unknown-none-softfloat/release/deps/libsmoltcp-b6a62d915dd0f096.rmeta --extern spin=/private/tmp/host-starryos-aligned-j1-target-20260530T171000-native-j1/aarch64-unknown-none-softfloat/release/deps/libspin-fb66c554f06db42b.rmeta -Z unstable-options -Clink-arg=-Tlinker.x -Clink-arg=-no-pie -Clink-arg=-znostart-stop-gc -L /private/tmp/host-starryos-aligned-j1-target-20260530T171000-native-j1/aarch64-unknown-none-softfloat/release/build/ax-hal-79fb33ffe0d58464/out"
1780132271.394,79.557,66.394,68902,0.00,0.00,0.00,5,1,1,0,0.00,bash /Users/txc/code/Auto-OS/showtime-2/scripts/run-host-aligned-starryos-oracle.sh
1780132272.438,80.601,67.438,68902,10.60,0.11,1.33,5,1,1,0,9.30,"/Users/txc/.rustup/toolchains/nightly-2026-04-27-aarch64-apple-darwin/bin/rustc --crate-name ax_runtime --edition=2024 os/arceos/modules/axruntime/src/lib.rs --error-format=json --json=diagnostic-rendered-ansi,artifacts,future-incompat --crate-type lib --emit=dep-info,metadata,link -C opt-level=3 -C linker-plugin-lto --cfg feature=""alloc"" --cfg feature=""ax-driver"" --cfg feature=""ax-task"" --cfg feature=""default"" --cfg feature=""display"" --cfg feature=""fs"" --cfg feature=""fs-ng"" --cfg feature=""input"" --cfg feature=""irq"" --cfg feature=""multitask"" --cfg feature=""net"" --cfg feature=""net-ng"" --cfg feature=""paging"" --cfg feature=""rtc"" --cfg feature=""smp"" --cfg feature=""vsock"" --check-cfg cfg(docsrs,test) --check-cfg cfg(feature, values(""alloc"", ""ax-driver"", ""ax-task"", ""buddy-slab"", ""default"", ""display"", ""dma"", ""fs"", ""fs-ng"", ""input"", ""ipi"", ""irq"", ""multitask"", ""net"", ""net-ng"", ""paging"", ""plat-dyn"", ""rtc"", ""smp"", ""tls"", ""vsock"")) -C metadata=1cb4201b3df74739 -C extra-filename=-78cae83b3aa4ead7 --out-dir /private/tmp/host-starryos-aligned-j1-target-20260530T171000-native-j1/aarch64-unknown-none-softfloat/release/deps --target aarch64-unknown-none-softfloat -C strip=debuginfo -L dependency=/private/tmp/host-starryos-aligned-j1-target-20260530T171000-native-j1/aarch64-unknown-none-softfloat/release/deps -L dependency=/private/tmp/host-starryos-aligned-j1-target-20260530T171000-native-j1/release/deps --extern noprelude,nounused:alloc=/private/tmp/host-starryos-aligned-j1-target-20260530T171000-native-j1/aarch64-unknown-none-softfloat/release/deps/liballoc-c68a4ab3c84776d3.rmeta --extern ax_alloc=/private/tmp/host-starryos-aligned-j1-target-20260530T171000-native-j1/aarch64-unknown-none-softfloat/release/deps/libax_alloc-03a242702bccc78f.rmeta --extern ax_config=/private/tmp/host-starryos-aligned-j1-target-20260530T171000-native-j1/aarch64-unknown-none-softfloat/release/deps/libax_config-9f3632074c315a97.rmeta --extern ax_crate_interface=/private/tmp/host-starryos-aligned-j1-target-20260530T171000-native-j1/release/deps/libax_crate_interface-d50630bab43909eb.dylib --extern ax_ctor_bare=/private/tmp/host-starryos-aligned-j1-target-20260530T171000-native-j1/aarch64-unknown-none-softfloat/release/deps/libax_ctor_bare-9c7c4b13a566ee61.rmeta --extern ax_display=/private/tmp/host-starryos-aligned-j1-target-20260530T171000-native-j1/aarch64-unknown-none-softfloat/release/deps/libax_display-76aef02b4f24289f.rmeta --extern ax_driver=/private/tmp/host-starryos-aligned-j1-target-20260530T171000-native-j1/aarch64-unknown-none-softfloat/release/deps/libax_driver-ce6f3124ce0e2c89.rmeta --extern ax_fs=/private/tmp/host-starryos-aligned-j1-target-20260530T171000-native-j1/aarch64-unknown-none-softfloat/release/deps/libax_fs-bc402d3f93b9d677.rmeta --extern ax_fs_ng=/private/tmp/host-starryos-aligned-j1-target-20260530T171000-native-j1/aarch64-unknown-none-softfloat/release/deps/libax_fs_ng-ea8ffb2902970035.rmeta --extern ax_hal=/private/tmp/host-starryos-aligned-j1-target-20260530T171000-native-j1/aarch64-unknown-none-softfloat/release/deps/libax_hal-c88911c63a3c6849.rmeta --extern ax_input=/private/tmp/host-starryos-aligned-j1-target-20260530T171000-native-j1/aarch64-unknown-none-softfloat/release/deps/libax_input-51f1f7fb5590fac1.rmeta --extern ax_lazyinit=/private/tmp/host-starryos-aligned-j1-target-20260530T171000-native-j1/aarch64-unknown-none-softfloat/release/deps/libax_lazyinit-ce7db22536bba087.rmeta --extern ax_log=/private/tmp/host-starryos-aligned-j1-target-20260530T171000-native-j1/aarch64-unknown-none-softfloat/release/deps/libax_log-35e2a9030c8c412a.rmeta --extern ax_memory_addr=/private/tmp/host-starryos-aligned-j1-target-20260530T171000-native-j1/aarch64-unknown-none-softfloat/release/deps/libax_memory_addr-5fbe6a7a31cdcc28.rmeta --extern ax_mm=/private/tmp/host-starryos-aligned-j1-target-20260530T171000-native-j1/aarch64-unknown-none-softfloat/release/deps/libax_mm-83fae9c35912da38.rmeta --extern ax_net=/private/tmp/host-starryos-aligned-j1-target-20260530T171000-native-j1/aarch64-unknown-none-softfloat/release/deps/libax_net-812dc75749e84247.rmeta --extern ax_net_ng=/private/tmp/host-starryos-aligned-j1-target-20260530T171000-native-j1/aarch64-unknown-none-softfloat/release/deps/libax_net_ng-6377114b128f93fc.rmeta --extern ax_percpu=/private/tmp/host-starryos-aligned-j1-target-20260530T171000-native-j1/aarch64-unknown-none-softfloat/release/deps/libax_percpu-e92e29125c3fa843.rmeta --extern ax_plat=/private/tmp/host-starryos-aligned-j1-target-20260530T171000-native-j1/aarch64-unknown-none-softfloat/release/deps/libax_plat-98778102cb250527.rmeta --extern ax_task=/private/tmp/host-starryos-aligned-j1-target-20260530T171000-native-j1/aarch64-unknown-none-softfloat/release/deps/libax_task-c082cf747382d35b.rmeta --extern axbacktrace=/private/tmp/host-starryos-aligned-j1-target-20260530T171000-native-j1/aarch64-unknown-none-softfloat/release/deps/libaxbacktrace-d2ee0314daa0e966.rmeta --extern axklib=/private/tmp/host-starryos-aligned-j1-target-20260530T171000-native-j1/aarch64-unknown-none-softfloat/release/deps/libaxklib-2cbaacba0966f879.rmeta --extern axpanic=/private/tmp/host-starryos-aligned-j1-target-20260530T171000-native-j1/aarch64-unknown-none-softfloat/release/deps/libaxpanic-bf41f6889ea7f091.rmeta --extern cfg_if=/private/tmp/host-starryos-aligned-j1-target-20260530T171000-native-j1/aarch64-unknown-none-softfloat/release/deps/libcfg_if-70e29000d574299d.rmeta --extern chrono=/private/tmp/host-starryos-aligned-j1-target-20260530T171000-native-j1/aarch64-unknown-none-softfloat/release/deps/libchrono-74fe4398c75daf6d.rmeta --extern noprelude,nounused:compiler_builtins=/private/tmp/host-starryos-aligned-j1-target-20260530T171000-native-j1/aarch64-unknown-none-softfloat/release/deps/libcompiler_builtins-fadd5bc9339268c7.rmeta --extern noprelude,nounused:core=/private/tmp/host-starryos-aligned-j1-target-20260530T171000-native-j1/aarch64-unknown-none-softfloat/release/deps/libcore-24028a52cfebc9af.rmeta --extern indoc=/private/tmp/host-starryos-aligned-j1-target-20260530T171000-native-j1/release/deps/libindoc-5e2aaf5d5fb5f76f.dylib -Z unstable-options -Clink-arg=-Tlinker.x -Clink-arg=-no-pie -Clink-arg=-znostart-stop-gc -L /private/tmp/host-starryos-aligned-j1-target-20260530T171000-native-j1/aarch64-unknown-none-softfloat/release/build/ax-hal-79fb33ffe0d58464/out"
1780132273.480,81.642,68.480,68902,0.70,0.01,0.09,5,0,1,1,0.70,"/Users/txc/.rustup/toolchains/nightly-2026-04-27-aarch64-apple-darwin/bin/cargo build -p starryos --bin starryos --target aarch64-unknown-none-softfloat -Z build-std=core,alloc,compiler_builtins --target-dir /private/tmp/host-starryos-aligned-j1-target-20260530T171000-native-j1 --features qemu,gic-v3,cntv-timer,smp --release"
1780132274.509,82.672,69.509,68902,0.00,0.00,0.00,5,0,1,0,0.00,bash /Users/txc/code/Auto-OS/showtime-2/scripts/run-host-aligned-starryos-oracle.sh
1780132275.534,83.697,70.534,68902,27.80,0.28,3.48,5,1,1,0,27.20,"/Users/txc/.rustup/toolchains/nightly-2026-04-27-aarch64-apple-darwin/bin/rustc --crate-name tp_lexer --edition=2024 /Users/txc/.cargo/registry/src/index.crates.io-1949cf8c6b5b557f/tp-lexer-0.5.5/src/lib.rs --error-format=json --json=diagnostic-rendered-ansi,artifacts,future-incompat --crate-type lib --emit=dep-info,metadata,link -C opt-level=3 -C linker-plugin-lto --check-cfg cfg(docsrs,test) --check-cfg cfg(feature, values()) -C metadata=6d1f345554f0908e -C extra-filename=-09d3c77b44e4a88e --out-dir /private/tmp/host-starryos-aligned-j1-target-20260530T171000-native-j1/aarch64-unknown-none-softfloat/release/deps --target aarch64-unknown-none-softfloat -C strip=debuginfo -L dependency=/private/tmp/host-starryos-aligned-j1-target-20260530T171000-native-j1/aarch64-unknown-none-softfloat/release/deps -L dependency=/private/tmp/host-starryos-aligned-j1-target-20260530T171000-native-j1/release/deps --extern noprelude,nounused:alloc=/private/tmp/host-starryos-aligned-j1-target-20260530T171000-native-j1/aarch64-unknown-none-softfloat/release/deps/liballoc-c68a4ab3c84776d3.rmeta --extern noprelude,nounused:compiler_builtins=/private/tmp/host-starryos-aligned-j1-target-20260530T171000-native-j1/aarch64-unknown-none-softfloat/release/deps/libcompiler_builtins-fadd5bc9339268c7.rmeta --extern noprelude,nounused:core=/private/tmp/host-starryos-aligned-j1-target-20260530T171000-native-j1/aarch64-unknown-none-softfloat/release/deps/libcore-24028a52cfebc9af.rmeta -Z unstable-options --cap-lints allow -Clink-arg=-Tlinker.x -Clink-arg=-no-pie -Clink-arg=-znostart-stop-gc"
1780132276.565,84.728,71.565,68902,38.80,0.39,4.85,5,1,1,0,38.20,"/Users/txc/.rustup/toolchains/nightly-2026-04-27-aarch64-apple-darwin/bin/rustc --crate-name starry_process --edition=2024 components/starry-process/src/lib.rs --error-format=json --json=diagnostic-rendered-ansi,artifacts,future-incompat --crate-type lib --emit=dep-info,metadata,link -C opt-level=3 -C linker-plugin-lto --check-cfg cfg(docsrs,test) --check-cfg cfg(feature, values()) -C metadata=6dff73c38c75e484 -C extra-filename=-29adb9dfcdd8ceca --out-dir /private/tmp/host-starryos-aligned-j1-target-20260530T171000-native-j1/aarch64-unknown-none-softfloat/release/deps --target aarch64-unknown-none-softfloat -C strip=debuginfo -L dependency=/private/tmp/host-starryos-aligned-j1-target-20260530T171000-native-j1/aarch64-unknown-none-softfloat/release/deps -L dependency=/private/tmp/host-starryos-aligned-j1-target-20260530T171000-native-j1/release/deps --extern noprelude,nounused:alloc=/private/tmp/host-starryos-aligned-j1-target-20260530T171000-native-j1/aarch64-unknown-none-softfloat/release/deps/liballoc-c68a4ab3c84776d3.rmeta --extern ax_kspin=/private/tmp/host-starryos-aligned-j1-target-20260530T171000-native-j1/aarch64-unknown-none-softfloat/release/deps/libax_kspin-7f23ffbe8e419cf0.rmeta --extern ax_lazyinit=/private/tmp/host-starryos-aligned-j1-target-20260530T171000-native-j1/aarch64-unknown-none-softfloat/release/deps/libax_lazyinit-ce7db22536bba087.rmeta --extern noprelude,nounused:compiler_builtins=/private/tmp/host-starryos-aligned-j1-target-20260530T171000-native-j1/aarch64-unknown-none-softfloat/release/deps/libcompiler_builtins-fadd5bc9339268c7.rmeta --extern noprelude,nounused:core=/private/tmp/host-starryos-aligned-j1-target-20260530T171000-native-j1/aarch64-unknown-none-softfloat/release/deps/libcore-24028a52cfebc9af.rmeta --extern weak_map=/private/tmp/host-starryos-aligned-j1-target-20260530T171000-native-j1/aarch64-unknown-none-softfloat/release/deps/libweak_map-0d8eb1bc4aad2f81.rmeta -Z unstable-options -Clink-arg=-Tlinker.x -Clink-arg=-no-pie -Clink-arg=-znostart-stop-gc"
1780132277.607,85.770,72.607,68902,0.50,0.01,0.06,5,1,1,0,0.50,"/Users/txc/.rustup/toolchains/nightly-2026-04-27-aarch64-apple-darwin/bin/rustc --crate-name num_enum --edition=2021 /Users/txc/.cargo/registry/src/index.crates.io-1949cf8c6b5b557f/num_enum-0.7.6/src/lib.rs --error-format=json --json=diagnostic-rendered-ansi,artifacts,future-incompat --crate-type lib --emit=dep-info,metadata,link -C opt-level=3 -C linker-plugin-lto --check-cfg cfg(docsrs,test) --check-cfg cfg(feature, values(""complex-expressions"", ""default"", ""external_doc"", ""std"")) -C metadata=07f30f67d76ec591 -C extra-filename=-851261348ab36b87 --out-dir /private/tmp/host-starryos-aligned-j1-target-20260530T171000-native-j1/aarch64-unknown-none-softfloat/release/deps --target aarch64-unknown-none-softfloat -C strip=debuginfo -L dependency=/private/tmp/host-starryos-aligned-j1-target-20260530T171000-native-j1/aarch64-unknown-none-softfloat/release/deps -L dependency=/private/tmp/host-starryos-aligned-j1-target-20260530T171000-native-j1/release/deps --extern noprelude,nounused:alloc=/private/tmp/host-starryos-aligned-j1-target-20260530T171000-native-j1/aarch64-unknown-none-softfloat/release/deps/liballoc-c68a4ab3c84776d3.rmeta --extern noprelude,nounused:compiler_builtins=/private/tmp/host-starryos-aligned-j1-target-20260530T171000-native-j1/aarch64-unknown-none-softfloat/release/deps/libcompiler_builtins-fadd5bc9339268c7.rmeta --extern noprelude,nounused:core=/private/tmp/host-starryos-aligned-j1-target-20260530T171000-native-j1/aarch64-unknown-none-softfloat/release/deps/libcore-24028a52cfebc9af.rmeta --extern num_enum_derive=/private/tmp/host-starryos-aligned-j1-target-20260530T171000-native-j1/release/deps/libnum_enum_derive-b6f5f0ee93cd573a.dylib --extern rustversion=/private/tmp/host-starryos-aligned-j1-target-20260530T171000-native-j1/release/deps/librustversion-a626ec0adf6e4ee8.dylib -Z unstable-options --cap-lints allow -Clink-arg=-Tlinker.x -Clink-arg=-no-pie -Clink-arg=-znostart-stop-gc"
1780132278.638,86.801,73.638,68902,23.90,0.24,2.99,5,0,1,0,23.30,(rustc)
1780132279.670,87.833,74.670,68902,71.00,0.71,8.88,5,1,1,0,70.90,"/Users/txc/.rustup/toolchains/nightly-2026-04-27-aarch64-apple-darwin/bin/rustc --crate-name starry_kernel --edition=2024 os/StarryOS/kernel/src/lib.rs --error-format=json --json=diagnostic-rendered-ansi,artifacts,future-incompat --crate-type lib --emit=dep-info,metadata,link -C opt-level=3 -C linker-plugin-lto --cfg feature=""dev-log"" --cfg feature=""ext4"" --cfg feature=""input"" --cfg feature=""vsock"" --check-cfg cfg(docsrs,test) --check-cfg cfg(feature, values(""default"", ""dev-log"", ""dynamic_debug"", ""ext4"", ""input"", ""kcov"", ""memtrack"", ""plat-dyn"", ""rknpu"", ""sg2002"", ""vsock"")) -C metadata=09c70e61e675b4a0 -C extra-filename=-a4f3e83f09ca1fac --out-dir /private/tmp/host-starryos-aligned-j1-target-20260530T171000-native-j1/aarch64-unknown-none-softfloat/release/deps --target aarch64-unknown-none-softfloat -C strip=debuginfo -L dependency=/private/tmp/host-starryos-aligned-j1-target-20260530T171000-native-j1/aarch64-unknown-none-softfloat/release/deps -L dependency=/private/tmp/host-starryos-aligned-j1-target-20260530T171000-native-j1/release/deps --extern noprelude,nounused:alloc=/private/tmp/host-starryos-aligned-j1-target-20260530T171000-native-j1/aarch64-unknown-none-softfloat/release/deps/liballoc-c68a4ab3c84776d3.rmeta --extern ax_alloc=/private/tmp/host-starryos-aligned-j1-target-20260530T171000-native-j1/aarch64-unknown-none-softfloat/release/deps/libax_alloc-03a242702bccc78f.rmeta --extern ax_config=/private/tmp/host-starryos-aligned-j1-target-20260530T171000-native-j1/aarch64-unknown-none-softfloat/release/deps/libax_config-9f3632074c315a97.rmeta --extern ax_display=/private/tmp/host-starryos-aligned-j1-target-20260530T171000-native-j1/aarch64-unknown-none-softfloat/release/deps/libax_display-76aef02b4f24289f.rmeta --extern ax_driver=/private/tmp/host-starryos-aligned-j1-target-20260530T171000-native-j1/aarch64-unknown-none-softfloat/release/deps/libax_driver-ce6f3124ce0e2c89.rmeta --extern ax_errno=/private/tmp/host-starryos-aligned-j1-target-20260530T171000-native-j1/aarch64-unknown-none-softfloat/release/deps/libax_errno-154081d700f1ec9e.rmeta --extern ax_feat=/private/tmp/host-starryos-aligned-j1-target-20260530T171000-native-j1/aarch64-unknown-none-softfloat/release/deps/libax_feat-9e06dc371d6f4f7e.rmeta --extern ax_fs=/private/tmp/host-starryos-aligned-j1-target-20260530T171000-native-j1/aarch64-unknown-none-softfloat/release/deps/libax_fs_ng-ea8ffb2902970035.rmeta --extern ax_hal=/private/tmp/host-starryos-aligned-j1-target-20260530T171000-native-j1/aarch64-unknown-none-softfloat/release/deps/libax_hal-c88911c63a3c6849.rmeta --extern ax_input=/private/tmp/host-starryos-aligned-j1-target-20260530T171000-native-j1/aarch64-unknown-none-softfloat/release/deps/libax_input-51f1f7fb5590fac1.rmeta --extern ax_io=/private/tmp/host-starryos-aligned-j1-target-20260530T171000-native-j1/aarch64-unknown-none-softfloat/release/deps/libax_io-281345aece1e0dc1.rmeta --extern ax_ipi=/private/tmp/host-starryos-aligned-j1-target-20260530T171000-native-j1/aarch64-unknown-none-softfloat/release/deps/libax_ipi-59456be0c1a5adf6.rmeta --extern ax_kernel_guard=/private/tmp/host-starryos-aligned-j1-target-20260530T171000-native-j1/aarch64-unknown-none-softfloat/release/deps/libax_kernel_guard-48110f9d37c92e0d.rmeta --extern ax_kspin=/private/tmp/host-starryos-aligned-j1-target-20260530T171000-native-j1/aarch64-unknown-none-softfloat/release/deps/libax_kspin-7f23ffbe8e419cf0.rmeta --extern ax_lazyinit=/private/tmp/host-starryos-aligned-j1-target-20260530T171000-native-j1/aarch64-unknown-none-softfloat/release/deps/libax_lazyinit-ce7db22536bba087.rmeta --extern ax_log=/private/tmp/host-starryos-aligned-j1-target-20260530T171000-native-j1/aarch64-unknown-none-softfloat/release/deps/libax_log-35e2a9030c8c412a.rmeta --extern ax_memory_addr=/private/tmp/host-starryos-aligned-j1-target-20260530T171000-native-j1/aarch64-unknown-none-softfloat/release/deps/libax_memory_addr-5fbe6a7a31cdcc28.rmeta --extern ax_memory_set=/private/tmp/host-starryos-aligned-j1-target-20260530T171000-native-j1/aarch64-unknown-none-softfloat/release/deps/libax_memory_set-aa94cf2104f026e3.rmeta --extern ax_mm=/private/tmp/host-starryos-aligned-j1-target-20260530T171000-native-j1/aarch64-unknown-none-softfloat/release/deps/libax_mm-83fae9c35912da38.rmeta --extern axnet=/private/tmp/host-starryos-aligned-j1-target-20260530T171000-native-j1/aarch64-unknown-none-softfloat/release/deps/libax_net_ng-6377114b128f93fc.rmeta --extern ax_percpu=/private/tmp/host-starryos-aligned-j1-target-20260530T171000-native-j1/aarch64-unknown-none-softfloat/release/deps/libax_percpu-e92e29125c3fa843.rmeta --extern ax_runtime=/private/tmp/host-starryos-aligned-j1-target-20260530T171000-native-j1/aarch64-unknown-none-softfloat/release/deps/libax_runtime-78cae83b3aa4ead7.rmeta --extern ax_sync=/private/tmp/host-starryos-aligned-j1-target-20260530T171000-native-j1/aarch64-unknown-none-softfloat/release/deps/libax_sync-814bdc36cb6391fe.rmeta --extern ax_task=/private/tmp/host-starryos-aligned-j1-target-20260530T171000-native-j1/aarch64-unknown-none-softfloat/release/deps/libax_task-c082cf747382d35b.rmeta --extern axbacktrace=/private/tmp/host-starryos-aligned-j1-target-20260530T171000-native-j1/aarch64-unknown-none-softfloat/release/deps/libaxbacktrace-d2ee0314daa0e966.rmeta --extern axfs_ng_vfs=/private/tmp/host-starryos-aligned-j1-target-20260530T171000-native-j1/aarch64-unknown-none-softfloat/release/deps/libaxfs_ng_vfs-4cf7f6f1376e4163.rmeta --extern axpoll=/private/tmp/host-starryos-aligned-j1-target-20260530T171000-native-j1/aarch64-unknown-none-softfloat/release/deps/libaxpoll-cab064486da6bb3a.rmeta --extern bitflags=/private/tmp/host-starryos-aligned-j1-target-20260530T171000-native-j1/aarch64-unknown-none-softfloat/release/deps/libbitflags-b40d3a41ae981966.rmeta --extern bitmaps=/private/tmp/host-starryos-aligned-j1-target-20260530T171000-native-j1/aarch64-unknown-none-softfloat/release/deps/libbitmaps-c11bde86d67ccc86.rmeta --extern bytemuck=/private/tmp/host-starryos-aligned-j1-target-20260530T171000-native-j1/aarch64-unknown-none-softfloat/release/deps/libbytemuck-15a6f44120f3ae6f.rmeta --extern cfg_if=/private/tmp/host-starryos-aligned-j1-target-20260530T171000-native-j1/aarch64-unknown-none-softfloat/release/deps/libcfg_if-70e29000d574299d.rmeta --extern chrono=/private/tmp/host-starryos-aligned-j1-target-20260530T171000-native-j1/aarch64-unknown-none-softfloat/release/deps/libchrono-74fe4398c75daf6d.rmeta --extern noprelude,nounused:compiler_builtins=/private/tmp/host-starryos-aligned-j1-target-20260530T171000-native-j1/aarch64-unknown-none-softfloat/release/deps/libcompiler_builtins-fadd5bc9339268c7.rmeta --extern noprelude,nounused:core=/private/tmp/host-starryos-aligned-j1-target-20260530T171000-native-j1/aarch64-unknown-none-softfloat/release/deps/libcore-24028a52cfebc9af.rmeta --extern ddebug=/private/tmp/host-starryos-aligned-j1-target-20260530T171000-native-j1/aarch64-unknown-none-softfloat/release/deps/libddebug-42fc60da73f423b5.rmeta --extern downcast_rs=/private/tmp/host-starryos-aligned-j1-target-20260530T171000-native-j1/aarch64-unknown-none-softfloat/release/deps/libdowncast_rs-cb0ae7066cd236ab.rmeta --extern enum_dispatch=/private/tmp/host-starryos-aligned-j1-target-20260530T171000-native-j1/release/deps/libenum_dispatch-621e877153440a5f.dylib --extern event_listener=/private/tmp/host-starryos-aligned-j1-target-20260530T171000-native-j1/aarch64-unknown-none-softfloat/release/deps/libevent_listener-1f9aff207de5d614.rmeta --extern extern_trait=/private/tmp/host-starryos-aligned-j1-target-20260530T171000-native-j1/aarch64-unknown-none-softfloat/release/deps/libextern_trait-b7021e236908017d.rmeta --extern flatten_objects=/private/tmp/host-starryos-aligned-j1-target-20260530T171000-native-j1/aarch64-unknown-none-softfloat/release/deps/libflatten_objects-3736f16ed88422d0.rmeta --extern hashbrown=/private/tmp/host-starryos-aligned-j1-target-20260530T171000-native-j1/aarch64-unknown-none-softfloat/release/deps/libhashbrown-49097561ffcf0363.rmeta --extern indoc=/private/tmp/host-starryos-aligned-j1-target-20260530T171000-native-j1/release/deps/libindoc-5e2aaf5d5fb5f76f.dylib --extern inherit_methods_macro=/private/tmp/host-starryos-aligned-j1-target-20260530T171000-native-j1/release/deps/libinherit_methods_macro-069afc4a9c5f695d.dylib --extern kernel_elf_parser=/private/tmp/host-starryos-aligned-j1-target-20260530T171000-native-j1/aarch64-unknown-none-softfloat/release/deps/libkernel_elf_parser-a6dcd177ee8f0e4a.rmeta --extern ktracepoint=/private/tmp/host-starryos-aligned-j1-target-20260530T171000-native-j1/aarch64-unknown-none-softfloat/release/deps/libktracepoint-38bf1f5e2c475c89.rmeta --extern lazy_static=/private/tmp/host-starryos-aligned-j1-target-20260530T171000-native-j1/aarch64-unknown-none-softfloat/release/deps/liblazy_static-08b103175664ddc2.rmeta --extern linux_raw_sys=/private/tmp/host-starryos-aligned-j1-target-20260530T171000-native-j1/aarch64-unknown-none-softfloat/release/deps/liblinux_raw_sys-ef2aab38e568e6d8.rmeta --extern lock_api=/private/tmp/host-starryos-aligned-j1-target-20260530T171000-native-j1/aarch64-unknown-none-softfloat/release/deps/liblock_api-6595b519a8deedf0.rmeta --extern num_enum=/private/tmp/host-starryos-aligned-j1-target-20260530T171000-native-j1/aarch64-unknown-none-softfloat/release/deps/libnum_enum-851261348ab36b87.rmeta --extern ouroboros=/private/tmp/host-starryos-aligned-j1-target-20260530T171000-native-j1/aarch64-unknown-none-softfloat/release/deps/libouroboros-12159d895478de11.rmeta --extern rand=/private/tmp/host-starryos-aligned-j1-target-20260530T171000-native-j1/aarch64-unknown-none-softfloat/release/deps/librand-af50f56628e87451.rmeta --extern ringbuf=/private/tmp/host-starryos-aligned-j1-target-20260530T171000-native-j1/aarch64-unknown-none-softfloat/release/deps/libringbuf-15016d834f01b7ef.rmeta --extern scope_local=/private/tmp/host-starryos-aligned-j1-target-20260530T171000-native-j1/aarch64-unknown-none-softfloat/release/deps/libscope_local-57f25bd7f8458b4a.rmeta --extern slab=/private/tmp/host-starryos-aligned-j1-target-20260530T171000-native-j1/aarch64-unknown-none-softfloat/release/deps/libslab-8b62c9afd1c31434.rmeta --extern spin=/private/tmp/host-starryos-aligned-j1-target-20260530T171000-native-j1/aarch64-unknown-none-softfloat/release/deps/libspin-fb66c554f06db42b.rmeta --extern starry_process=/private/tmp/host-starryos-aligned-j1-target-20260530T171000-native-j1/aarch64-unknown-none-softfloat/release/deps/libstarry_process-29adb9dfcdd8ceca.rmeta --extern starry_signal=/private/tmp/host-starryos-aligned-j1-target-20260530T171000-native-j1/aarch64-unknown-none-softfloat/release/deps/libstarry_signal-1ce94703cd8d3b77.rmeta --extern starry_vm=/private/tmp/host-starryos-aligned-j1-target-20260530T171000-native-j1/aarch64-unknown-none-softfloat/release/deps/libstarry_vm-df32d63d4f8291e1.rmeta --extern static_keys=/private/tmp/host-starryos-aligned-j1-target-20260530T171000-native-j1/aarch64-unknown-none-softfloat/release/deps/libstatic_keys-b989b39b20252fd8.rmeta --extern strum=/private/tmp/host-starryos-aligned-j1-target-20260530T171000-native-j1/aarch64-unknown-none-softfloat/release/deps/libstrum-f6773a0089eac466.rmeta --extern syscalls=/private/tmp/host-starryos-aligned-j1-target-20260530T171000-native-j1/aarch64-unknown-none-softfloat/release/deps/libsyscalls-eeee0d88945bdb8c.rmeta --extern uluru=/private/tmp/host-starryos-aligned-j1-target-20260530T171000-native-j1/aarch64-unknown-none-softfloat/release/deps/libuluru-d615aef3afdc0ce2.rmeta --extern weak_map=/private/tmp/host-starryos-aligned-j1-target-20260530T171000-native-j1/aarch64-unknown-none-softfloat/release/deps/libweak_map-0d8eb1bc4aad2f81.rmeta --extern xmas_elf=/private/tmp/host-starryos-aligned-j1-target-20260530T171000-native-j1/aarch64-unknown-none-softfloat/release/deps/libxmas_elf-9c3f5fca1a0a3d67.rmeta --extern zerocopy=/private/tmp/host-starryos-aligned-j1-target-20260530T171000-native-j1/aarch64-unknown-none-softfloat/release/deps/libzerocopy-f0465a348003893d.rmeta -Z unstable-options -Clink-arg=-Tlinker.x -Clink-arg=-no-pie -Clink-arg=-znostart-stop-gc -L /private/tmp/host-starryos-aligned-j1-target-20260530T171000-native-j1/aarch64-unknown-none-softfloat/release/build/ax-hal-79fb33ffe0d58464/out"
1780132280.703,88.866,75.703,68902,100.00,1.00,12.50,5,1,1,0,100.00,"/Users/txc/.rustup/toolchains/nightly-2026-04-27-aarch64-apple-darwin/bin/rustc --crate-name starry_kernel --edition=2024 os/StarryOS/kernel/src/lib.rs --error-format=json --json=diagnostic-rendered-ansi,artifacts,future-incompat --crate-type lib --emit=dep-info,metadata,link -C opt-level=3 -C linker-plugin-lto --cfg feature=""dev-log"" --cfg feature=""ext4"" --cfg feature=""input"" --cfg feature=""vsock"" --check-cfg cfg(docsrs,test) --check-cfg cfg(feature, values(""default"", ""dev-log"", ""dynamic_debug"", ""ext4"", ""input"", ""kcov"", ""memtrack"", ""plat-dyn"", ""rknpu"", ""sg2002"", ""vsock"")) -C metadata=09c70e61e675b4a0 -C extra-filename=-a4f3e83f09ca1fac --out-dir /private/tmp/host-starryos-aligned-j1-target-20260530T171000-native-j1/aarch64-unknown-none-softfloat/release/deps --target aarch64-unknown-none-softfloat -C strip=debuginfo -L dependency=/private/tmp/host-starryos-aligned-j1-target-20260530T171000-native-j1/aarch64-unknown-none-softfloat/release/deps -L dependency=/private/tmp/host-starryos-aligned-j1-target-20260530T171000-native-j1/release/deps --extern noprelude,nounused:alloc=/private/tmp/host-starryos-aligned-j1-target-20260530T171000-native-j1/aarch64-unknown-none-softfloat/release/deps/liballoc-c68a4ab3c84776d3.rmeta --extern ax_alloc=/private/tmp/host-starryos-aligned-j1-target-20260530T171000-native-j1/aarch64-unknown-none-softfloat/release/deps/libax_alloc-03a242702bccc78f.rmeta --extern ax_config=/private/tmp/host-starryos-aligned-j1-target-20260530T171000-native-j1/aarch64-unknown-none-softfloat/release/deps/libax_config-9f3632074c315a97.rmeta --extern ax_display=/private/tmp/host-starryos-aligned-j1-target-20260530T171000-native-j1/aarch64-unknown-none-softfloat/release/deps/libax_display-76aef02b4f24289f.rmeta --extern ax_driver=/private/tmp/host-starryos-aligned-j1-target-20260530T171000-native-j1/aarch64-unknown-none-softfloat/release/deps/libax_driver-ce6f3124ce0e2c89.rmeta --extern ax_errno=/private/tmp/host-starryos-aligned-j1-target-20260530T171000-native-j1/aarch64-unknown-none-softfloat/release/deps/libax_errno-154081d700f1ec9e.rmeta --extern ax_feat=/private/tmp/host-starryos-aligned-j1-target-20260530T171000-native-j1/aarch64-unknown-none-softfloat/release/deps/libax_feat-9e06dc371d6f4f7e.rmeta --extern ax_fs=/private/tmp/host-starryos-aligned-j1-target-20260530T171000-native-j1/aarch64-unknown-none-softfloat/release/deps/libax_fs_ng-ea8ffb2902970035.rmeta --extern ax_hal=/private/tmp/host-starryos-aligned-j1-target-20260530T171000-native-j1/aarch64-unknown-none-softfloat/release/deps/libax_hal-c88911c63a3c6849.rmeta --extern ax_input=/private/tmp/host-starryos-aligned-j1-target-20260530T171000-native-j1/aarch64-unknown-none-softfloat/release/deps/libax_input-51f1f7fb5590fac1.rmeta --extern ax_io=/private/tmp/host-starryos-aligned-j1-target-20260530T171000-native-j1/aarch64-unknown-none-softfloat/release/deps/libax_io-281345aece1e0dc1.rmeta --extern ax_ipi=/private/tmp/host-starryos-aligned-j1-target-20260530T171000-native-j1/aarch64-unknown-none-softfloat/release/deps/libax_ipi-59456be0c1a5adf6.rmeta --extern ax_kernel_guard=/private/tmp/host-starryos-aligned-j1-target-20260530T171000-native-j1/aarch64-unknown-none-softfloat/release/deps/libax_kernel_guard-48110f9d37c92e0d.rmeta --extern ax_kspin=/private/tmp/host-starryos-aligned-j1-target-20260530T171000-native-j1/aarch64-unknown-none-softfloat/release/deps/libax_kspin-7f23ffbe8e419cf0.rmeta --extern ax_lazyinit=/private/tmp/host-starryos-aligned-j1-target-20260530T171000-native-j1/aarch64-unknown-none-softfloat/release/deps/libax_lazyinit-ce7db22536bba087.rmeta --extern ax_log=/private/tmp/host-starryos-aligned-j1-target-20260530T171000-native-j1/aarch64-unknown-none-softfloat/release/deps/libax_log-35e2a9030c8c412a.rmeta --extern ax_memory_addr=/private/tmp/host-starryos-aligned-j1-target-20260530T171000-native-j1/aarch64-unknown-none-softfloat/release/deps/libax_memory_addr-5fbe6a7a31cdcc28.rmeta --extern ax_memory_set=/private/tmp/host-starryos-aligned-j1-target-20260530T171000-native-j1/aarch64-unknown-none-softfloat/release/deps/libax_memory_set-aa94cf2104f026e3.rmeta --extern ax_mm=/private/tmp/host-starryos-aligned-j1-target-20260530T171000-native-j1/aarch64-unknown-none-softfloat/release/deps/libax_mm-83fae9c35912da38.rmeta --extern axnet=/private/tmp/host-starryos-aligned-j1-target-20260530T171000-native-j1/aarch64-unknown-none-softfloat/release/deps/libax_net_ng-6377114b128f93fc.rmeta --extern ax_percpu=/private/tmp/host-starryos-aligned-j1-target-20260530T171000-native-j1/aarch64-unknown-none-softfloat/release/deps/libax_percpu-e92e29125c3fa843.rmeta --extern ax_runtime=/private/tmp/host-starryos-aligned-j1-target-20260530T171000-native-j1/aarch64-unknown-none-softfloat/release/deps/libax_runtime-78cae83b3aa4ead7.rmeta --extern ax_sync=/private/tmp/host-starryos-aligned-j1-target-20260530T171000-native-j1/aarch64-unknown-none-softfloat/release/deps/libax_sync-814bdc36cb6391fe.rmeta --extern ax_task=/private/tmp/host-starryos-aligned-j1-target-20260530T171000-native-j1/aarch64-unknown-none-softfloat/release/deps/libax_task-c082cf747382d35b.rmeta --extern axbacktrace=/private/tmp/host-starryos-aligned-j1-target-20260530T171000-native-j1/aarch64-unknown-none-softfloat/release/deps/libaxbacktrace-d2ee0314daa0e966.rmeta --extern axfs_ng_vfs=/private/tmp/host-starryos-aligned-j1-target-20260530T171000-native-j1/aarch64-unknown-none-softfloat/release/deps/libaxfs_ng_vfs-4cf7f6f1376e4163.rmeta --extern axpoll=/private/tmp/host-starryos-aligned-j1-target-20260530T171000-native-j1/aarch64-unknown-none-softfloat/release/deps/libaxpoll-cab064486da6bb3a.rmeta --extern bitflags=/private/tmp/host-starryos-aligned-j1-target-20260530T171000-native-j1/aarch64-unknown-none-softfloat/release/deps/libbitflags-b40d3a41ae981966.rmeta --extern bitmaps=/private/tmp/host-starryos-aligned-j1-target-20260530T171000-native-j1/aarch64-unknown-none-softfloat/release/deps/libbitmaps-c11bde86d67ccc86.rmeta --extern bytemuck=/private/tmp/host-starryos-aligned-j1-target-20260530T171000-native-j1/aarch64-unknown-none-softfloat/release/deps/libbytemuck-15a6f44120f3ae6f.rmeta --extern cfg_if=/private/tmp/host-starryos-aligned-j1-target-20260530T171000-native-j1/aarch64-unknown-none-softfloat/release/deps/libcfg_if-70e29000d574299d.rmeta --extern chrono=/private/tmp/host-starryos-aligned-j1-target-20260530T171000-native-j1/aarch64-unknown-none-softfloat/release/deps/libchrono-74fe4398c75daf6d.rmeta --extern noprelude,nounused:compiler_builtins=/private/tmp/host-starryos-aligned-j1-target-20260530T171000-native-j1/aarch64-unknown-none-softfloat/release/deps/libcompiler_builtins-fadd5bc9339268c7.rmeta --extern noprelude,nounused:core=/private/tmp/host-starryos-aligned-j1-target-20260530T171000-native-j1/aarch64-unknown-none-softfloat/release/deps/libcore-24028a52cfebc9af.rmeta --extern ddebug=/private/tmp/host-starryos-aligned-j1-target-20260530T171000-native-j1/aarch64-unknown-none-softfloat/release/deps/libddebug-42fc60da73f423b5.rmeta --extern downcast_rs=/private/tmp/host-starryos-aligned-j1-target-20260530T171000-native-j1/aarch64-unknown-none-softfloat/release/deps/libdowncast_rs-cb0ae7066cd236ab.rmeta --extern enum_dispatch=/private/tmp/host-starryos-aligned-j1-target-20260530T171000-native-j1/release/deps/libenum_dispatch-621e877153440a5f.dylib --extern event_listener=/private/tmp/host-starryos-aligned-j1-target-20260530T171000-native-j1/aarch64-unknown-none-softfloat/release/deps/libevent_listener-1f9aff207de5d614.rmeta --extern extern_trait=/private/tmp/host-starryos-aligned-j1-target-20260530T171000-native-j1/aarch64-unknown-none-softfloat/release/deps/libextern_trait-b7021e236908017d.rmeta --extern flatten_objects=/private/tmp/host-starryos-aligned-j1-target-20260530T171000-native-j1/aarch64-unknown-none-softfloat/release/deps/libflatten_objects-3736f16ed88422d0.rmeta --extern hashbrown=/private/tmp/host-starryos-aligned-j1-target-20260530T171000-native-j1/aarch64-unknown-none-softfloat/release/deps/libhashbrown-49097561ffcf0363.rmeta --extern indoc=/private/tmp/host-starryos-aligned-j1-target-20260530T171000-native-j1/release/deps/libindoc-5e2aaf5d5fb5f76f.dylib --extern inherit_methods_macro=/private/tmp/host-starryos-aligned-j1-target-20260530T171000-native-j1/release/deps/libinherit_methods_macro-069afc4a9c5f695d.dylib --extern kernel_elf_parser=/private/tmp/host-starryos-aligned-j1-target-20260530T171000-native-j1/aarch64-unknown-none-softfloat/release/deps/libkernel_elf_parser-a6dcd177ee8f0e4a.rmeta --extern ktracepoint=/private/tmp/host-starryos-aligned-j1-target-20260530T171000-native-j1/aarch64-unknown-none-softfloat/release/deps/libktracepoint-38bf1f5e2c475c89.rmeta --extern lazy_static=/private/tmp/host-starryos-aligned-j1-target-20260530T171000-native-j1/aarch64-unknown-none-softfloat/release/deps/liblazy_static-08b103175664ddc2.rmeta --extern linux_raw_sys=/private/tmp/host-starryos-aligned-j1-target-20260530T171000-native-j1/aarch64-unknown-none-softfloat/release/deps/liblinux_raw_sys-ef2aab38e568e6d8.rmeta --extern lock_api=/private/tmp/host-starryos-aligned-j1-target-20260530T171000-native-j1/aarch64-unknown-none-softfloat/release/deps/liblock_api-6595b519a8deedf0.rmeta --extern num_enum=/private/tmp/host-starryos-aligned-j1-target-20260530T171000-native-j1/aarch64-unknown-none-softfloat/release/deps/libnum_enum-851261348ab36b87.rmeta --extern ouroboros=/private/tmp/host-starryos-aligned-j1-target-20260530T171000-native-j1/aarch64-unknown-none-softfloat/release/deps/libouroboros-12159d895478de11.rmeta --extern rand=/private/tmp/host-starryos-aligned-j1-target-20260530T171000-native-j1/aarch64-unknown-none-softfloat/release/deps/librand-af50f56628e87451.rmeta --extern ringbuf=/private/tmp/host-starryos-aligned-j1-target-20260530T171000-native-j1/aarch64-unknown-none-softfloat/release/deps/libringbuf-15016d834f01b7ef.rmeta --extern scope_local=/private/tmp/host-starryos-aligned-j1-target-20260530T171000-native-j1/aarch64-unknown-none-softfloat/release/deps/libscope_local-57f25bd7f8458b4a.rmeta --extern slab=/private/tmp/host-starryos-aligned-j1-target-20260530T171000-native-j1/aarch64-unknown-none-softfloat/release/deps/libslab-8b62c9afd1c31434.rmeta --extern spin=/private/tmp/host-starryos-aligned-j1-target-20260530T171000-native-j1/aarch64-unknown-none-softfloat/release/deps/libspin-fb66c554f06db42b.rmeta --extern starry_process=/private/tmp/host-starryos-aligned-j1-target-20260530T171000-native-j1/aarch64-unknown-none-softfloat/release/deps/libstarry_process-29adb9dfcdd8ceca.rmeta --extern starry_signal=/private/tmp/host-starryos-aligned-j1-target-20260530T171000-native-j1/aarch64-unknown-none-softfloat/release/deps/libstarry_signal-1ce94703cd8d3b77.rmeta --extern starry_vm=/private/tmp/host-starryos-aligned-j1-target-20260530T171000-native-j1/aarch64-unknown-none-softfloat/release/deps/libstarry_vm-df32d63d4f8291e1.rmeta --extern static_keys=/private/tmp/host-starryos-aligned-j1-target-20260530T171000-native-j1/aarch64-unknown-none-softfloat/release/deps/libstatic_keys-b989b39b20252fd8.rmeta --extern strum=/private/tmp/host-starryos-aligned-j1-target-20260530T171000-native-j1/aarch64-unknown-none-softfloat/release/deps/libstrum-f6773a0089eac466.rmeta --extern syscalls=/private/tmp/host-starryos-aligned-j1-target-20260530T171000-native-j1/aarch64-unknown-none-softfloat/release/deps/libsyscalls-eeee0d88945bdb8c.rmeta --extern uluru=/private/tmp/host-starryos-aligned-j1-target-20260530T171000-native-j1/aarch64-unknown-none-softfloat/release/deps/libuluru-d615aef3afdc0ce2.rmeta --extern weak_map=/private/tmp/host-starryos-aligned-j1-target-20260530T171000-native-j1/aarch64-unknown-none-softfloat/release/deps/libweak_map-0d8eb1bc4aad2f81.rmeta --extern xmas_elf=/private/tmp/host-starryos-aligned-j1-target-20260530T171000-native-j1/aarch64-unknown-none-softfloat/release/deps/libxmas_elf-9c3f5fca1a0a3d67.rmeta --extern zerocopy=/private/tmp/host-starryos-aligned-j1-target-20260530T171000-native-j1/aarch64-unknown-none-softfloat/release/deps/libzerocopy-f0465a348003893d.rmeta -Z unstable-options -Clink-arg=-Tlinker.x -Clink-arg=-no-pie -Clink-arg=-znostart-stop-gc -L /private/tmp/host-starryos-aligned-j1-target-20260530T171000-native-j1/aarch64-unknown-none-softfloat/release/build/ax-hal-79fb33ffe0d58464/out"
1780132281.735,89.898,76.735,68902,99.40,0.99,12.43,5,1,1,0,99.40,"/Users/txc/.rustup/toolchains/nightly-2026-04-27-aarch64-apple-darwin/bin/rustc --crate-name starry_kernel --edition=2024 os/StarryOS/kernel/src/lib.rs --error-format=json --json=diagnostic-rendered-ansi,artifacts,future-incompat --crate-type lib --emit=dep-info,metadata,link -C opt-level=3 -C linker-plugin-lto --cfg feature=""dev-log"" --cfg feature=""ext4"" --cfg feature=""input"" --cfg feature=""vsock"" --check-cfg cfg(docsrs,test) --check-cfg cfg(feature, values(""default"", ""dev-log"", ""dynamic_debug"", ""ext4"", ""input"", ""kcov"", ""memtrack"", ""plat-dyn"", ""rknpu"", ""sg2002"", ""vsock"")) -C metadata=09c70e61e675b4a0 -C extra-filename=-a4f3e83f09ca1fac --out-dir /private/tmp/host-starryos-aligned-j1-target-20260530T171000-native-j1/aarch64-unknown-none-softfloat/release/deps --target aarch64-unknown-none-softfloat -C strip=debuginfo -L dependency=/private/tmp/host-starryos-aligned-j1-target-20260530T171000-native-j1/aarch64-unknown-none-softfloat/release/deps -L dependency=/private/tmp/host-starryos-aligned-j1-target-20260530T171000-native-j1/release/deps --extern noprelude,nounused:alloc=/private/tmp/host-starryos-aligned-j1-target-20260530T171000-native-j1/aarch64-unknown-none-softfloat/release/deps/liballoc-c68a4ab3c84776d3.rmeta --extern ax_alloc=/private/tmp/host-starryos-aligned-j1-target-20260530T171000-native-j1/aarch64-unknown-none-softfloat/release/deps/libax_alloc-03a242702bccc78f.rmeta --extern ax_config=/private/tmp/host-starryos-aligned-j1-target-20260530T171000-native-j1/aarch64-unknown-none-softfloat/release/deps/libax_config-9f3632074c315a97.rmeta --extern ax_display=/private/tmp/host-starryos-aligned-j1-target-20260530T171000-native-j1/aarch64-unknown-none-softfloat/release/deps/libax_display-76aef02b4f24289f.rmeta --extern ax_driver=/private/tmp/host-starryos-aligned-j1-target-20260530T171000-native-j1/aarch64-unknown-none-softfloat/release/deps/libax_driver-ce6f3124ce0e2c89.rmeta --extern ax_errno=/private/tmp/host-starryos-aligned-j1-target-20260530T171000-native-j1/aarch64-unknown-none-softfloat/release/deps/libax_errno-154081d700f1ec9e.rmeta --extern ax_feat=/private/tmp/host-starryos-aligned-j1-target-20260530T171000-native-j1/aarch64-unknown-none-softfloat/release/deps/libax_feat-9e06dc371d6f4f7e.rmeta --extern ax_fs=/private/tmp/host-starryos-aligned-j1-target-20260530T171000-native-j1/aarch64-unknown-none-softfloat/release/deps/libax_fs_ng-ea8ffb2902970035.rmeta --extern ax_hal=/private/tmp/host-starryos-aligned-j1-target-20260530T171000-native-j1/aarch64-unknown-none-softfloat/release/deps/libax_hal-c88911c63a3c6849.rmeta --extern ax_input=/private/tmp/host-starryos-aligned-j1-target-20260530T171000-native-j1/aarch64-unknown-none-softfloat/release/deps/libax_input-51f1f7fb5590fac1.rmeta --extern ax_io=/private/tmp/host-starryos-aligned-j1-target-20260530T171000-native-j1/aarch64-unknown-none-softfloat/release/deps/libax_io-281345aece1e0dc1.rmeta --extern ax_ipi=/private/tmp/host-starryos-aligned-j1-target-20260530T171000-native-j1/aarch64-unknown-none-softfloat/release/deps/libax_ipi-59456be0c1a5adf6.rmeta --extern ax_kernel_guard=/private/tmp/host-starryos-aligned-j1-target-20260530T171000-native-j1/aarch64-unknown-none-softfloat/release/deps/libax_kernel_guard-48110f9d37c92e0d.rmeta --extern ax_kspin=/private/tmp/host-starryos-aligned-j1-target-20260530T171000-native-j1/aarch64-unknown-none-softfloat/release/deps/libax_kspin-7f23ffbe8e419cf0.rmeta --extern ax_lazyinit=/private/tmp/host-starryos-aligned-j1-target-20260530T171000-native-j1/aarch64-unknown-none-softfloat/release/deps/libax_lazyinit-ce7db22536bba087.rmeta --extern ax_log=/private/tmp/host-starryos-aligned-j1-target-20260530T171000-native-j1/aarch64-unknown-none-softfloat/release/deps/libax_log-35e2a9030c8c412a.rmeta --extern ax_memory_addr=/private/tmp/host-starryos-aligned-j1-target-20260530T171000-native-j1/aarch64-unknown-none-softfloat/release/deps/libax_memory_addr-5fbe6a7a31cdcc28.rmeta --extern ax_memory_set=/private/tmp/host-starryos-aligned-j1-target-20260530T171000-native-j1/aarch64-unknown-none-softfloat/release/deps/libax_memory_set-aa94cf2104f026e3.rmeta --extern ax_mm=/private/tmp/host-starryos-aligned-j1-target-20260530T171000-native-j1/aarch64-unknown-none-softfloat/release/deps/libax_mm-83fae9c35912da38.rmeta --extern axnet=/private/tmp/host-starryos-aligned-j1-target-20260530T171000-native-j1/aarch64-unknown-none-softfloat/release/deps/libax_net_ng-6377114b128f93fc.rmeta --extern ax_percpu=/private/tmp/host-starryos-aligned-j1-target-20260530T171000-native-j1/aarch64-unknown-none-softfloat/release/deps/libax_percpu-e92e29125c3fa843.rmeta --extern ax_runtime=/private/tmp/host-starryos-aligned-j1-target-20260530T171000-native-j1/aarch64-unknown-none-softfloat/release/deps/libax_runtime-78cae83b3aa4ead7.rmeta --extern ax_sync=/private/tmp/host-starryos-aligned-j1-target-20260530T171000-native-j1/aarch64-unknown-none-softfloat/release/deps/libax_sync-814bdc36cb6391fe.rmeta --extern ax_task=/private/tmp/host-starryos-aligned-j1-target-20260530T171000-native-j1/aarch64-unknown-none-softfloat/release/deps/libax_task-c082cf747382d35b.rmeta --extern axbacktrace=/private/tmp/host-starryos-aligned-j1-target-20260530T171000-native-j1/aarch64-unknown-none-softfloat/release/deps/libaxbacktrace-d2ee0314daa0e966.rmeta --extern axfs_ng_vfs=/private/tmp/host-starryos-aligned-j1-target-20260530T171000-native-j1/aarch64-unknown-none-softfloat/release/deps/libaxfs_ng_vfs-4cf7f6f1376e4163.rmeta --extern axpoll=/private/tmp/host-starryos-aligned-j1-target-20260530T171000-native-j1/aarch64-unknown-none-softfloat/release/deps/libaxpoll-cab064486da6bb3a.rmeta --extern bitflags=/private/tmp/host-starryos-aligned-j1-target-20260530T171000-native-j1/aarch64-unknown-none-softfloat/release/deps/libbitflags-b40d3a41ae981966.rmeta --extern bitmaps=/private/tmp/host-starryos-aligned-j1-target-20260530T171000-native-j1/aarch64-unknown-none-softfloat/release/deps/libbitmaps-c11bde86d67ccc86.rmeta --extern bytemuck=/private/tmp/host-starryos-aligned-j1-target-20260530T171000-native-j1/aarch64-unknown-none-softfloat/release/deps/libbytemuck-15a6f44120f3ae6f.rmeta --extern cfg_if=/private/tmp/host-starryos-aligned-j1-target-20260530T171000-native-j1/aarch64-unknown-none-softfloat/release/deps/libcfg_if-70e29000d574299d.rmeta --extern chrono=/private/tmp/host-starryos-aligned-j1-target-20260530T171000-native-j1/aarch64-unknown-none-softfloat/release/deps/libchrono-74fe4398c75daf6d.rmeta --extern noprelude,nounused:compiler_builtins=/private/tmp/host-starryos-aligned-j1-target-20260530T171000-native-j1/aarch64-unknown-none-softfloat/release/deps/libcompiler_builtins-fadd5bc9339268c7.rmeta --extern noprelude,nounused:core=/private/tmp/host-starryos-aligned-j1-target-20260530T171000-native-j1/aarch64-unknown-none-softfloat/release/deps/libcore-24028a52cfebc9af.rmeta --extern ddebug=/private/tmp/host-starryos-aligned-j1-target-20260530T171000-native-j1/aarch64-unknown-none-softfloat/release/deps/libddebug-42fc60da73f423b5.rmeta --extern downcast_rs=/private/tmp/host-starryos-aligned-j1-target-20260530T171000-native-j1/aarch64-unknown-none-softfloat/release/deps/libdowncast_rs-cb0ae7066cd236ab.rmeta --extern enum_dispatch=/private/tmp/host-starryos-aligned-j1-target-20260530T171000-native-j1/release/deps/libenum_dispatch-621e877153440a5f.dylib --extern event_listener=/private/tmp/host-starryos-aligned-j1-target-20260530T171000-native-j1/aarch64-unknown-none-softfloat/release/deps/libevent_listener-1f9aff207de5d614.rmeta --extern extern_trait=/private/tmp/host-starryos-aligned-j1-target-20260530T171000-native-j1/aarch64-unknown-none-softfloat/release/deps/libextern_trait-b7021e236908017d.rmeta --extern flatten_objects=/private/tmp/host-starryos-aligned-j1-target-20260530T171000-native-j1/aarch64-unknown-none-softfloat/release/deps/libflatten_objects-3736f16ed88422d0.rmeta --extern hashbrown=/private/tmp/host-starryos-aligned-j1-target-20260530T171000-native-j1/aarch64-unknown-none-softfloat/release/deps/libhashbrown-49097561ffcf0363.rmeta --extern indoc=/private/tmp/host-starryos-aligned-j1-target-20260530T171000-native-j1/release/deps/libindoc-5e2aaf5d5fb5f76f.dylib --extern inherit_methods_macro=/private/tmp/host-starryos-aligned-j1-target-20260530T171000-native-j1/release/deps/libinherit_methods_macro-069afc4a9c5f695d.dylib --extern kernel_elf_parser=/private/tmp/host-starryos-aligned-j1-target-20260530T171000-native-j1/aarch64-unknown-none-softfloat/release/deps/libkernel_elf_parser-a6dcd177ee8f0e4a.rmeta --extern ktracepoint=/private/tmp/host-starryos-aligned-j1-target-20260530T171000-native-j1/aarch64-unknown-none-softfloat/release/deps/libktracepoint-38bf1f5e2c475c89.rmeta --extern lazy_static=/private/tmp/host-starryos-aligned-j1-target-20260530T171000-native-j1/aarch64-unknown-none-softfloat/release/deps/liblazy_static-08b103175664ddc2.rmeta --extern linux_raw_sys=/private/tmp/host-starryos-aligned-j1-target-20260530T171000-native-j1/aarch64-unknown-none-softfloat/release/deps/liblinux_raw_sys-ef2aab38e568e6d8.rmeta --extern lock_api=/private/tmp/host-starryos-aligned-j1-target-20260530T171000-native-j1/aarch64-unknown-none-softfloat/release/deps/liblock_api-6595b519a8deedf0.rmeta --extern num_enum=/private/tmp/host-starryos-aligned-j1-target-20260530T171000-native-j1/aarch64-unknown-none-softfloat/release/deps/libnum_enum-851261348ab36b87.rmeta --extern ouroboros=/private/tmp/host-starryos-aligned-j1-target-20260530T171000-native-j1/aarch64-unknown-none-softfloat/release/deps/libouroboros-12159d895478de11.rmeta --extern rand=/private/tmp/host-starryos-aligned-j1-target-20260530T171000-native-j1/aarch64-unknown-none-softfloat/release/deps/librand-af50f56628e87451.rmeta --extern ringbuf=/private/tmp/host-starryos-aligned-j1-target-20260530T171000-native-j1/aarch64-unknown-none-softfloat/release/deps/libringbuf-15016d834f01b7ef.rmeta --extern scope_local=/private/tmp/host-starryos-aligned-j1-target-20260530T171000-native-j1/aarch64-unknown-none-softfloat/release/deps/libscope_local-57f25bd7f8458b4a.rmeta --extern slab=/private/tmp/host-starryos-aligned-j1-target-20260530T171000-native-j1/aarch64-unknown-none-softfloat/release/deps/libslab-8b62c9afd1c31434.rmeta --extern spin=/private/tmp/host-starryos-aligned-j1-target-20260530T171000-native-j1/aarch64-unknown-none-softfloat/release/deps/libspin-fb66c554f06db42b.rmeta --extern starry_process=/private/tmp/host-starryos-aligned-j1-target-20260530T171000-native-j1/aarch64-unknown-none-softfloat/release/deps/libstarry_process-29adb9dfcdd8ceca.rmeta --extern starry_signal=/private/tmp/host-starryos-aligned-j1-target-20260530T171000-native-j1/aarch64-unknown-none-softfloat/release/deps/libstarry_signal-1ce94703cd8d3b77.rmeta --extern starry_vm=/private/tmp/host-starryos-aligned-j1-target-20260530T171000-native-j1/aarch64-unknown-none-softfloat/release/deps/libstarry_vm-df32d63d4f8291e1.rmeta --extern static_keys=/private/tmp/host-starryos-aligned-j1-target-20260530T171000-native-j1/aarch64-unknown-none-softfloat/release/deps/libstatic_keys-b989b39b20252fd8.rmeta --extern strum=/private/tmp/host-starryos-aligned-j1-target-20260530T171000-native-j1/aarch64-unknown-none-softfloat/release/deps/libstrum-f6773a0089eac466.rmeta --extern syscalls=/private/tmp/host-starryos-aligned-j1-target-20260530T171000-native-j1/aarch64-unknown-none-softfloat/release/deps/libsyscalls-eeee0d88945bdb8c.rmeta --extern uluru=/private/tmp/host-starryos-aligned-j1-target-20260530T171000-native-j1/aarch64-unknown-none-softfloat/release/deps/libuluru-d615aef3afdc0ce2.rmeta --extern weak_map=/private/tmp/host-starryos-aligned-j1-target-20260530T171000-native-j1/aarch64-unknown-none-softfloat/release/deps/libweak_map-0d8eb1bc4aad2f81.rmeta --extern xmas_elf=/private/tmp/host-starryos-aligned-j1-target-20260530T171000-native-j1/aarch64-unknown-none-softfloat/release/deps/libxmas_elf-9c3f5fca1a0a3d67.rmeta --extern zerocopy=/private/tmp/host-starryos-aligned-j1-target-20260530T171000-native-j1/aarch64-unknown-none-softfloat/release/deps/libzerocopy-f0465a348003893d.rmeta -Z unstable-options -Clink-arg=-Tlinker.x -Clink-arg=-no-pie -Clink-arg=-znostart-stop-gc -L /private/tmp/host-starryos-aligned-j1-target-20260530T171000-native-j1/aarch64-unknown-none-softfloat/release/build/ax-hal-79fb33ffe0d58464/out"
1780132282.767,90.930,77.767,68902,33.90,0.34,4.24,5,1,1,0,33.90,"/Users/txc/.rustup/toolchains/nightly-2026-04-27-aarch64-apple-darwin/bin/rustc --crate-name starry_kernel --edition=2024 os/StarryOS/kernel/src/lib.rs --error-format=json --json=diagnostic-rendered-ansi,artifacts,future-incompat --crate-type lib --emit=dep-info,metadata,link -C opt-level=3 -C linker-plugin-lto --cfg feature=""dev-log"" --cfg feature=""ext4"" --cfg feature=""input"" --cfg feature=""vsock"" --check-cfg cfg(docsrs,test) --check-cfg cfg(feature, values(""default"", ""dev-log"", ""dynamic_debug"", ""ext4"", ""input"", ""kcov"", ""memtrack"", ""plat-dyn"", ""rknpu"", ""sg2002"", ""vsock"")) -C metadata=09c70e61e675b4a0 -C extra-filename=-a4f3e83f09ca1fac --out-dir /private/tmp/host-starryos-aligned-j1-target-20260530T171000-native-j1/aarch64-unknown-none-softfloat/release/deps --target aarch64-unknown-none-softfloat -C strip=debuginfo -L dependency=/private/tmp/host-starryos-aligned-j1-target-20260530T171000-native-j1/aarch64-unknown-none-softfloat/release/deps -L dependency=/private/tmp/host-starryos-aligned-j1-target-20260530T171000-native-j1/release/deps --extern noprelude,nounused:alloc=/private/tmp/host-starryos-aligned-j1-target-20260530T171000-native-j1/aarch64-unknown-none-softfloat/release/deps/liballoc-c68a4ab3c84776d3.rmeta --extern ax_alloc=/private/tmp/host-starryos-aligned-j1-target-20260530T171000-native-j1/aarch64-unknown-none-softfloat/release/deps/libax_alloc-03a242702bccc78f.rmeta --extern ax_config=/private/tmp/host-starryos-aligned-j1-target-20260530T171000-native-j1/aarch64-unknown-none-softfloat/release/deps/libax_config-9f3632074c315a97.rmeta --extern ax_display=/private/tmp/host-starryos-aligned-j1-target-20260530T171000-native-j1/aarch64-unknown-none-softfloat/release/deps/libax_display-76aef02b4f24289f.rmeta --extern ax_driver=/private/tmp/host-starryos-aligned-j1-target-20260530T171000-native-j1/aarch64-unknown-none-softfloat/release/deps/libax_driver-ce6f3124ce0e2c89.rmeta --extern ax_errno=/private/tmp/host-starryos-aligned-j1-target-20260530T171000-native-j1/aarch64-unknown-none-softfloat/release/deps/libax_errno-154081d700f1ec9e.rmeta --extern ax_feat=/private/tmp/host-starryos-aligned-j1-target-20260530T171000-native-j1/aarch64-unknown-none-softfloat/release/deps/libax_feat-9e06dc371d6f4f7e.rmeta --extern ax_fs=/private/tmp/host-starryos-aligned-j1-target-20260530T171000-native-j1/aarch64-unknown-none-softfloat/release/deps/libax_fs_ng-ea8ffb2902970035.rmeta --extern ax_hal=/private/tmp/host-starryos-aligned-j1-target-20260530T171000-native-j1/aarch64-unknown-none-softfloat/release/deps/libax_hal-c88911c63a3c6849.rmeta --extern ax_input=/private/tmp/host-starryos-aligned-j1-target-20260530T171000-native-j1/aarch64-unknown-none-softfloat/release/deps/libax_input-51f1f7fb5590fac1.rmeta --extern ax_io=/private/tmp/host-starryos-aligned-j1-target-20260530T171000-native-j1/aarch64-unknown-none-softfloat/release/deps/libax_io-281345aece1e0dc1.rmeta --extern ax_ipi=/private/tmp/host-starryos-aligned-j1-target-20260530T171000-native-j1/aarch64-unknown-none-softfloat/release/deps/libax_ipi-59456be0c1a5adf6.rmeta --extern ax_kernel_guard=/private/tmp/host-starryos-aligned-j1-target-20260530T171000-native-j1/aarch64-unknown-none-softfloat/release/deps/libax_kernel_guard-48110f9d37c92e0d.rmeta --extern ax_kspin=/private/tmp/host-starryos-aligned-j1-target-20260530T171000-native-j1/aarch64-unknown-none-softfloat/release/deps/libax_kspin-7f23ffbe8e419cf0.rmeta --extern ax_lazyinit=/private/tmp/host-starryos-aligned-j1-target-20260530T171000-native-j1/aarch64-unknown-none-softfloat/release/deps/libax_lazyinit-ce7db22536bba087.rmeta --extern ax_log=/private/tmp/host-starryos-aligned-j1-target-20260530T171000-native-j1/aarch64-unknown-none-softfloat/release/deps/libax_log-35e2a9030c8c412a.rmeta --extern ax_memory_addr=/private/tmp/host-starryos-aligned-j1-target-20260530T171000-native-j1/aarch64-unknown-none-softfloat/release/deps/libax_memory_addr-5fbe6a7a31cdcc28.rmeta --extern ax_memory_set=/private/tmp/host-starryos-aligned-j1-target-20260530T171000-native-j1/aarch64-unknown-none-softfloat/release/deps/libax_memory_set-aa94cf2104f026e3.rmeta --extern ax_mm=/private/tmp/host-starryos-aligned-j1-target-20260530T171000-native-j1/aarch64-unknown-none-softfloat/release/deps/libax_mm-83fae9c35912da38.rmeta --extern axnet=/private/tmp/host-starryos-aligned-j1-target-20260530T171000-native-j1/aarch64-unknown-none-softfloat/release/deps/libax_net_ng-6377114b128f93fc.rmeta --extern ax_percpu=/private/tmp/host-starryos-aligned-j1-target-20260530T171000-native-j1/aarch64-unknown-none-softfloat/release/deps/libax_percpu-e92e29125c3fa843.rmeta --extern ax_runtime=/private/tmp/host-starryos-aligned-j1-target-20260530T171000-native-j1/aarch64-unknown-none-softfloat/release/deps/libax_runtime-78cae83b3aa4ead7.rmeta --extern ax_sync=/private/tmp/host-starryos-aligned-j1-target-20260530T171000-native-j1/aarch64-unknown-none-softfloat/release/deps/libax_sync-814bdc36cb6391fe.rmeta --extern ax_task=/private/tmp/host-starryos-aligned-j1-target-20260530T171000-native-j1/aarch64-unknown-none-softfloat/release/deps/libax_task-c082cf747382d35b.rmeta --extern axbacktrace=/private/tmp/host-starryos-aligned-j1-target-20260530T171000-native-j1/aarch64-unknown-none-softfloat/release/deps/libaxbacktrace-d2ee0314daa0e966.rmeta --extern axfs_ng_vfs=/private/tmp/host-starryos-aligned-j1-target-20260530T171000-native-j1/aarch64-unknown-none-softfloat/release/deps/libaxfs_ng_vfs-4cf7f6f1376e4163.rmeta --extern axpoll=/private/tmp/host-starryos-aligned-j1-target-20260530T171000-native-j1/aarch64-unknown-none-softfloat/release/deps/libaxpoll-cab064486da6bb3a.rmeta --extern bitflags=/private/tmp/host-starryos-aligned-j1-target-20260530T171000-native-j1/aarch64-unknown-none-softfloat/release/deps/libbitflags-b40d3a41ae981966.rmeta --extern bitmaps=/private/tmp/host-starryos-aligned-j1-target-20260530T171000-native-j1/aarch64-unknown-none-softfloat/release/deps/libbitmaps-c11bde86d67ccc86.rmeta --extern bytemuck=/private/tmp/host-starryos-aligned-j1-target-20260530T171000-native-j1/aarch64-unknown-none-softfloat/release/deps/libbytemuck-15a6f44120f3ae6f.rmeta --extern cfg_if=/private/tmp/host-starryos-aligned-j1-target-20260530T171000-native-j1/aarch64-unknown-none-softfloat/release/deps/libcfg_if-70e29000d574299d.rmeta --extern chrono=/private/tmp/host-starryos-aligned-j1-target-20260530T171000-native-j1/aarch64-unknown-none-softfloat/release/deps/libchrono-74fe4398c75daf6d.rmeta --extern noprelude,nounused:compiler_builtins=/private/tmp/host-starryos-aligned-j1-target-20260530T171000-native-j1/aarch64-unknown-none-softfloat/release/deps/libcompiler_builtins-fadd5bc9339268c7.rmeta --extern noprelude,nounused:core=/private/tmp/host-starryos-aligned-j1-target-20260530T171000-native-j1/aarch64-unknown-none-softfloat/release/deps/libcore-24028a52cfebc9af.rmeta --extern ddebug=/private/tmp/host-starryos-aligned-j1-target-20260530T171000-native-j1/aarch64-unknown-none-softfloat/release/deps/libddebug-42fc60da73f423b5.rmeta --extern downcast_rs=/private/tmp/host-starryos-aligned-j1-target-20260530T171000-native-j1/aarch64-unknown-none-softfloat/release/deps/libdowncast_rs-cb0ae7066cd236ab.rmeta --extern enum_dispatch=/private/tmp/host-starryos-aligned-j1-target-20260530T171000-native-j1/release/deps/libenum_dispatch-621e877153440a5f.dylib --extern event_listener=/private/tmp/host-starryos-aligned-j1-target-20260530T171000-native-j1/aarch64-unknown-none-softfloat/release/deps/libevent_listener-1f9aff207de5d614.rmeta --extern extern_trait=/private/tmp/host-starryos-aligned-j1-target-20260530T171000-native-j1/aarch64-unknown-none-softfloat/release/deps/libextern_trait-b7021e236908017d.rmeta --extern flatten_objects=/private/tmp/host-starryos-aligned-j1-target-20260530T171000-native-j1/aarch64-unknown-none-softfloat/release/deps/libflatten_objects-3736f16ed88422d0.rmeta --extern hashbrown=/private/tmp/host-starryos-aligned-j1-target-20260530T171000-native-j1/aarch64-unknown-none-softfloat/release/deps/libhashbrown-49097561ffcf0363.rmeta --extern indoc=/private/tmp/host-starryos-aligned-j1-target-20260530T171000-native-j1/release/deps/libindoc-5e2aaf5d5fb5f76f.dylib --extern inherit_methods_macro=/private/tmp/host-starryos-aligned-j1-target-20260530T171000-native-j1/release/deps/libinherit_methods_macro-069afc4a9c5f695d.dylib --extern kernel_elf_parser=/private/tmp/host-starryos-aligned-j1-target-20260530T171000-native-j1/aarch64-unknown-none-softfloat/release/deps/libkernel_elf_parser-a6dcd177ee8f0e4a.rmeta --extern ktracepoint=/private/tmp/host-starryos-aligned-j1-target-20260530T171000-native-j1/aarch64-unknown-none-softfloat/release/deps/libktracepoint-38bf1f5e2c475c89.rmeta --extern lazy_static=/private/tmp/host-starryos-aligned-j1-target-20260530T171000-native-j1/aarch64-unknown-none-softfloat/release/deps/liblazy_static-08b103175664ddc2.rmeta --extern linux_raw_sys=/private/tmp/host-starryos-aligned-j1-target-20260530T171000-native-j1/aarch64-unknown-none-softfloat/release/deps/liblinux_raw_sys-ef2aab38e568e6d8.rmeta --extern lock_api=/private/tmp/host-starryos-aligned-j1-target-20260530T171000-native-j1/aarch64-unknown-none-softfloat/release/deps/liblock_api-6595b519a8deedf0.rmeta --extern num_enum=/private/tmp/host-starryos-aligned-j1-target-20260530T171000-native-j1/aarch64-unknown-none-softfloat/release/deps/libnum_enum-851261348ab36b87.rmeta --extern ouroboros=/private/tmp/host-starryos-aligned-j1-target-20260530T171000-native-j1/aarch64-unknown-none-softfloat/release/deps/libouroboros-12159d895478de11.rmeta --extern rand=/private/tmp/host-starryos-aligned-j1-target-20260530T171000-native-j1/aarch64-unknown-none-softfloat/release/deps/librand-af50f56628e87451.rmeta --extern ringbuf=/private/tmp/host-starryos-aligned-j1-target-20260530T171000-native-j1/aarch64-unknown-none-softfloat/release/deps/libringbuf-15016d834f01b7ef.rmeta --extern scope_local=/private/tmp/host-starryos-aligned-j1-target-20260530T171000-native-j1/aarch64-unknown-none-softfloat/release/deps/libscope_local-57f25bd7f8458b4a.rmeta --extern slab=/private/tmp/host-starryos-aligned-j1-target-20260530T171000-native-j1/aarch64-unknown-none-softfloat/release/deps/libslab-8b62c9afd1c31434.rmeta --extern spin=/private/tmp/host-starryos-aligned-j1-target-20260530T171000-native-j1/aarch64-unknown-none-softfloat/release/deps/libspin-fb66c554f06db42b.rmeta --extern starry_process=/private/tmp/host-starryos-aligned-j1-target-20260530T171000-native-j1/aarch64-unknown-none-softfloat/release/deps/libstarry_process-29adb9dfcdd8ceca.rmeta --extern starry_signal=/private/tmp/host-starryos-aligned-j1-target-20260530T171000-native-j1/aarch64-unknown-none-softfloat/release/deps/libstarry_signal-1ce94703cd8d3b77.rmeta --extern starry_vm=/private/tmp/host-starryos-aligned-j1-target-20260530T171000-native-j1/aarch64-unknown-none-softfloat/release/deps/libstarry_vm-df32d63d4f8291e1.rmeta --extern static_keys=/private/tmp/host-starryos-aligned-j1-target-20260530T171000-native-j1/aarch64-unknown-none-softfloat/release/deps/libstatic_keys-b989b39b20252fd8.rmeta --extern strum=/private/tmp/host-starryos-aligned-j1-target-20260530T171000-native-j1/aarch64-unknown-none-softfloat/release/deps/libstrum-f6773a0089eac466.rmeta --extern syscalls=/private/tmp/host-starryos-aligned-j1-target-20260530T171000-native-j1/aarch64-unknown-none-softfloat/release/deps/libsyscalls-eeee0d88945bdb8c.rmeta --extern uluru=/private/tmp/host-starryos-aligned-j1-target-20260530T171000-native-j1/aarch64-unknown-none-softfloat/release/deps/libuluru-d615aef3afdc0ce2.rmeta --extern weak_map=/private/tmp/host-starryos-aligned-j1-target-20260530T171000-native-j1/aarch64-unknown-none-softfloat/release/deps/libweak_map-0d8eb1bc4aad2f81.rmeta --extern xmas_elf=/private/tmp/host-starryos-aligned-j1-target-20260530T171000-native-j1/aarch64-unknown-none-softfloat/release/deps/libxmas_elf-9c3f5fca1a0a3d67.rmeta --extern zerocopy=/private/tmp/host-starryos-aligned-j1-target-20260530T171000-native-j1/aarch64-unknown-none-softfloat/release/deps/libzerocopy-f0465a348003893d.rmeta -Z unstable-options -Clink-arg=-Tlinker.x -Clink-arg=-no-pie -Clink-arg=-znostart-stop-gc -L /private/tmp/host-starryos-aligned-j1-target-20260530T171000-native-j1/aarch64-unknown-none-softfloat/release/build/ax-hal-79fb33ffe0d58464/out"
1780132283.797,91.960,78.797,68902,46.70,0.47,5.84,5,1,1,0,46.70,"/Users/txc/.rustup/toolchains/nightly-2026-04-27-aarch64-apple-darwin/bin/rustc --crate-name starry_kernel --edition=2024 os/StarryOS/kernel/src/lib.rs --error-format=json --json=diagnostic-rendered-ansi,artifacts,future-incompat --crate-type lib --emit=dep-info,metadata,link -C opt-level=3 -C linker-plugin-lto --cfg feature=""dev-log"" --cfg feature=""ext4"" --cfg feature=""input"" --cfg feature=""vsock"" --check-cfg cfg(docsrs,test) --check-cfg cfg(feature, values(""default"", ""dev-log"", ""dynamic_debug"", ""ext4"", ""input"", ""kcov"", ""memtrack"", ""plat-dyn"", ""rknpu"", ""sg2002"", ""vsock"")) -C metadata=09c70e61e675b4a0 -C extra-filename=-a4f3e83f09ca1fac --out-dir /private/tmp/host-starryos-aligned-j1-target-20260530T171000-native-j1/aarch64-unknown-none-softfloat/release/deps --target aarch64-unknown-none-softfloat -C strip=debuginfo -L dependency=/private/tmp/host-starryos-aligned-j1-target-20260530T171000-native-j1/aarch64-unknown-none-softfloat/release/deps -L dependency=/private/tmp/host-starryos-aligned-j1-target-20260530T171000-native-j1/release/deps --extern noprelude,nounused:alloc=/private/tmp/host-starryos-aligned-j1-target-20260530T171000-native-j1/aarch64-unknown-none-softfloat/release/deps/liballoc-c68a4ab3c84776d3.rmeta --extern ax_alloc=/private/tmp/host-starryos-aligned-j1-target-20260530T171000-native-j1/aarch64-unknown-none-softfloat/release/deps/libax_alloc-03a242702bccc78f.rmeta --extern ax_config=/private/tmp/host-starryos-aligned-j1-target-20260530T171000-native-j1/aarch64-unknown-none-softfloat/release/deps/libax_config-9f3632074c315a97.rmeta --extern ax_display=/private/tmp/host-starryos-aligned-j1-target-20260530T171000-native-j1/aarch64-unknown-none-softfloat/release/deps/libax_display-76aef02b4f24289f.rmeta --extern ax_driver=/private/tmp/host-starryos-aligned-j1-target-20260530T171000-native-j1/aarch64-unknown-none-softfloat/release/deps/libax_driver-ce6f3124ce0e2c89.rmeta --extern ax_errno=/private/tmp/host-starryos-aligned-j1-target-20260530T171000-native-j1/aarch64-unknown-none-softfloat/release/deps/libax_errno-154081d700f1ec9e.rmeta --extern ax_feat=/private/tmp/host-starryos-aligned-j1-target-20260530T171000-native-j1/aarch64-unknown-none-softfloat/release/deps/libax_feat-9e06dc371d6f4f7e.rmeta --extern ax_fs=/private/tmp/host-starryos-aligned-j1-target-20260530T171000-native-j1/aarch64-unknown-none-softfloat/release/deps/libax_fs_ng-ea8ffb2902970035.rmeta --extern ax_hal=/private/tmp/host-starryos-aligned-j1-target-20260530T171000-native-j1/aarch64-unknown-none-softfloat/release/deps/libax_hal-c88911c63a3c6849.rmeta --extern ax_input=/private/tmp/host-starryos-aligned-j1-target-20260530T171000-native-j1/aarch64-unknown-none-softfloat/release/deps/libax_input-51f1f7fb5590fac1.rmeta --extern ax_io=/private/tmp/host-starryos-aligned-j1-target-20260530T171000-native-j1/aarch64-unknown-none-softfloat/release/deps/libax_io-281345aece1e0dc1.rmeta --extern ax_ipi=/private/tmp/host-starryos-aligned-j1-target-20260530T171000-native-j1/aarch64-unknown-none-softfloat/release/deps/libax_ipi-59456be0c1a5adf6.rmeta --extern ax_kernel_guard=/private/tmp/host-starryos-aligned-j1-target-20260530T171000-native-j1/aarch64-unknown-none-softfloat/release/deps/libax_kernel_guard-48110f9d37c92e0d.rmeta --extern ax_kspin=/private/tmp/host-starryos-aligned-j1-target-20260530T171000-native-j1/aarch64-unknown-none-softfloat/release/deps/libax_kspin-7f23ffbe8e419cf0.rmeta --extern ax_lazyinit=/private/tmp/host-starryos-aligned-j1-target-20260530T171000-native-j1/aarch64-unknown-none-softfloat/release/deps/libax_lazyinit-ce7db22536bba087.rmeta --extern ax_log=/private/tmp/host-starryos-aligned-j1-target-20260530T171000-native-j1/aarch64-unknown-none-softfloat/release/deps/libax_log-35e2a9030c8c412a.rmeta --extern ax_memory_addr=/private/tmp/host-starryos-aligned-j1-target-20260530T171000-native-j1/aarch64-unknown-none-softfloat/release/deps/libax_memory_addr-5fbe6a7a31cdcc28.rmeta --extern ax_memory_set=/private/tmp/host-starryos-aligned-j1-target-20260530T171000-native-j1/aarch64-unknown-none-softfloat/release/deps/libax_memory_set-aa94cf2104f026e3.rmeta --extern ax_mm=/private/tmp/host-starryos-aligned-j1-target-20260530T171000-native-j1/aarch64-unknown-none-softfloat/release/deps/libax_mm-83fae9c35912da38.rmeta --extern axnet=/private/tmp/host-starryos-aligned-j1-target-20260530T171000-native-j1/aarch64-unknown-none-softfloat/release/deps/libax_net_ng-6377114b128f93fc.rmeta --extern ax_percpu=/private/tmp/host-starryos-aligned-j1-target-20260530T171000-native-j1/aarch64-unknown-none-softfloat/release/deps/libax_percpu-e92e29125c3fa843.rmeta --extern ax_runtime=/private/tmp/host-starryos-aligned-j1-target-20260530T171000-native-j1/aarch64-unknown-none-softfloat/release/deps/libax_runtime-78cae83b3aa4ead7.rmeta --extern ax_sync=/private/tmp/host-starryos-aligned-j1-target-20260530T171000-native-j1/aarch64-unknown-none-softfloat/release/deps/libax_sync-814bdc36cb6391fe.rmeta --extern ax_task=/private/tmp/host-starryos-aligned-j1-target-20260530T171000-native-j1/aarch64-unknown-none-softfloat/release/deps/libax_task-c082cf747382d35b.rmeta --extern axbacktrace=/private/tmp/host-starryos-aligned-j1-target-20260530T171000-native-j1/aarch64-unknown-none-softfloat/release/deps/libaxbacktrace-d2ee0314daa0e966.rmeta --extern axfs_ng_vfs=/private/tmp/host-starryos-aligned-j1-target-20260530T171000-native-j1/aarch64-unknown-none-softfloat/release/deps/libaxfs_ng_vfs-4cf7f6f1376e4163.rmeta --extern axpoll=/private/tmp/host-starryos-aligned-j1-target-20260530T171000-native-j1/aarch64-unknown-none-softfloat/release/deps/libaxpoll-cab064486da6bb3a.rmeta --extern bitflags=/private/tmp/host-starryos-aligned-j1-target-20260530T171000-native-j1/aarch64-unknown-none-softfloat/release/deps/libbitflags-b40d3a41ae981966.rmeta --extern bitmaps=/private/tmp/host-starryos-aligned-j1-target-20260530T171000-native-j1/aarch64-unknown-none-softfloat/release/deps/libbitmaps-c11bde86d67ccc86.rmeta --extern bytemuck=/private/tmp/host-starryos-aligned-j1-target-20260530T171000-native-j1/aarch64-unknown-none-softfloat/release/deps/libbytemuck-15a6f44120f3ae6f.rmeta --extern cfg_if=/private/tmp/host-starryos-aligned-j1-target-20260530T171000-native-j1/aarch64-unknown-none-softfloat/release/deps/libcfg_if-70e29000d574299d.rmeta --extern chrono=/private/tmp/host-starryos-aligned-j1-target-20260530T171000-native-j1/aarch64-unknown-none-softfloat/release/deps/libchrono-74fe4398c75daf6d.rmeta --extern noprelude,nounused:compiler_builtins=/private/tmp/host-starryos-aligned-j1-target-20260530T171000-native-j1/aarch64-unknown-none-softfloat/release/deps/libcompiler_builtins-fadd5bc9339268c7.rmeta --extern noprelude,nounused:core=/private/tmp/host-starryos-aligned-j1-target-20260530T171000-native-j1/aarch64-unknown-none-softfloat/release/deps/libcore-24028a52cfebc9af.rmeta --extern ddebug=/private/tmp/host-starryos-aligned-j1-target-20260530T171000-native-j1/aarch64-unknown-none-softfloat/release/deps/libddebug-42fc60da73f423b5.rmeta --extern downcast_rs=/private/tmp/host-starryos-aligned-j1-target-20260530T171000-native-j1/aarch64-unknown-none-softfloat/release/deps/libdowncast_rs-cb0ae7066cd236ab.rmeta --extern enum_dispatch=/private/tmp/host-starryos-aligned-j1-target-20260530T171000-native-j1/release/deps/libenum_dispatch-621e877153440a5f.dylib --extern event_listener=/private/tmp/host-starryos-aligned-j1-target-20260530T171000-native-j1/aarch64-unknown-none-softfloat/release/deps/libevent_listener-1f9aff207de5d614.rmeta --extern extern_trait=/private/tmp/host-starryos-aligned-j1-target-20260530T171000-native-j1/aarch64-unknown-none-softfloat/release/deps/libextern_trait-b7021e236908017d.rmeta --extern flatten_objects=/private/tmp/host-starryos-aligned-j1-target-20260530T171000-native-j1/aarch64-unknown-none-softfloat/release/deps/libflatten_objects-3736f16ed88422d0.rmeta --extern hashbrown=/private/tmp/host-starryos-aligned-j1-target-20260530T171000-native-j1/aarch64-unknown-none-softfloat/release/deps/libhashbrown-49097561ffcf0363.rmeta --extern indoc=/private/tmp/host-starryos-aligned-j1-target-20260530T171000-native-j1/release/deps/libindoc-5e2aaf5d5fb5f76f.dylib --extern inherit_methods_macro=/private/tmp/host-starryos-aligned-j1-target-20260530T171000-native-j1/release/deps/libinherit_methods_macro-069afc4a9c5f695d.dylib --extern kernel_elf_parser=/private/tmp/host-starryos-aligned-j1-target-20260530T171000-native-j1/aarch64-unknown-none-softfloat/release/deps/libkernel_elf_parser-a6dcd177ee8f0e4a.rmeta --extern ktracepoint=/private/tmp/host-starryos-aligned-j1-target-20260530T171000-native-j1/aarch64-unknown-none-softfloat/release/deps/libktracepoint-38bf1f5e2c475c89.rmeta --extern lazy_static=/private/tmp/host-starryos-aligned-j1-target-20260530T171000-native-j1/aarch64-unknown-none-softfloat/release/deps/liblazy_static-08b103175664ddc2.rmeta --extern linux_raw_sys=/private/tmp/host-starryos-aligned-j1-target-20260530T171000-native-j1/aarch64-unknown-none-softfloat/release/deps/liblinux_raw_sys-ef2aab38e568e6d8.rmeta --extern lock_api=/private/tmp/host-starryos-aligned-j1-target-20260530T171000-native-j1/aarch64-unknown-none-softfloat/release/deps/liblock_api-6595b519a8deedf0.rmeta --extern num_enum=/private/tmp/host-starryos-aligned-j1-target-20260530T171000-native-j1/aarch64-unknown-none-softfloat/release/deps/libnum_enum-851261348ab36b87.rmeta --extern ouroboros=/private/tmp/host-starryos-aligned-j1-target-20260530T171000-native-j1/aarch64-unknown-none-softfloat/release/deps/libouroboros-12159d895478de11.rmeta --extern rand=/private/tmp/host-starryos-aligned-j1-target-20260530T171000-native-j1/aarch64-unknown-none-softfloat/release/deps/librand-af50f56628e87451.rmeta --extern ringbuf=/private/tmp/host-starryos-aligned-j1-target-20260530T171000-native-j1/aarch64-unknown-none-softfloat/release/deps/libringbuf-15016d834f01b7ef.rmeta --extern scope_local=/private/tmp/host-starryos-aligned-j1-target-20260530T171000-native-j1/aarch64-unknown-none-softfloat/release/deps/libscope_local-57f25bd7f8458b4a.rmeta --extern slab=/private/tmp/host-starryos-aligned-j1-target-20260530T171000-native-j1/aarch64-unknown-none-softfloat/release/deps/libslab-8b62c9afd1c31434.rmeta --extern spin=/private/tmp/host-starryos-aligned-j1-target-20260530T171000-native-j1/aarch64-unknown-none-softfloat/release/deps/libspin-fb66c554f06db42b.rmeta --extern starry_process=/private/tmp/host-starryos-aligned-j1-target-20260530T171000-native-j1/aarch64-unknown-none-softfloat/release/deps/libstarry_process-29adb9dfcdd8ceca.rmeta --extern starry_signal=/private/tmp/host-starryos-aligned-j1-target-20260530T171000-native-j1/aarch64-unknown-none-softfloat/release/deps/libstarry_signal-1ce94703cd8d3b77.rmeta --extern starry_vm=/private/tmp/host-starryos-aligned-j1-target-20260530T171000-native-j1/aarch64-unknown-none-softfloat/release/deps/libstarry_vm-df32d63d4f8291e1.rmeta --extern static_keys=/private/tmp/host-starryos-aligned-j1-target-20260530T171000-native-j1/aarch64-unknown-none-softfloat/release/deps/libstatic_keys-b989b39b20252fd8.rmeta --extern strum=/private/tmp/host-starryos-aligned-j1-target-20260530T171000-native-j1/aarch64-unknown-none-softfloat/release/deps/libstrum-f6773a0089eac466.rmeta --extern syscalls=/private/tmp/host-starryos-aligned-j1-target-20260530T171000-native-j1/aarch64-unknown-none-softfloat/release/deps/libsyscalls-eeee0d88945bdb8c.rmeta --extern uluru=/private/tmp/host-starryos-aligned-j1-target-20260530T171000-native-j1/aarch64-unknown-none-softfloat/release/deps/libuluru-d615aef3afdc0ce2.rmeta --extern weak_map=/private/tmp/host-starryos-aligned-j1-target-20260530T171000-native-j1/aarch64-unknown-none-softfloat/release/deps/libweak_map-0d8eb1bc4aad2f81.rmeta --extern xmas_elf=/private/tmp/host-starryos-aligned-j1-target-20260530T171000-native-j1/aarch64-unknown-none-softfloat/release/deps/libxmas_elf-9c3f5fca1a0a3d67.rmeta --extern zerocopy=/private/tmp/host-starryos-aligned-j1-target-20260530T171000-native-j1/aarch64-unknown-none-softfloat/release/deps/libzerocopy-f0465a348003893d.rmeta -Z unstable-options -Clink-arg=-Tlinker.x -Clink-arg=-no-pie -Clink-arg=-znostart-stop-gc -L /private/tmp/host-starryos-aligned-j1-target-20260530T171000-native-j1/aarch64-unknown-none-softfloat/release/build/ax-hal-79fb33ffe0d58464/out"
1780132284.828,92.991,79.828,68902,42.90,0.43,5.36,5,1,1,0,42.90,"/Users/txc/.rustup/toolchains/nightly-2026-04-27-aarch64-apple-darwin/bin/rustc --crate-name starry_kernel --edition=2024 os/StarryOS/kernel/src/lib.rs --error-format=json --json=diagnostic-rendered-ansi,artifacts,future-incompat --crate-type lib --emit=dep-info,metadata,link -C opt-level=3 -C linker-plugin-lto --cfg feature=""dev-log"" --cfg feature=""ext4"" --cfg feature=""input"" --cfg feature=""vsock"" --check-cfg cfg(docsrs,test) --check-cfg cfg(feature, values(""default"", ""dev-log"", ""dynamic_debug"", ""ext4"", ""input"", ""kcov"", ""memtrack"", ""plat-dyn"", ""rknpu"", ""sg2002"", ""vsock"")) -C metadata=09c70e61e675b4a0 -C extra-filename=-a4f3e83f09ca1fac --out-dir /private/tmp/host-starryos-aligned-j1-target-20260530T171000-native-j1/aarch64-unknown-none-softfloat/release/deps --target aarch64-unknown-none-softfloat -C strip=debuginfo -L dependency=/private/tmp/host-starryos-aligned-j1-target-20260530T171000-native-j1/aarch64-unknown-none-softfloat/release/deps -L dependency=/private/tmp/host-starryos-aligned-j1-target-20260530T171000-native-j1/release/deps --extern noprelude,nounused:alloc=/private/tmp/host-starryos-aligned-j1-target-20260530T171000-native-j1/aarch64-unknown-none-softfloat/release/deps/liballoc-c68a4ab3c84776d3.rmeta --extern ax_alloc=/private/tmp/host-starryos-aligned-j1-target-20260530T171000-native-j1/aarch64-unknown-none-softfloat/release/deps/libax_alloc-03a242702bccc78f.rmeta --extern ax_config=/private/tmp/host-starryos-aligned-j1-target-20260530T171000-native-j1/aarch64-unknown-none-softfloat/release/deps/libax_config-9f3632074c315a97.rmeta --extern ax_display=/private/tmp/host-starryos-aligned-j1-target-20260530T171000-native-j1/aarch64-unknown-none-softfloat/release/deps/libax_display-76aef02b4f24289f.rmeta --extern ax_driver=/private/tmp/host-starryos-aligned-j1-target-20260530T171000-native-j1/aarch64-unknown-none-softfloat/release/deps/libax_driver-ce6f3124ce0e2c89.rmeta --extern ax_errno=/private/tmp/host-starryos-aligned-j1-target-20260530T171000-native-j1/aarch64-unknown-none-softfloat/release/deps/libax_errno-154081d700f1ec9e.rmeta --extern ax_feat=/private/tmp/host-starryos-aligned-j1-target-20260530T171000-native-j1/aarch64-unknown-none-softfloat/release/deps/libax_feat-9e06dc371d6f4f7e.rmeta --extern ax_fs=/private/tmp/host-starryos-aligned-j1-target-20260530T171000-native-j1/aarch64-unknown-none-softfloat/release/deps/libax_fs_ng-ea8ffb2902970035.rmeta --extern ax_hal=/private/tmp/host-starryos-aligned-j1-target-20260530T171000-native-j1/aarch64-unknown-none-softfloat/release/deps/libax_hal-c88911c63a3c6849.rmeta --extern ax_input=/private/tmp/host-starryos-aligned-j1-target-20260530T171000-native-j1/aarch64-unknown-none-softfloat/release/deps/libax_input-51f1f7fb5590fac1.rmeta --extern ax_io=/private/tmp/host-starryos-aligned-j1-target-20260530T171000-native-j1/aarch64-unknown-none-softfloat/release/deps/libax_io-281345aece1e0dc1.rmeta --extern ax_ipi=/private/tmp/host-starryos-aligned-j1-target-20260530T171000-native-j1/aarch64-unknown-none-softfloat/release/deps/libax_ipi-59456be0c1a5adf6.rmeta --extern ax_kernel_guard=/private/tmp/host-starryos-aligned-j1-target-20260530T171000-native-j1/aarch64-unknown-none-softfloat/release/deps/libax_kernel_guard-48110f9d37c92e0d.rmeta --extern ax_kspin=/private/tmp/host-starryos-aligned-j1-target-20260530T171000-native-j1/aarch64-unknown-none-softfloat/release/deps/libax_kspin-7f23ffbe8e419cf0.rmeta --extern ax_lazyinit=/private/tmp/host-starryos-aligned-j1-target-20260530T171000-native-j1/aarch64-unknown-none-softfloat/release/deps/libax_lazyinit-ce7db22536bba087.rmeta --extern ax_log=/private/tmp/host-starryos-aligned-j1-target-20260530T171000-native-j1/aarch64-unknown-none-softfloat/release/deps/libax_log-35e2a9030c8c412a.rmeta --extern ax_memory_addr=/private/tmp/host-starryos-aligned-j1-target-20260530T171000-native-j1/aarch64-unknown-none-softfloat/release/deps/libax_memory_addr-5fbe6a7a31cdcc28.rmeta --extern ax_memory_set=/private/tmp/host-starryos-aligned-j1-target-20260530T171000-native-j1/aarch64-unknown-none-softfloat/release/deps/libax_memory_set-aa94cf2104f026e3.rmeta --extern ax_mm=/private/tmp/host-starryos-aligned-j1-target-20260530T171000-native-j1/aarch64-unknown-none-softfloat/release/deps/libax_mm-83fae9c35912da38.rmeta --extern axnet=/private/tmp/host-starryos-aligned-j1-target-20260530T171000-native-j1/aarch64-unknown-none-softfloat/release/deps/libax_net_ng-6377114b128f93fc.rmeta --extern ax_percpu=/private/tmp/host-starryos-aligned-j1-target-20260530T171000-native-j1/aarch64-unknown-none-softfloat/release/deps/libax_percpu-e92e29125c3fa843.rmeta --extern ax_runtime=/private/tmp/host-starryos-aligned-j1-target-20260530T171000-native-j1/aarch64-unknown-none-softfloat/release/deps/libax_runtime-78cae83b3aa4ead7.rmeta --extern ax_sync=/private/tmp/host-starryos-aligned-j1-target-20260530T171000-native-j1/aarch64-unknown-none-softfloat/release/deps/libax_sync-814bdc36cb6391fe.rmeta --extern ax_task=/private/tmp/host-starryos-aligned-j1-target-20260530T171000-native-j1/aarch64-unknown-none-softfloat/release/deps/libax_task-c082cf747382d35b.rmeta --extern axbacktrace=/private/tmp/host-starryos-aligned-j1-target-20260530T171000-native-j1/aarch64-unknown-none-softfloat/release/deps/libaxbacktrace-d2ee0314daa0e966.rmeta --extern axfs_ng_vfs=/private/tmp/host-starryos-aligned-j1-target-20260530T171000-native-j1/aarch64-unknown-none-softfloat/release/deps/libaxfs_ng_vfs-4cf7f6f1376e4163.rmeta --extern axpoll=/private/tmp/host-starryos-aligned-j1-target-20260530T171000-native-j1/aarch64-unknown-none-softfloat/release/deps/libaxpoll-cab064486da6bb3a.rmeta --extern bitflags=/private/tmp/host-starryos-aligned-j1-target-20260530T171000-native-j1/aarch64-unknown-none-softfloat/release/deps/libbitflags-b40d3a41ae981966.rmeta --extern bitmaps=/private/tmp/host-starryos-aligned-j1-target-20260530T171000-native-j1/aarch64-unknown-none-softfloat/release/deps/libbitmaps-c11bde86d67ccc86.rmeta --extern bytemuck=/private/tmp/host-starryos-aligned-j1-target-20260530T171000-native-j1/aarch64-unknown-none-softfloat/release/deps/libbytemuck-15a6f44120f3ae6f.rmeta --extern cfg_if=/private/tmp/host-starryos-aligned-j1-target-20260530T171000-native-j1/aarch64-unknown-none-softfloat/release/deps/libcfg_if-70e29000d574299d.rmeta --extern chrono=/private/tmp/host-starryos-aligned-j1-target-20260530T171000-native-j1/aarch64-unknown-none-softfloat/release/deps/libchrono-74fe4398c75daf6d.rmeta --extern noprelude,nounused:compiler_builtins=/private/tmp/host-starryos-aligned-j1-target-20260530T171000-native-j1/aarch64-unknown-none-softfloat/release/deps/libcompiler_builtins-fadd5bc9339268c7.rmeta --extern noprelude,nounused:core=/private/tmp/host-starryos-aligned-j1-target-20260530T171000-native-j1/aarch64-unknown-none-softfloat/release/deps/libcore-24028a52cfebc9af.rmeta --extern ddebug=/private/tmp/host-starryos-aligned-j1-target-20260530T171000-native-j1/aarch64-unknown-none-softfloat/release/deps/libddebug-42fc60da73f423b5.rmeta --extern downcast_rs=/private/tmp/host-starryos-aligned-j1-target-20260530T171000-native-j1/aarch64-unknown-none-softfloat/release/deps/libdowncast_rs-cb0ae7066cd236ab.rmeta --extern enum_dispatch=/private/tmp/host-starryos-aligned-j1-target-20260530T171000-native-j1/release/deps/libenum_dispatch-621e877153440a5f.dylib --extern event_listener=/private/tmp/host-starryos-aligned-j1-target-20260530T171000-native-j1/aarch64-unknown-none-softfloat/release/deps/libevent_listener-1f9aff207de5d614.rmeta --extern extern_trait=/private/tmp/host-starryos-aligned-j1-target-20260530T171000-native-j1/aarch64-unknown-none-softfloat/release/deps/libextern_trait-b7021e236908017d.rmeta --extern flatten_objects=/private/tmp/host-starryos-aligned-j1-target-20260530T171000-native-j1/aarch64-unknown-none-softfloat/release/deps/libflatten_objects-3736f16ed88422d0.rmeta --extern hashbrown=/private/tmp/host-starryos-aligned-j1-target-20260530T171000-native-j1/aarch64-unknown-none-softfloat/release/deps/libhashbrown-49097561ffcf0363.rmeta --extern indoc=/private/tmp/host-starryos-aligned-j1-target-20260530T171000-native-j1/release/deps/libindoc-5e2aaf5d5fb5f76f.dylib --extern inherit_methods_macro=/private/tmp/host-starryos-aligned-j1-target-20260530T171000-native-j1/release/deps/libinherit_methods_macro-069afc4a9c5f695d.dylib --extern kernel_elf_parser=/private/tmp/host-starryos-aligned-j1-target-20260530T171000-native-j1/aarch64-unknown-none-softfloat/release/deps/libkernel_elf_parser-a6dcd177ee8f0e4a.rmeta --extern ktracepoint=/private/tmp/host-starryos-aligned-j1-target-20260530T171000-native-j1/aarch64-unknown-none-softfloat/release/deps/libktracepoint-38bf1f5e2c475c89.rmeta --extern lazy_static=/private/tmp/host-starryos-aligned-j1-target-20260530T171000-native-j1/aarch64-unknown-none-softfloat/release/deps/liblazy_static-08b103175664ddc2.rmeta --extern linux_raw_sys=/private/tmp/host-starryos-aligned-j1-target-20260530T171000-native-j1/aarch64-unknown-none-softfloat/release/deps/liblinux_raw_sys-ef2aab38e568e6d8.rmeta --extern lock_api=/private/tmp/host-starryos-aligned-j1-target-20260530T171000-native-j1/aarch64-unknown-none-softfloat/release/deps/liblock_api-6595b519a8deedf0.rmeta --extern num_enum=/private/tmp/host-starryos-aligned-j1-target-20260530T171000-native-j1/aarch64-unknown-none-softfloat/release/deps/libnum_enum-851261348ab36b87.rmeta --extern ouroboros=/private/tmp/host-starryos-aligned-j1-target-20260530T171000-native-j1/aarch64-unknown-none-softfloat/release/deps/libouroboros-12159d895478de11.rmeta --extern rand=/private/tmp/host-starryos-aligned-j1-target-20260530T171000-native-j1/aarch64-unknown-none-softfloat/release/deps/librand-af50f56628e87451.rmeta --extern ringbuf=/private/tmp/host-starryos-aligned-j1-target-20260530T171000-native-j1/aarch64-unknown-none-softfloat/release/deps/libringbuf-15016d834f01b7ef.rmeta --extern scope_local=/private/tmp/host-starryos-aligned-j1-target-20260530T171000-native-j1/aarch64-unknown-none-softfloat/release/deps/libscope_local-57f25bd7f8458b4a.rmeta --extern slab=/private/tmp/host-starryos-aligned-j1-target-20260530T171000-native-j1/aarch64-unknown-none-softfloat/release/deps/libslab-8b62c9afd1c31434.rmeta --extern spin=/private/tmp/host-starryos-aligned-j1-target-20260530T171000-native-j1/aarch64-unknown-none-softfloat/release/deps/libspin-fb66c554f06db42b.rmeta --extern starry_process=/private/tmp/host-starryos-aligned-j1-target-20260530T171000-native-j1/aarch64-unknown-none-softfloat/release/deps/libstarry_process-29adb9dfcdd8ceca.rmeta --extern starry_signal=/private/tmp/host-starryos-aligned-j1-target-20260530T171000-native-j1/aarch64-unknown-none-softfloat/release/deps/libstarry_signal-1ce94703cd8d3b77.rmeta --extern starry_vm=/private/tmp/host-starryos-aligned-j1-target-20260530T171000-native-j1/aarch64-unknown-none-softfloat/release/deps/libstarry_vm-df32d63d4f8291e1.rmeta --extern static_keys=/private/tmp/host-starryos-aligned-j1-target-20260530T171000-native-j1/aarch64-unknown-none-softfloat/release/deps/libstatic_keys-b989b39b20252fd8.rmeta --extern strum=/private/tmp/host-starryos-aligned-j1-target-20260530T171000-native-j1/aarch64-unknown-none-softfloat/release/deps/libstrum-f6773a0089eac466.rmeta --extern syscalls=/private/tmp/host-starryos-aligned-j1-target-20260530T171000-native-j1/aarch64-unknown-none-softfloat/release/deps/libsyscalls-eeee0d88945bdb8c.rmeta --extern uluru=/private/tmp/host-starryos-aligned-j1-target-20260530T171000-native-j1/aarch64-unknown-none-softfloat/release/deps/libuluru-d615aef3afdc0ce2.rmeta --extern weak_map=/private/tmp/host-starryos-aligned-j1-target-20260530T171000-native-j1/aarch64-unknown-none-softfloat/release/deps/libweak_map-0d8eb1bc4aad2f81.rmeta --extern xmas_elf=/private/tmp/host-starryos-aligned-j1-target-20260530T171000-native-j1/aarch64-unknown-none-softfloat/release/deps/libxmas_elf-9c3f5fca1a0a3d67.rmeta --extern zerocopy=/private/tmp/host-starryos-aligned-j1-target-20260530T171000-native-j1/aarch64-unknown-none-softfloat/release/deps/libzerocopy-f0465a348003893d.rmeta -Z unstable-options -Clink-arg=-Tlinker.x -Clink-arg=-no-pie -Clink-arg=-znostart-stop-gc -L /private/tmp/host-starryos-aligned-j1-target-20260530T171000-native-j1/aarch64-unknown-none-softfloat/release/build/ax-hal-79fb33ffe0d58464/out"
1780132285.860,94.023,80.860,68902,47.30,0.47,5.91,5,1,1,0,47.30,"/Users/txc/.rustup/toolchains/nightly-2026-04-27-aarch64-apple-darwin/bin/rustc --crate-name starry_kernel --edition=2024 os/StarryOS/kernel/src/lib.rs --error-format=json --json=diagnostic-rendered-ansi,artifacts,future-incompat --crate-type lib --emit=dep-info,metadata,link -C opt-level=3 -C linker-plugin-lto --cfg feature=""dev-log"" --cfg feature=""ext4"" --cfg feature=""input"" --cfg feature=""vsock"" --check-cfg cfg(docsrs,test) --check-cfg cfg(feature, values(""default"", ""dev-log"", ""dynamic_debug"", ""ext4"", ""input"", ""kcov"", ""memtrack"", ""plat-dyn"", ""rknpu"", ""sg2002"", ""vsock"")) -C metadata=09c70e61e675b4a0 -C extra-filename=-a4f3e83f09ca1fac --out-dir /private/tmp/host-starryos-aligned-j1-target-20260530T171000-native-j1/aarch64-unknown-none-softfloat/release/deps --target aarch64-unknown-none-softfloat -C strip=debuginfo -L dependency=/private/tmp/host-starryos-aligned-j1-target-20260530T171000-native-j1/aarch64-unknown-none-softfloat/release/deps -L dependency=/private/tmp/host-starryos-aligned-j1-target-20260530T171000-native-j1/release/deps --extern noprelude,nounused:alloc=/private/tmp/host-starryos-aligned-j1-target-20260530T171000-native-j1/aarch64-unknown-none-softfloat/release/deps/liballoc-c68a4ab3c84776d3.rmeta --extern ax_alloc=/private/tmp/host-starryos-aligned-j1-target-20260530T171000-native-j1/aarch64-unknown-none-softfloat/release/deps/libax_alloc-03a242702bccc78f.rmeta --extern ax_config=/private/tmp/host-starryos-aligned-j1-target-20260530T171000-native-j1/aarch64-unknown-none-softfloat/release/deps/libax_config-9f3632074c315a97.rmeta --extern ax_display=/private/tmp/host-starryos-aligned-j1-target-20260530T171000-native-j1/aarch64-unknown-none-softfloat/release/deps/libax_display-76aef02b4f24289f.rmeta --extern ax_driver=/private/tmp/host-starryos-aligned-j1-target-20260530T171000-native-j1/aarch64-unknown-none-softfloat/release/deps/libax_driver-ce6f3124ce0e2c89.rmeta --extern ax_errno=/private/tmp/host-starryos-aligned-j1-target-20260530T171000-native-j1/aarch64-unknown-none-softfloat/release/deps/libax_errno-154081d700f1ec9e.rmeta --extern ax_feat=/private/tmp/host-starryos-aligned-j1-target-20260530T171000-native-j1/aarch64-unknown-none-softfloat/release/deps/libax_feat-9e06dc371d6f4f7e.rmeta --extern ax_fs=/private/tmp/host-starryos-aligned-j1-target-20260530T171000-native-j1/aarch64-unknown-none-softfloat/release/deps/libax_fs_ng-ea8ffb2902970035.rmeta --extern ax_hal=/private/tmp/host-starryos-aligned-j1-target-20260530T171000-native-j1/aarch64-unknown-none-softfloat/release/deps/libax_hal-c88911c63a3c6849.rmeta --extern ax_input=/private/tmp/host-starryos-aligned-j1-target-20260530T171000-native-j1/aarch64-unknown-none-softfloat/release/deps/libax_input-51f1f7fb5590fac1.rmeta --extern ax_io=/private/tmp/host-starryos-aligned-j1-target-20260530T171000-native-j1/aarch64-unknown-none-softfloat/release/deps/libax_io-281345aece1e0dc1.rmeta --extern ax_ipi=/private/tmp/host-starryos-aligned-j1-target-20260530T171000-native-j1/aarch64-unknown-none-softfloat/release/deps/libax_ipi-59456be0c1a5adf6.rmeta --extern ax_kernel_guard=/private/tmp/host-starryos-aligned-j1-target-20260530T171000-native-j1/aarch64-unknown-none-softfloat/release/deps/libax_kernel_guard-48110f9d37c92e0d.rmeta --extern ax_kspin=/private/tmp/host-starryos-aligned-j1-target-20260530T171000-native-j1/aarch64-unknown-none-softfloat/release/deps/libax_kspin-7f23ffbe8e419cf0.rmeta --extern ax_lazyinit=/private/tmp/host-starryos-aligned-j1-target-20260530T171000-native-j1/aarch64-unknown-none-softfloat/release/deps/libax_lazyinit-ce7db22536bba087.rmeta --extern ax_log=/private/tmp/host-starryos-aligned-j1-target-20260530T171000-native-j1/aarch64-unknown-none-softfloat/release/deps/libax_log-35e2a9030c8c412a.rmeta --extern ax_memory_addr=/private/tmp/host-starryos-aligned-j1-target-20260530T171000-native-j1/aarch64-unknown-none-softfloat/release/deps/libax_memory_addr-5fbe6a7a31cdcc28.rmeta --extern ax_memory_set=/private/tmp/host-starryos-aligned-j1-target-20260530T171000-native-j1/aarch64-unknown-none-softfloat/release/deps/libax_memory_set-aa94cf2104f026e3.rmeta --extern ax_mm=/private/tmp/host-starryos-aligned-j1-target-20260530T171000-native-j1/aarch64-unknown-none-softfloat/release/deps/libax_mm-83fae9c35912da38.rmeta --extern axnet=/private/tmp/host-starryos-aligned-j1-target-20260530T171000-native-j1/aarch64-unknown-none-softfloat/release/deps/libax_net_ng-6377114b128f93fc.rmeta --extern ax_percpu=/private/tmp/host-starryos-aligned-j1-target-20260530T171000-native-j1/aarch64-unknown-none-softfloat/release/deps/libax_percpu-e92e29125c3fa843.rmeta --extern ax_runtime=/private/tmp/host-starryos-aligned-j1-target-20260530T171000-native-j1/aarch64-unknown-none-softfloat/release/deps/libax_runtime-78cae83b3aa4ead7.rmeta --extern ax_sync=/private/tmp/host-starryos-aligned-j1-target-20260530T171000-native-j1/aarch64-unknown-none-softfloat/release/deps/libax_sync-814bdc36cb6391fe.rmeta --extern ax_task=/private/tmp/host-starryos-aligned-j1-target-20260530T171000-native-j1/aarch64-unknown-none-softfloat/release/deps/libax_task-c082cf747382d35b.rmeta --extern axbacktrace=/private/tmp/host-starryos-aligned-j1-target-20260530T171000-native-j1/aarch64-unknown-none-softfloat/release/deps/libaxbacktrace-d2ee0314daa0e966.rmeta --extern axfs_ng_vfs=/private/tmp/host-starryos-aligned-j1-target-20260530T171000-native-j1/aarch64-unknown-none-softfloat/release/deps/libaxfs_ng_vfs-4cf7f6f1376e4163.rmeta --extern axpoll=/private/tmp/host-starryos-aligned-j1-target-20260530T171000-native-j1/aarch64-unknown-none-softfloat/release/deps/libaxpoll-cab064486da6bb3a.rmeta --extern bitflags=/private/tmp/host-starryos-aligned-j1-target-20260530T171000-native-j1/aarch64-unknown-none-softfloat/release/deps/libbitflags-b40d3a41ae981966.rmeta --extern bitmaps=/private/tmp/host-starryos-aligned-j1-target-20260530T171000-native-j1/aarch64-unknown-none-softfloat/release/deps/libbitmaps-c11bde86d67ccc86.rmeta --extern bytemuck=/private/tmp/host-starryos-aligned-j1-target-20260530T171000-native-j1/aarch64-unknown-none-softfloat/release/deps/libbytemuck-15a6f44120f3ae6f.rmeta --extern cfg_if=/private/tmp/host-starryos-aligned-j1-target-20260530T171000-native-j1/aarch64-unknown-none-softfloat/release/deps/libcfg_if-70e29000d574299d.rmeta --extern chrono=/private/tmp/host-starryos-aligned-j1-target-20260530T171000-native-j1/aarch64-unknown-none-softfloat/release/deps/libchrono-74fe4398c75daf6d.rmeta --extern noprelude,nounused:compiler_builtins=/private/tmp/host-starryos-aligned-j1-target-20260530T171000-native-j1/aarch64-unknown-none-softfloat/release/deps/libcompiler_builtins-fadd5bc9339268c7.rmeta --extern noprelude,nounused:core=/private/tmp/host-starryos-aligned-j1-target-20260530T171000-native-j1/aarch64-unknown-none-softfloat/release/deps/libcore-24028a52cfebc9af.rmeta --extern ddebug=/private/tmp/host-starryos-aligned-j1-target-20260530T171000-native-j1/aarch64-unknown-none-softfloat/release/deps/libddebug-42fc60da73f423b5.rmeta --extern downcast_rs=/private/tmp/host-starryos-aligned-j1-target-20260530T171000-native-j1/aarch64-unknown-none-softfloat/release/deps/libdowncast_rs-cb0ae7066cd236ab.rmeta --extern enum_dispatch=/private/tmp/host-starryos-aligned-j1-target-20260530T171000-native-j1/release/deps/libenum_dispatch-621e877153440a5f.dylib --extern event_listener=/private/tmp/host-starryos-aligned-j1-target-20260530T171000-native-j1/aarch64-unknown-none-softfloat/release/deps/libevent_listener-1f9aff207de5d614.rmeta --extern extern_trait=/private/tmp/host-starryos-aligned-j1-target-20260530T171000-native-j1/aarch64-unknown-none-softfloat/release/deps/libextern_trait-b7021e236908017d.rmeta --extern flatten_objects=/private/tmp/host-starryos-aligned-j1-target-20260530T171000-native-j1/aarch64-unknown-none-softfloat/release/deps/libflatten_objects-3736f16ed88422d0.rmeta --extern hashbrown=/private/tmp/host-starryos-aligned-j1-target-20260530T171000-native-j1/aarch64-unknown-none-softfloat/release/deps/libhashbrown-49097561ffcf0363.rmeta --extern indoc=/private/tmp/host-starryos-aligned-j1-target-20260530T171000-native-j1/release/deps/libindoc-5e2aaf5d5fb5f76f.dylib --extern inherit_methods_macro=/private/tmp/host-starryos-aligned-j1-target-20260530T171000-native-j1/release/deps/libinherit_methods_macro-069afc4a9c5f695d.dylib --extern kernel_elf_parser=/private/tmp/host-starryos-aligned-j1-target-20260530T171000-native-j1/aarch64-unknown-none-softfloat/release/deps/libkernel_elf_parser-a6dcd177ee8f0e4a.rmeta --extern ktracepoint=/private/tmp/host-starryos-aligned-j1-target-20260530T171000-native-j1/aarch64-unknown-none-softfloat/release/deps/libktracepoint-38bf1f5e2c475c89.rmeta --extern lazy_static=/private/tmp/host-starryos-aligned-j1-target-20260530T171000-native-j1/aarch64-unknown-none-softfloat/release/deps/liblazy_static-08b103175664ddc2.rmeta --extern linux_raw_sys=/private/tmp/host-starryos-aligned-j1-target-20260530T171000-native-j1/aarch64-unknown-none-softfloat/release/deps/liblinux_raw_sys-ef2aab38e568e6d8.rmeta --extern lock_api=/private/tmp/host-starryos-aligned-j1-target-20260530T171000-native-j1/aarch64-unknown-none-softfloat/release/deps/liblock_api-6595b519a8deedf0.rmeta --extern num_enum=/private/tmp/host-starryos-aligned-j1-target-20260530T171000-native-j1/aarch64-unknown-none-softfloat/release/deps/libnum_enum-851261348ab36b87.rmeta --extern ouroboros=/private/tmp/host-starryos-aligned-j1-target-20260530T171000-native-j1/aarch64-unknown-none-softfloat/release/deps/libouroboros-12159d895478de11.rmeta --extern rand=/private/tmp/host-starryos-aligned-j1-target-20260530T171000-native-j1/aarch64-unknown-none-softfloat/release/deps/librand-af50f56628e87451.rmeta --extern ringbuf=/private/tmp/host-starryos-aligned-j1-target-20260530T171000-native-j1/aarch64-unknown-none-softfloat/release/deps/libringbuf-15016d834f01b7ef.rmeta --extern scope_local=/private/tmp/host-starryos-aligned-j1-target-20260530T171000-native-j1/aarch64-unknown-none-softfloat/release/deps/libscope_local-57f25bd7f8458b4a.rmeta --extern slab=/private/tmp/host-starryos-aligned-j1-target-20260530T171000-native-j1/aarch64-unknown-none-softfloat/release/deps/libslab-8b62c9afd1c31434.rmeta --extern spin=/private/tmp/host-starryos-aligned-j1-target-20260530T171000-native-j1/aarch64-unknown-none-softfloat/release/deps/libspin-fb66c554f06db42b.rmeta --extern starry_process=/private/tmp/host-starryos-aligned-j1-target-20260530T171000-native-j1/aarch64-unknown-none-softfloat/release/deps/libstarry_process-29adb9dfcdd8ceca.rmeta --extern starry_signal=/private/tmp/host-starryos-aligned-j1-target-20260530T171000-native-j1/aarch64-unknown-none-softfloat/release/deps/libstarry_signal-1ce94703cd8d3b77.rmeta --extern starry_vm=/private/tmp/host-starryos-aligned-j1-target-20260530T171000-native-j1/aarch64-unknown-none-softfloat/release/deps/libstarry_vm-df32d63d4f8291e1.rmeta --extern static_keys=/private/tmp/host-starryos-aligned-j1-target-20260530T171000-native-j1/aarch64-unknown-none-softfloat/release/deps/libstatic_keys-b989b39b20252fd8.rmeta --extern strum=/private/tmp/host-starryos-aligned-j1-target-20260530T171000-native-j1/aarch64-unknown-none-softfloat/release/deps/libstrum-f6773a0089eac466.rmeta --extern syscalls=/private/tmp/host-starryos-aligned-j1-target-20260530T171000-native-j1/aarch64-unknown-none-softfloat/release/deps/libsyscalls-eeee0d88945bdb8c.rmeta --extern uluru=/private/tmp/host-starryos-aligned-j1-target-20260530T171000-native-j1/aarch64-unknown-none-softfloat/release/deps/libuluru-d615aef3afdc0ce2.rmeta --extern weak_map=/private/tmp/host-starryos-aligned-j1-target-20260530T171000-native-j1/aarch64-unknown-none-softfloat/release/deps/libweak_map-0d8eb1bc4aad2f81.rmeta --extern xmas_elf=/private/tmp/host-starryos-aligned-j1-target-20260530T171000-native-j1/aarch64-unknown-none-softfloat/release/deps/libxmas_elf-9c3f5fca1a0a3d67.rmeta --extern zerocopy=/private/tmp/host-starryos-aligned-j1-target-20260530T171000-native-j1/aarch64-unknown-none-softfloat/release/deps/libzerocopy-f0465a348003893d.rmeta -Z unstable-options -Clink-arg=-Tlinker.x -Clink-arg=-no-pie -Clink-arg=-znostart-stop-gc -L /private/tmp/host-starryos-aligned-j1-target-20260530T171000-native-j1/aarch64-unknown-none-softfloat/release/build/ax-hal-79fb33ffe0d58464/out"
1780132286.896,95.059,81.896,68902,76.30,0.76,9.54,5,1,1,0,76.30,"/Users/txc/.rustup/toolchains/nightly-2026-04-27-aarch64-apple-darwin/bin/rustc --crate-name starryos --edition=2024 os/StarryOS/starryos/src/main.rs --error-format=json --json=diagnostic-rendered-ansi,artifacts,future-incompat --crate-type bin --emit=dep-info,link -C opt-level=3 -C lto --cfg feature=""cntv-timer"" --cfg feature=""default"" --cfg feature=""gic-v3"" --cfg feature=""qemu"" --cfg feature=""smp"" --check-cfg cfg(docsrs,test) --check-cfg cfg(feature, values(""aarch64-hvf"", ""ax-plat-riscv64-sg2002"", ""cntv-timer"", ""default"", ""gic-v3"", ""kcov"", ""qemu"", ""rknpu"", ""sg2002"", ""smp"", ""vf2"")) -C metadata=7d3ff157ef5e487e -C extra-filename=-1514660e26da4623 --out-dir /private/tmp/host-starryos-aligned-j1-target-20260530T171000-native-j1/aarch64-unknown-none-softfloat/release/deps --target aarch64-unknown-none-softfloat -C strip=debuginfo -L dependency=/private/tmp/host-starryos-aligned-j1-target-20260530T171000-native-j1/aarch64-unknown-none-softfloat/release/deps -L dependency=/private/tmp/host-starryos-aligned-j1-target-20260530T171000-native-j1/release/deps --extern noprelude,nounused:alloc=/private/tmp/host-starryos-aligned-j1-target-20260530T171000-native-j1/aarch64-unknown-none-softfloat/release/deps/liballoc-c68a4ab3c84776d3.rlib --extern ax_feat=/private/tmp/host-starryos-aligned-j1-target-20260530T171000-native-j1/aarch64-unknown-none-softfloat/release/deps/libax_feat-9e06dc371d6f4f7e.rlib --extern noprelude,nounused:compiler_builtins=/private/tmp/host-starryos-aligned-j1-target-20260530T171000-native-j1/aarch64-unknown-none-softfloat/release/deps/libcompiler_builtins-fadd5bc9339268c7.rlib --extern noprelude,nounused:core=/private/tmp/host-starryos-aligned-j1-target-20260530T171000-native-j1/aarch64-unknown-none-softfloat/release/deps/libcore-24028a52cfebc9af.rlib --extern starry_kernel=/private/tmp/host-starryos-aligned-j1-target-20260530T171000-native-j1/aarch64-unknown-none-softfloat/release/deps/libstarry_kernel-a4f3e83f09ca1fac.rlib -Z unstable-options -Clink-arg=-Tlinker.x -Clink-arg=-no-pie -Clink-arg=-znostart-stop-gc -L /private/tmp/host-starryos-aligned-j1-target-20260530T171000-native-j1/aarch64-unknown-none-softfloat/release/build/ax-hal-79fb33ffe0d58464/out -C link-arg=-T/private/tmp/host-starryos-aligned-j1-target-20260530T171000-native-j1/aarch64-unknown-none-softfloat/release/build/starryos-2201b20dad5b4a0e/out/ext_linker.ld"
1780132287.931,96.094,82.931,68902,96.70,0.97,12.09,5,1,1,0,96.70,"/Users/txc/.rustup/toolchains/nightly-2026-04-27-aarch64-apple-darwin/bin/rustc --crate-name starryos --edition=2024 os/StarryOS/starryos/src/main.rs --error-format=json --json=diagnostic-rendered-ansi,artifacts,future-incompat --crate-type bin --emit=dep-info,link -C opt-level=3 -C lto --cfg feature=""cntv-timer"" --cfg feature=""default"" --cfg feature=""gic-v3"" --cfg feature=""qemu"" --cfg feature=""smp"" --check-cfg cfg(docsrs,test) --check-cfg cfg(feature, values(""aarch64-hvf"", ""ax-plat-riscv64-sg2002"", ""cntv-timer"", ""default"", ""gic-v3"", ""kcov"", ""qemu"", ""rknpu"", ""sg2002"", ""smp"", ""vf2"")) -C metadata=7d3ff157ef5e487e -C extra-filename=-1514660e26da4623 --out-dir /private/tmp/host-starryos-aligned-j1-target-20260530T171000-native-j1/aarch64-unknown-none-softfloat/release/deps --target aarch64-unknown-none-softfloat -C strip=debuginfo -L dependency=/private/tmp/host-starryos-aligned-j1-target-20260530T171000-native-j1/aarch64-unknown-none-softfloat/release/deps -L dependency=/private/tmp/host-starryos-aligned-j1-target-20260530T171000-native-j1/release/deps --extern noprelude,nounused:alloc=/private/tmp/host-starryos-aligned-j1-target-20260530T171000-native-j1/aarch64-unknown-none-softfloat/release/deps/liballoc-c68a4ab3c84776d3.rlib --extern ax_feat=/private/tmp/host-starryos-aligned-j1-target-20260530T171000-native-j1/aarch64-unknown-none-softfloat/release/deps/libax_feat-9e06dc371d6f4f7e.rlib --extern noprelude,nounused:compiler_builtins=/private/tmp/host-starryos-aligned-j1-target-20260530T171000-native-j1/aarch64-unknown-none-softfloat/release/deps/libcompiler_builtins-fadd5bc9339268c7.rlib --extern noprelude,nounused:core=/private/tmp/host-starryos-aligned-j1-target-20260530T171000-native-j1/aarch64-unknown-none-softfloat/release/deps/libcore-24028a52cfebc9af.rlib --extern starry_kernel=/private/tmp/host-starryos-aligned-j1-target-20260530T171000-native-j1/aarch64-unknown-none-softfloat/release/deps/libstarry_kernel-a4f3e83f09ca1fac.rlib -Z unstable-options -Clink-arg=-Tlinker.x -Clink-arg=-no-pie -Clink-arg=-znostart-stop-gc -L /private/tmp/host-starryos-aligned-j1-target-20260530T171000-native-j1/aarch64-unknown-none-softfloat/release/build/ax-hal-79fb33ffe0d58464/out -C link-arg=-T/private/tmp/host-starryos-aligned-j1-target-20260530T171000-native-j1/aarch64-unknown-none-softfloat/release/build/starryos-2201b20dad5b4a0e/out/ext_linker.ld"
1780132288.963,97.126,83.963,68902,98.40,0.98,12.30,5,1,1,0,98.40,"/Users/txc/.rustup/toolchains/nightly-2026-04-27-aarch64-apple-darwin/bin/rustc --crate-name starryos --edition=2024 os/StarryOS/starryos/src/main.rs --error-format=json --json=diagnostic-rendered-ansi,artifacts,future-incompat --crate-type bin --emit=dep-info,link -C opt-level=3 -C lto --cfg feature=""cntv-timer"" --cfg feature=""default"" --cfg feature=""gic-v3"" --cfg feature=""qemu"" --cfg feature=""smp"" --check-cfg cfg(docsrs,test) --check-cfg cfg(feature, values(""aarch64-hvf"", ""ax-plat-riscv64-sg2002"", ""cntv-timer"", ""default"", ""gic-v3"", ""kcov"", ""qemu"", ""rknpu"", ""sg2002"", ""smp"", ""vf2"")) -C metadata=7d3ff157ef5e487e -C extra-filename=-1514660e26da4623 --out-dir /private/tmp/host-starryos-aligned-j1-target-20260530T171000-native-j1/aarch64-unknown-none-softfloat/release/deps --target aarch64-unknown-none-softfloat -C strip=debuginfo -L dependency=/private/tmp/host-starryos-aligned-j1-target-20260530T171000-native-j1/aarch64-unknown-none-softfloat/release/deps -L dependency=/private/tmp/host-starryos-aligned-j1-target-20260530T171000-native-j1/release/deps --extern noprelude,nounused:alloc=/private/tmp/host-starryos-aligned-j1-target-20260530T171000-native-j1/aarch64-unknown-none-softfloat/release/deps/liballoc-c68a4ab3c84776d3.rlib --extern ax_feat=/private/tmp/host-starryos-aligned-j1-target-20260530T171000-native-j1/aarch64-unknown-none-softfloat/release/deps/libax_feat-9e06dc371d6f4f7e.rlib --extern noprelude,nounused:compiler_builtins=/private/tmp/host-starryos-aligned-j1-target-20260530T171000-native-j1/aarch64-unknown-none-softfloat/release/deps/libcompiler_builtins-fadd5bc9339268c7.rlib --extern noprelude,nounused:core=/private/tmp/host-starryos-aligned-j1-target-20260530T171000-native-j1/aarch64-unknown-none-softfloat/release/deps/libcore-24028a52cfebc9af.rlib --extern starry_kernel=/private/tmp/host-starryos-aligned-j1-target-20260530T171000-native-j1/aarch64-unknown-none-softfloat/release/deps/libstarry_kernel-a4f3e83f09ca1fac.rlib -Z unstable-options -Clink-arg=-Tlinker.x -Clink-arg=-no-pie -Clink-arg=-znostart-stop-gc -L /private/tmp/host-starryos-aligned-j1-target-20260530T171000-native-j1/aarch64-unknown-none-softfloat/release/build/ax-hal-79fb33ffe0d58464/out -C link-arg=-T/private/tmp/host-starryos-aligned-j1-target-20260530T171000-native-j1/aarch64-unknown-none-softfloat/release/build/starryos-2201b20dad5b4a0e/out/ext_linker.ld"
1780132289.989,98.152,84.989,68902,99.00,0.99,12.38,5,1,1,0,99.00,"/Users/txc/.rustup/toolchains/nightly-2026-04-27-aarch64-apple-darwin/bin/rustc --crate-name starryos --edition=2024 os/StarryOS/starryos/src/main.rs --error-format=json --json=diagnostic-rendered-ansi,artifacts,future-incompat --crate-type bin --emit=dep-info,link -C opt-level=3 -C lto --cfg feature=""cntv-timer"" --cfg feature=""default"" --cfg feature=""gic-v3"" --cfg feature=""qemu"" --cfg feature=""smp"" --check-cfg cfg(docsrs,test) --check-cfg cfg(feature, values(""aarch64-hvf"", ""ax-plat-riscv64-sg2002"", ""cntv-timer"", ""default"", ""gic-v3"", ""kcov"", ""qemu"", ""rknpu"", ""sg2002"", ""smp"", ""vf2"")) -C metadata=7d3ff157ef5e487e -C extra-filename=-1514660e26da4623 --out-dir /private/tmp/host-starryos-aligned-j1-target-20260530T171000-native-j1/aarch64-unknown-none-softfloat/release/deps --target aarch64-unknown-none-softfloat -C strip=debuginfo -L dependency=/private/tmp/host-starryos-aligned-j1-target-20260530T171000-native-j1/aarch64-unknown-none-softfloat/release/deps -L dependency=/private/tmp/host-starryos-aligned-j1-target-20260530T171000-native-j1/release/deps --extern noprelude,nounused:alloc=/private/tmp/host-starryos-aligned-j1-target-20260530T171000-native-j1/aarch64-unknown-none-softfloat/release/deps/liballoc-c68a4ab3c84776d3.rlib --extern ax_feat=/private/tmp/host-starryos-aligned-j1-target-20260530T171000-native-j1/aarch64-unknown-none-softfloat/release/deps/libax_feat-9e06dc371d6f4f7e.rlib --extern noprelude,nounused:compiler_builtins=/private/tmp/host-starryos-aligned-j1-target-20260530T171000-native-j1/aarch64-unknown-none-softfloat/release/deps/libcompiler_builtins-fadd5bc9339268c7.rlib --extern noprelude,nounused:core=/private/tmp/host-starryos-aligned-j1-target-20260530T171000-native-j1/aarch64-unknown-none-softfloat/release/deps/libcore-24028a52cfebc9af.rlib --extern starry_kernel=/private/tmp/host-starryos-aligned-j1-target-20260530T171000-native-j1/aarch64-unknown-none-softfloat/release/deps/libstarry_kernel-a4f3e83f09ca1fac.rlib -Z unstable-options -Clink-arg=-Tlinker.x -Clink-arg=-no-pie -Clink-arg=-znostart-stop-gc -L /private/tmp/host-starryos-aligned-j1-target-20260530T171000-native-j1/aarch64-unknown-none-softfloat/release/build/ax-hal-79fb33ffe0d58464/out -C link-arg=-T/private/tmp/host-starryos-aligned-j1-target-20260530T171000-native-j1/aarch64-unknown-none-softfloat/release/build/starryos-2201b20dad5b4a0e/out/ext_linker.ld"
1780132291.017,99.180,86.017,68902,99.00,0.99,12.38,5,1,1,0,99.00,"/Users/txc/.rustup/toolchains/nightly-2026-04-27-aarch64-apple-darwin/bin/rustc --crate-name starryos --edition=2024 os/StarryOS/starryos/src/main.rs --error-format=json --json=diagnostic-rendered-ansi,artifacts,future-incompat --crate-type bin --emit=dep-info,link -C opt-level=3 -C lto --cfg feature=""cntv-timer"" --cfg feature=""default"" --cfg feature=""gic-v3"" --cfg feature=""qemu"" --cfg feature=""smp"" --check-cfg cfg(docsrs,test) --check-cfg cfg(feature, values(""aarch64-hvf"", ""ax-plat-riscv64-sg2002"", ""cntv-timer"", ""default"", ""gic-v3"", ""kcov"", ""qemu"", ""rknpu"", ""sg2002"", ""smp"", ""vf2"")) -C metadata=7d3ff157ef5e487e -C extra-filename=-1514660e26da4623 --out-dir /private/tmp/host-starryos-aligned-j1-target-20260530T171000-native-j1/aarch64-unknown-none-softfloat/release/deps --target aarch64-unknown-none-softfloat -C strip=debuginfo -L dependency=/private/tmp/host-starryos-aligned-j1-target-20260530T171000-native-j1/aarch64-unknown-none-softfloat/release/deps -L dependency=/private/tmp/host-starryos-aligned-j1-target-20260530T171000-native-j1/release/deps --extern noprelude,nounused:alloc=/private/tmp/host-starryos-aligned-j1-target-20260530T171000-native-j1/aarch64-unknown-none-softfloat/release/deps/liballoc-c68a4ab3c84776d3.rlib --extern ax_feat=/private/tmp/host-starryos-aligned-j1-target-20260530T171000-native-j1/aarch64-unknown-none-softfloat/release/deps/libax_feat-9e06dc371d6f4f7e.rlib --extern noprelude,nounused:compiler_builtins=/private/tmp/host-starryos-aligned-j1-target-20260530T171000-native-j1/aarch64-unknown-none-softfloat/release/deps/libcompiler_builtins-fadd5bc9339268c7.rlib --extern noprelude,nounused:core=/private/tmp/host-starryos-aligned-j1-target-20260530T171000-native-j1/aarch64-unknown-none-softfloat/release/deps/libcore-24028a52cfebc9af.rlib --extern starry_kernel=/private/tmp/host-starryos-aligned-j1-target-20260530T171000-native-j1/aarch64-unknown-none-softfloat/release/deps/libstarry_kernel-a4f3e83f09ca1fac.rlib -Z unstable-options -Clink-arg=-Tlinker.x -Clink-arg=-no-pie -Clink-arg=-znostart-stop-gc -L /private/tmp/host-starryos-aligned-j1-target-20260530T171000-native-j1/aarch64-unknown-none-softfloat/release/build/ax-hal-79fb33ffe0d58464/out -C link-arg=-T/private/tmp/host-starryos-aligned-j1-target-20260530T171000-native-j1/aarch64-unknown-none-softfloat/release/build/starryos-2201b20dad5b4a0e/out/ext_linker.ld"
1780132292.048,100.211,87.048,68902,100.00,1.00,12.50,5,1,1,0,100.00,"/Users/txc/.rustup/toolchains/nightly-2026-04-27-aarch64-apple-darwin/bin/rustc --crate-name starryos --edition=2024 os/StarryOS/starryos/src/main.rs --error-format=json --json=diagnostic-rendered-ansi,artifacts,future-incompat --crate-type bin --emit=dep-info,link -C opt-level=3 -C lto --cfg feature=""cntv-timer"" --cfg feature=""default"" --cfg feature=""gic-v3"" --cfg feature=""qemu"" --cfg feature=""smp"" --check-cfg cfg(docsrs,test) --check-cfg cfg(feature, values(""aarch64-hvf"", ""ax-plat-riscv64-sg2002"", ""cntv-timer"", ""default"", ""gic-v3"", ""kcov"", ""qemu"", ""rknpu"", ""sg2002"", ""smp"", ""vf2"")) -C metadata=7d3ff157ef5e487e -C extra-filename=-1514660e26da4623 --out-dir /private/tmp/host-starryos-aligned-j1-target-20260530T171000-native-j1/aarch64-unknown-none-softfloat/release/deps --target aarch64-unknown-none-softfloat -C strip=debuginfo -L dependency=/private/tmp/host-starryos-aligned-j1-target-20260530T171000-native-j1/aarch64-unknown-none-softfloat/release/deps -L dependency=/private/tmp/host-starryos-aligned-j1-target-20260530T171000-native-j1/release/deps --extern noprelude,nounused:alloc=/private/tmp/host-starryos-aligned-j1-target-20260530T171000-native-j1/aarch64-unknown-none-softfloat/release/deps/liballoc-c68a4ab3c84776d3.rlib --extern ax_feat=/private/tmp/host-starryos-aligned-j1-target-20260530T171000-native-j1/aarch64-unknown-none-softfloat/release/deps/libax_feat-9e06dc371d6f4f7e.rlib --extern noprelude,nounused:compiler_builtins=/private/tmp/host-starryos-aligned-j1-target-20260530T171000-native-j1/aarch64-unknown-none-softfloat/release/deps/libcompiler_builtins-fadd5bc9339268c7.rlib --extern noprelude,nounused:core=/private/tmp/host-starryos-aligned-j1-target-20260530T171000-native-j1/aarch64-unknown-none-softfloat/release/deps/libcore-24028a52cfebc9af.rlib --extern starry_kernel=/private/tmp/host-starryos-aligned-j1-target-20260530T171000-native-j1/aarch64-unknown-none-softfloat/release/deps/libstarry_kernel-a4f3e83f09ca1fac.rlib -Z unstable-options -Clink-arg=-Tlinker.x -Clink-arg=-no-pie -Clink-arg=-znostart-stop-gc -L /private/tmp/host-starryos-aligned-j1-target-20260530T171000-native-j1/aarch64-unknown-none-softfloat/release/build/ax-hal-79fb33ffe0d58464/out -C link-arg=-T/private/tmp/host-starryos-aligned-j1-target-20260530T171000-native-j1/aarch64-unknown-none-softfloat/release/build/starryos-2201b20dad5b4a0e/out/ext_linker.ld"
1780132293.081,101.243,88.081,68902,99.10,0.99,12.39,5,1,1,0,99.10,"/Users/txc/.rustup/toolchains/nightly-2026-04-27-aarch64-apple-darwin/bin/rustc --crate-name starryos --edition=2024 os/StarryOS/starryos/src/main.rs --error-format=json --json=diagnostic-rendered-ansi,artifacts,future-incompat --crate-type bin --emit=dep-info,link -C opt-level=3 -C lto --cfg feature=""cntv-timer"" --cfg feature=""default"" --cfg feature=""gic-v3"" --cfg feature=""qemu"" --cfg feature=""smp"" --check-cfg cfg(docsrs,test) --check-cfg cfg(feature, values(""aarch64-hvf"", ""ax-plat-riscv64-sg2002"", ""cntv-timer"", ""default"", ""gic-v3"", ""kcov"", ""qemu"", ""rknpu"", ""sg2002"", ""smp"", ""vf2"")) -C metadata=7d3ff157ef5e487e -C extra-filename=-1514660e26da4623 --out-dir /private/tmp/host-starryos-aligned-j1-target-20260530T171000-native-j1/aarch64-unknown-none-softfloat/release/deps --target aarch64-unknown-none-softfloat -C strip=debuginfo -L dependency=/private/tmp/host-starryos-aligned-j1-target-20260530T171000-native-j1/aarch64-unknown-none-softfloat/release/deps -L dependency=/private/tmp/host-starryos-aligned-j1-target-20260530T171000-native-j1/release/deps --extern noprelude,nounused:alloc=/private/tmp/host-starryos-aligned-j1-target-20260530T171000-native-j1/aarch64-unknown-none-softfloat/release/deps/liballoc-c68a4ab3c84776d3.rlib --extern ax_feat=/private/tmp/host-starryos-aligned-j1-target-20260530T171000-native-j1/aarch64-unknown-none-softfloat/release/deps/libax_feat-9e06dc371d6f4f7e.rlib --extern noprelude,nounused:compiler_builtins=/private/tmp/host-starryos-aligned-j1-target-20260530T171000-native-j1/aarch64-unknown-none-softfloat/release/deps/libcompiler_builtins-fadd5bc9339268c7.rlib --extern noprelude,nounused:core=/private/tmp/host-starryos-aligned-j1-target-20260530T171000-native-j1/aarch64-unknown-none-softfloat/release/deps/libcore-24028a52cfebc9af.rlib --extern starry_kernel=/private/tmp/host-starryos-aligned-j1-target-20260530T171000-native-j1/aarch64-unknown-none-softfloat/release/deps/libstarry_kernel-a4f3e83f09ca1fac.rlib -Z unstable-options -Clink-arg=-Tlinker.x -Clink-arg=-no-pie -Clink-arg=-znostart-stop-gc -L /private/tmp/host-starryos-aligned-j1-target-20260530T171000-native-j1/aarch64-unknown-none-softfloat/release/build/ax-hal-79fb33ffe0d58464/out -C link-arg=-T/private/tmp/host-starryos-aligned-j1-target-20260530T171000-native-j1/aarch64-unknown-none-softfloat/release/build/starryos-2201b20dad5b4a0e/out/ext_linker.ld"
1780132294.111,102.274,89.111,68902,96.80,0.97,12.10,5,1,1,0,96.80,"/Users/txc/.rustup/toolchains/nightly-2026-04-27-aarch64-apple-darwin/bin/rustc --crate-name starryos --edition=2024 os/StarryOS/starryos/src/main.rs --error-format=json --json=diagnostic-rendered-ansi,artifacts,future-incompat --crate-type bin --emit=dep-info,link -C opt-level=3 -C lto --cfg feature=""cntv-timer"" --cfg feature=""default"" --cfg feature=""gic-v3"" --cfg feature=""qemu"" --cfg feature=""smp"" --check-cfg cfg(docsrs,test) --check-cfg cfg(feature, values(""aarch64-hvf"", ""ax-plat-riscv64-sg2002"", ""cntv-timer"", ""default"", ""gic-v3"", ""kcov"", ""qemu"", ""rknpu"", ""sg2002"", ""smp"", ""vf2"")) -C metadata=7d3ff157ef5e487e -C extra-filename=-1514660e26da4623 --out-dir /private/tmp/host-starryos-aligned-j1-target-20260530T171000-native-j1/aarch64-unknown-none-softfloat/release/deps --target aarch64-unknown-none-softfloat -C strip=debuginfo -L dependency=/private/tmp/host-starryos-aligned-j1-target-20260530T171000-native-j1/aarch64-unknown-none-softfloat/release/deps -L dependency=/private/tmp/host-starryos-aligned-j1-target-20260530T171000-native-j1/release/deps --extern noprelude,nounused:alloc=/private/tmp/host-starryos-aligned-j1-target-20260530T171000-native-j1/aarch64-unknown-none-softfloat/release/deps/liballoc-c68a4ab3c84776d3.rlib --extern ax_feat=/private/tmp/host-starryos-aligned-j1-target-20260530T171000-native-j1/aarch64-unknown-none-softfloat/release/deps/libax_feat-9e06dc371d6f4f7e.rlib --extern noprelude,nounused:compiler_builtins=/private/tmp/host-starryos-aligned-j1-target-20260530T171000-native-j1/aarch64-unknown-none-softfloat/release/deps/libcompiler_builtins-fadd5bc9339268c7.rlib --extern noprelude,nounused:core=/private/tmp/host-starryos-aligned-j1-target-20260530T171000-native-j1/aarch64-unknown-none-softfloat/release/deps/libcore-24028a52cfebc9af.rlib --extern starry_kernel=/private/tmp/host-starryos-aligned-j1-target-20260530T171000-native-j1/aarch64-unknown-none-softfloat/release/deps/libstarry_kernel-a4f3e83f09ca1fac.rlib -Z unstable-options -Clink-arg=-Tlinker.x -Clink-arg=-no-pie -Clink-arg=-znostart-stop-gc -L /private/tmp/host-starryos-aligned-j1-target-20260530T171000-native-j1/aarch64-unknown-none-softfloat/release/build/ax-hal-79fb33ffe0d58464/out -C link-arg=-T/private/tmp/host-starryos-aligned-j1-target-20260530T171000-native-j1/aarch64-unknown-none-softfloat/release/build/starryos-2201b20dad5b4a0e/out/ext_linker.ld"
1780132295.141,103.304,90.141,68902,99.10,0.99,12.39,5,1,1,0,99.10,"/Users/txc/.rustup/toolchains/nightly-2026-04-27-aarch64-apple-darwin/bin/rustc --crate-name starryos --edition=2024 os/StarryOS/starryos/src/main.rs --error-format=json --json=diagnostic-rendered-ansi,artifacts,future-incompat --crate-type bin --emit=dep-info,link -C opt-level=3 -C lto --cfg feature=""cntv-timer"" --cfg feature=""default"" --cfg feature=""gic-v3"" --cfg feature=""qemu"" --cfg feature=""smp"" --check-cfg cfg(docsrs,test) --check-cfg cfg(feature, values(""aarch64-hvf"", ""ax-plat-riscv64-sg2002"", ""cntv-timer"", ""default"", ""gic-v3"", ""kcov"", ""qemu"", ""rknpu"", ""sg2002"", ""smp"", ""vf2"")) -C metadata=7d3ff157ef5e487e -C extra-filename=-1514660e26da4623 --out-dir /private/tmp/host-starryos-aligned-j1-target-20260530T171000-native-j1/aarch64-unknown-none-softfloat/release/deps --target aarch64-unknown-none-softfloat -C strip=debuginfo -L dependency=/private/tmp/host-starryos-aligned-j1-target-20260530T171000-native-j1/aarch64-unknown-none-softfloat/release/deps -L dependency=/private/tmp/host-starryos-aligned-j1-target-20260530T171000-native-j1/release/deps --extern noprelude,nounused:alloc=/private/tmp/host-starryos-aligned-j1-target-20260530T171000-native-j1/aarch64-unknown-none-softfloat/release/deps/liballoc-c68a4ab3c84776d3.rlib --extern ax_feat=/private/tmp/host-starryos-aligned-j1-target-20260530T171000-native-j1/aarch64-unknown-none-softfloat/release/deps/libax_feat-9e06dc371d6f4f7e.rlib --extern noprelude,nounused:compiler_builtins=/private/tmp/host-starryos-aligned-j1-target-20260530T171000-native-j1/aarch64-unknown-none-softfloat/release/deps/libcompiler_builtins-fadd5bc9339268c7.rlib --extern noprelude,nounused:core=/private/tmp/host-starryos-aligned-j1-target-20260530T171000-native-j1/aarch64-unknown-none-softfloat/release/deps/libcore-24028a52cfebc9af.rlib --extern starry_kernel=/private/tmp/host-starryos-aligned-j1-target-20260530T171000-native-j1/aarch64-unknown-none-softfloat/release/deps/libstarry_kernel-a4f3e83f09ca1fac.rlib -Z unstable-options -Clink-arg=-Tlinker.x -Clink-arg=-no-pie -Clink-arg=-znostart-stop-gc -L /private/tmp/host-starryos-aligned-j1-target-20260530T171000-native-j1/aarch64-unknown-none-softfloat/release/build/ax-hal-79fb33ffe0d58464/out -C link-arg=-T/private/tmp/host-starryos-aligned-j1-target-20260530T171000-native-j1/aarch64-unknown-none-softfloat/release/build/starryos-2201b20dad5b4a0e/out/ext_linker.ld"
1780132296.172,104.335,91.172,68902,99.40,0.99,12.43,5,1,1,0,99.40,"/Users/txc/.rustup/toolchains/nightly-2026-04-27-aarch64-apple-darwin/bin/rustc --crate-name starryos --edition=2024 os/StarryOS/starryos/src/main.rs --error-format=json --json=diagnostic-rendered-ansi,artifacts,future-incompat --crate-type bin --emit=dep-info,link -C opt-level=3 -C lto --cfg feature=""cntv-timer"" --cfg feature=""default"" --cfg feature=""gic-v3"" --cfg feature=""qemu"" --cfg feature=""smp"" --check-cfg cfg(docsrs,test) --check-cfg cfg(feature, values(""aarch64-hvf"", ""ax-plat-riscv64-sg2002"", ""cntv-timer"", ""default"", ""gic-v3"", ""kcov"", ""qemu"", ""rknpu"", ""sg2002"", ""smp"", ""vf2"")) -C metadata=7d3ff157ef5e487e -C extra-filename=-1514660e26da4623 --out-dir /private/tmp/host-starryos-aligned-j1-target-20260530T171000-native-j1/aarch64-unknown-none-softfloat/release/deps --target aarch64-unknown-none-softfloat -C strip=debuginfo -L dependency=/private/tmp/host-starryos-aligned-j1-target-20260530T171000-native-j1/aarch64-unknown-none-softfloat/release/deps -L dependency=/private/tmp/host-starryos-aligned-j1-target-20260530T171000-native-j1/release/deps --extern noprelude,nounused:alloc=/private/tmp/host-starryos-aligned-j1-target-20260530T171000-native-j1/aarch64-unknown-none-softfloat/release/deps/liballoc-c68a4ab3c84776d3.rlib --extern ax_feat=/private/tmp/host-starryos-aligned-j1-target-20260530T171000-native-j1/aarch64-unknown-none-softfloat/release/deps/libax_feat-9e06dc371d6f4f7e.rlib --extern noprelude,nounused:compiler_builtins=/private/tmp/host-starryos-aligned-j1-target-20260530T171000-native-j1/aarch64-unknown-none-softfloat/release/deps/libcompiler_builtins-fadd5bc9339268c7.rlib --extern noprelude,nounused:core=/private/tmp/host-starryos-aligned-j1-target-20260530T171000-native-j1/aarch64-unknown-none-softfloat/release/deps/libcore-24028a52cfebc9af.rlib --extern starry_kernel=/private/tmp/host-starryos-aligned-j1-target-20260530T171000-native-j1/aarch64-unknown-none-softfloat/release/deps/libstarry_kernel-a4f3e83f09ca1fac.rlib -Z unstable-options -Clink-arg=-Tlinker.x -Clink-arg=-no-pie -Clink-arg=-znostart-stop-gc -L /private/tmp/host-starryos-aligned-j1-target-20260530T171000-native-j1/aarch64-unknown-none-softfloat/release/build/ax-hal-79fb33ffe0d58464/out -C link-arg=-T/private/tmp/host-starryos-aligned-j1-target-20260530T171000-native-j1/aarch64-unknown-none-softfloat/release/build/starryos-2201b20dad5b4a0e/out/ext_linker.ld"
1780132297.202,105.365,92.202,68902,100.00,1.00,12.50,5,1,1,0,100.00,"/Users/txc/.rustup/toolchains/nightly-2026-04-27-aarch64-apple-darwin/bin/rustc --crate-name starryos --edition=2024 os/StarryOS/starryos/src/main.rs --error-format=json --json=diagnostic-rendered-ansi,artifacts,future-incompat --crate-type bin --emit=dep-info,link -C opt-level=3 -C lto --cfg feature=""cntv-timer"" --cfg feature=""default"" --cfg feature=""gic-v3"" --cfg feature=""qemu"" --cfg feature=""smp"" --check-cfg cfg(docsrs,test) --check-cfg cfg(feature, values(""aarch64-hvf"", ""ax-plat-riscv64-sg2002"", ""cntv-timer"", ""default"", ""gic-v3"", ""kcov"", ""qemu"", ""rknpu"", ""sg2002"", ""smp"", ""vf2"")) -C metadata=7d3ff157ef5e487e -C extra-filename=-1514660e26da4623 --out-dir /private/tmp/host-starryos-aligned-j1-target-20260530T171000-native-j1/aarch64-unknown-none-softfloat/release/deps --target aarch64-unknown-none-softfloat -C strip=debuginfo -L dependency=/private/tmp/host-starryos-aligned-j1-target-20260530T171000-native-j1/aarch64-unknown-none-softfloat/release/deps -L dependency=/private/tmp/host-starryos-aligned-j1-target-20260530T171000-native-j1/release/deps --extern noprelude,nounused:alloc=/private/tmp/host-starryos-aligned-j1-target-20260530T171000-native-j1/aarch64-unknown-none-softfloat/release/deps/liballoc-c68a4ab3c84776d3.rlib --extern ax_feat=/private/tmp/host-starryos-aligned-j1-target-20260530T171000-native-j1/aarch64-unknown-none-softfloat/release/deps/libax_feat-9e06dc371d6f4f7e.rlib --extern noprelude,nounused:compiler_builtins=/private/tmp/host-starryos-aligned-j1-target-20260530T171000-native-j1/aarch64-unknown-none-softfloat/release/deps/libcompiler_builtins-fadd5bc9339268c7.rlib --extern noprelude,nounused:core=/private/tmp/host-starryos-aligned-j1-target-20260530T171000-native-j1/aarch64-unknown-none-softfloat/release/deps/libcore-24028a52cfebc9af.rlib --extern starry_kernel=/private/tmp/host-starryos-aligned-j1-target-20260530T171000-native-j1/aarch64-unknown-none-softfloat/release/deps/libstarry_kernel-a4f3e83f09ca1fac.rlib -Z unstable-options -Clink-arg=-Tlinker.x -Clink-arg=-no-pie -Clink-arg=-znostart-stop-gc -L /private/tmp/host-starryos-aligned-j1-target-20260530T171000-native-j1/aarch64-unknown-none-softfloat/release/build/ax-hal-79fb33ffe0d58464/out -C link-arg=-T/private/tmp/host-starryos-aligned-j1-target-20260530T171000-native-j1/aarch64-unknown-none-softfloat/release/build/starryos-2201b20dad5b4a0e/out/ext_linker.ld"
1780132298.230,106.393,93.230,68902,99.20,0.99,12.40,5,1,1,0,99.20,"/Users/txc/.rustup/toolchains/nightly-2026-04-27-aarch64-apple-darwin/bin/rustc --crate-name starryos --edition=2024 os/StarryOS/starryos/src/main.rs --error-format=json --json=diagnostic-rendered-ansi,artifacts,future-incompat --crate-type bin --emit=dep-info,link -C opt-level=3 -C lto --cfg feature=""cntv-timer"" --cfg feature=""default"" --cfg feature=""gic-v3"" --cfg feature=""qemu"" --cfg feature=""smp"" --check-cfg cfg(docsrs,test) --check-cfg cfg(feature, values(""aarch64-hvf"", ""ax-plat-riscv64-sg2002"", ""cntv-timer"", ""default"", ""gic-v3"", ""kcov"", ""qemu"", ""rknpu"", ""sg2002"", ""smp"", ""vf2"")) -C metadata=7d3ff157ef5e487e -C extra-filename=-1514660e26da4623 --out-dir /private/tmp/host-starryos-aligned-j1-target-20260530T171000-native-j1/aarch64-unknown-none-softfloat/release/deps --target aarch64-unknown-none-softfloat -C strip=debuginfo -L dependency=/private/tmp/host-starryos-aligned-j1-target-20260530T171000-native-j1/aarch64-unknown-none-softfloat/release/deps -L dependency=/private/tmp/host-starryos-aligned-j1-target-20260530T171000-native-j1/release/deps --extern noprelude,nounused:alloc=/private/tmp/host-starryos-aligned-j1-target-20260530T171000-native-j1/aarch64-unknown-none-softfloat/release/deps/liballoc-c68a4ab3c84776d3.rlib --extern ax_feat=/private/tmp/host-starryos-aligned-j1-target-20260530T171000-native-j1/aarch64-unknown-none-softfloat/release/deps/libax_feat-9e06dc371d6f4f7e.rlib --extern noprelude,nounused:compiler_builtins=/private/tmp/host-starryos-aligned-j1-target-20260530T171000-native-j1/aarch64-unknown-none-softfloat/release/deps/libcompiler_builtins-fadd5bc9339268c7.rlib --extern noprelude,nounused:core=/private/tmp/host-starryos-aligned-j1-target-20260530T171000-native-j1/aarch64-unknown-none-softfloat/release/deps/libcore-24028a52cfebc9af.rlib --extern starry_kernel=/private/tmp/host-starryos-aligned-j1-target-20260530T171000-native-j1/aarch64-unknown-none-softfloat/release/deps/libstarry_kernel-a4f3e83f09ca1fac.rlib -Z unstable-options -Clink-arg=-Tlinker.x -Clink-arg=-no-pie -Clink-arg=-znostart-stop-gc -L /private/tmp/host-starryos-aligned-j1-target-20260530T171000-native-j1/aarch64-unknown-none-softfloat/release/build/ax-hal-79fb33ffe0d58464/out -C link-arg=-T/private/tmp/host-starryos-aligned-j1-target-20260530T171000-native-j1/aarch64-unknown-none-softfloat/release/build/starryos-2201b20dad5b4a0e/out/ext_linker.ld"
1780132299.260,107.423,94.260,68902,99.70,1.00,12.46,5,1,1,0,99.70,"/Users/txc/.rustup/toolchains/nightly-2026-04-27-aarch64-apple-darwin/bin/rustc --crate-name starryos --edition=2024 os/StarryOS/starryos/src/main.rs --error-format=json --json=diagnostic-rendered-ansi,artifacts,future-incompat --crate-type bin --emit=dep-info,link -C opt-level=3 -C lto --cfg feature=""cntv-timer"" --cfg feature=""default"" --cfg feature=""gic-v3"" --cfg feature=""qemu"" --cfg feature=""smp"" --check-cfg cfg(docsrs,test) --check-cfg cfg(feature, values(""aarch64-hvf"", ""ax-plat-riscv64-sg2002"", ""cntv-timer"", ""default"", ""gic-v3"", ""kcov"", ""qemu"", ""rknpu"", ""sg2002"", ""smp"", ""vf2"")) -C metadata=7d3ff157ef5e487e -C extra-filename=-1514660e26da4623 --out-dir /private/tmp/host-starryos-aligned-j1-target-20260530T171000-native-j1/aarch64-unknown-none-softfloat/release/deps --target aarch64-unknown-none-softfloat -C strip=debuginfo -L dependency=/private/tmp/host-starryos-aligned-j1-target-20260530T171000-native-j1/aarch64-unknown-none-softfloat/release/deps -L dependency=/private/tmp/host-starryos-aligned-j1-target-20260530T171000-native-j1/release/deps --extern noprelude,nounused:alloc=/private/tmp/host-starryos-aligned-j1-target-20260530T171000-native-j1/aarch64-unknown-none-softfloat/release/deps/liballoc-c68a4ab3c84776d3.rlib --extern ax_feat=/private/tmp/host-starryos-aligned-j1-target-20260530T171000-native-j1/aarch64-unknown-none-softfloat/release/deps/libax_feat-9e06dc371d6f4f7e.rlib --extern noprelude,nounused:compiler_builtins=/private/tmp/host-starryos-aligned-j1-target-20260530T171000-native-j1/aarch64-unknown-none-softfloat/release/deps/libcompiler_builtins-fadd5bc9339268c7.rlib --extern noprelude,nounused:core=/private/tmp/host-starryos-aligned-j1-target-20260530T171000-native-j1/aarch64-unknown-none-softfloat/release/deps/libcore-24028a52cfebc9af.rlib --extern starry_kernel=/private/tmp/host-starryos-aligned-j1-target-20260530T171000-native-j1/aarch64-unknown-none-softfloat/release/deps/libstarry_kernel-a4f3e83f09ca1fac.rlib -Z unstable-options -Clink-arg=-Tlinker.x -Clink-arg=-no-pie -Clink-arg=-znostart-stop-gc -L /private/tmp/host-starryos-aligned-j1-target-20260530T171000-native-j1/aarch64-unknown-none-softfloat/release/build/ax-hal-79fb33ffe0d58464/out -C link-arg=-T/private/tmp/host-starryos-aligned-j1-target-20260530T171000-native-j1/aarch64-unknown-none-softfloat/release/build/starryos-2201b20dad5b4a0e/out/ext_linker.ld"
1780132300.291,108.454,95.291,68902,99.00,0.99,12.38,5,1,1,0,99.00,"/Users/txc/.rustup/toolchains/nightly-2026-04-27-aarch64-apple-darwin/bin/rustc --crate-name starryos --edition=2024 os/StarryOS/starryos/src/main.rs --error-format=json --json=diagnostic-rendered-ansi,artifacts,future-incompat --crate-type bin --emit=dep-info,link -C opt-level=3 -C lto --cfg feature=""cntv-timer"" --cfg feature=""default"" --cfg feature=""gic-v3"" --cfg feature=""qemu"" --cfg feature=""smp"" --check-cfg cfg(docsrs,test) --check-cfg cfg(feature, values(""aarch64-hvf"", ""ax-plat-riscv64-sg2002"", ""cntv-timer"", ""default"", ""gic-v3"", ""kcov"", ""qemu"", ""rknpu"", ""sg2002"", ""smp"", ""vf2"")) -C metadata=7d3ff157ef5e487e -C extra-filename=-1514660e26da4623 --out-dir /private/tmp/host-starryos-aligned-j1-target-20260530T171000-native-j1/aarch64-unknown-none-softfloat/release/deps --target aarch64-unknown-none-softfloat -C strip=debuginfo -L dependency=/private/tmp/host-starryos-aligned-j1-target-20260530T171000-native-j1/aarch64-unknown-none-softfloat/release/deps -L dependency=/private/tmp/host-starryos-aligned-j1-target-20260530T171000-native-j1/release/deps --extern noprelude,nounused:alloc=/private/tmp/host-starryos-aligned-j1-target-20260530T171000-native-j1/aarch64-unknown-none-softfloat/release/deps/liballoc-c68a4ab3c84776d3.rlib --extern ax_feat=/private/tmp/host-starryos-aligned-j1-target-20260530T171000-native-j1/aarch64-unknown-none-softfloat/release/deps/libax_feat-9e06dc371d6f4f7e.rlib --extern noprelude,nounused:compiler_builtins=/private/tmp/host-starryos-aligned-j1-target-20260530T171000-native-j1/aarch64-unknown-none-softfloat/release/deps/libcompiler_builtins-fadd5bc9339268c7.rlib --extern noprelude,nounused:core=/private/tmp/host-starryos-aligned-j1-target-20260530T171000-native-j1/aarch64-unknown-none-softfloat/release/deps/libcore-24028a52cfebc9af.rlib --extern starry_kernel=/private/tmp/host-starryos-aligned-j1-target-20260530T171000-native-j1/aarch64-unknown-none-softfloat/release/deps/libstarry_kernel-a4f3e83f09ca1fac.rlib -Z unstable-options -Clink-arg=-Tlinker.x -Clink-arg=-no-pie -Clink-arg=-znostart-stop-gc -L /private/tmp/host-starryos-aligned-j1-target-20260530T171000-native-j1/aarch64-unknown-none-softfloat/release/build/ax-hal-79fb33ffe0d58464/out -C link-arg=-T/private/tmp/host-starryos-aligned-j1-target-20260530T171000-native-j1/aarch64-unknown-none-softfloat/release/build/starryos-2201b20dad5b4a0e/out/ext_linker.ld"
1780132301.345,109.508,96.345,68902,0.00,0.00,0.00,0,0,0,0,0.00,
